Table,Determinant,Dependent
Teams,id,last
Teams,id,city
Teams,id,name
Teams,id,first
Teams,"first, id",name
Teams,"first, id",city
Teams,"first, id",last
Teams,"id, last",name
Teams,"id, last",city
Teams,"id, last",first
Teams,"id, name",last
Teams,"id, name",city
Teams,"id, name",first
Teams,"city, id",last
Teams,"city, id",name
Teams,"city, id",first
Teams,"first, id, last",name
Teams,"first, id, last",city
Teams,"first, id, name",city
Teams,"first, id, name",last
Teams,"city, first, id",name
Teams,"city, first, id",last
Teams,"city, first, name",last
Teams,"id, last, name",city
Teams,"id, last, name",first
Teams,"city, id, last",name
Teams,"city, id, last",first
Teams,"city, last, name",first
Teams,"city, id, name",last
Teams,"city, id, name",first
Teams,"first, id, last, name",city
Teams,"city, first, id, last",name
Teams,"city, first, id, name",last
Teams,"city, id, last, name",first
Players,id,throws
Players,id,dob
Players,id,firstname
Players,id,lastname
Players,id,bats
Players,"id, throws",dob
Players,"id, throws",lastname
Players,"id, throws",bats
Players,"id, throws",firstname
Players,"dob, id",lastname
Players,"dob, id",throws
Players,"dob, id",bats
Players,"dob, id",firstname
Players,"firstname, id",dob
Players,"firstname, id",throws
Players,"firstname, id",lastname
Players,"firstname, id",bats
Players,"id, lastname",dob
Players,"id, lastname",throws
Players,"id, lastname",bats
Players,"id, lastname",firstname
Players,"bats, id",dob
Players,"bats, id",throws
Players,"bats, id",lastname
Players,"bats, id",firstname
Players,"dob, firstname, throws",bats
Players,"dob, id, throws",lastname
Players,"dob, id, throws",bats
Players,"dob, id, throws",firstname
Players,"firstname, id, throws",dob
Players,"firstname, id, throws",lastname
Players,"firstname, id, throws",bats
Players,"id, lastname, throws",dob
Players,"id, lastname, throws",bats
Players,"id, lastname, throws",firstname
Players,"bats, id, throws",dob
Players,"bats, id, throws",lastname
Players,"bats, id, throws",firstname
Players,"dob, firstname, id",lastname
Players,"dob, firstname, id",throws
Players,"dob, firstname, id",bats
Players,"bats, dob, firstname",throws
Players,"dob, id, lastname",throws
Players,"dob, id, lastname",bats
Players,"dob, id, lastname",firstname
Players,"bats, dob, lastname",throws
Players,"bats, dob, id",lastname
Players,"bats, dob, id",throws
Players,"bats, dob, id",firstname
Players,"firstname, id, lastname",dob
Players,"firstname, id, lastname",throws
Players,"firstname, id, lastname",bats
Players,"bats, firstname, lastname",throws
Players,"bats, firstname, id",dob
Players,"bats, firstname, id",throws
Players,"bats, firstname, id",lastname
Players,"bats, id, lastname",dob
Players,"bats, id, lastname",throws
Players,"bats, id, lastname",firstname
Players,"dob, firstname, lastname, throws",bats
Players,"dob, firstname, id, throws",lastname
Players,"dob, firstname, id, throws",bats
Players,"dob, id, lastname, throws",bats
Players,"dob, id, lastname, throws",firstname
Players,"bats, dob, id, throws",lastname
Players,"bats, dob, id, throws",firstname
Players,"firstname, id, lastname, throws",dob
Players,"firstname, id, lastname, throws",bats
Players,"bats, firstname, id, throws",dob
Players,"bats, firstname, id, throws",lastname
Players,"bats, id, lastname, throws",dob
Players,"bats, id, lastname, throws",firstname
Players,"dob, firstname, id, lastname",throws
Players,"dob, firstname, id, lastname",bats
Players,"bats, dob, firstname, lastname",throws
Players,"bats, dob, firstname, id",lastname
Players,"bats, dob, firstname, id",throws
Players,"bats, dob, id, lastname",throws
Players,"bats, dob, id, lastname",firstname
Players,"bats, firstname, id, lastname",dob
Players,"bats, firstname, id, lastname",throws
Players,"dob, firstname, id, lastname, throws",bats
Players,"bats, dob, firstname, id, throws",lastname
Players,"bats, dob, id, lastname, throws",firstname
Players,"bats, firstname, id, lastname, throws",dob
Players,"bats, dob, firstname, id, lastname",throws
Ballparks,id,name
Ballparks,id,city
Ballparks,id,state
Ballparks,"city, name",state
Ballparks,"city, name",id
Ballparks,"id, name",city
Ballparks,"id, name",state
Ballparks,"city, id",name
Ballparks,"city, id",state
Ballparks,"id, state",name
Ballparks,"id, state",city
Ballparks,"city, name, state",id
Ballparks,"city, id, name",state
Ballparks,"id, name, state",city
Ballparks,"city, id, state",name
Games,id,winningpitcher
Games,id,attendance
Games,id,sv
Games,id,htbf
Games,id,hometeam
Games,id,location
Games,id,visteam
Games,id,usedh
Games,id,losingpitcher
Games,id,date
Games,"htbf, winningpitcher",attendance
Games,"htbf, winningpitcher",sv
Games,"htbf, winningpitcher",hometeam
Games,"htbf, winningpitcher",location
Games,"htbf, winningpitcher",visteam
Games,"htbf, winningpitcher",usedh
Games,"htbf, winningpitcher",id
Games,"htbf, winningpitcher",losingpitcher
Games,"htbf, winningpitcher",date
Games,"id, winningpitcher",attendance
Games,"id, winningpitcher",sv
Games,"id, winningpitcher",htbf
Games,"id, winningpitcher",hometeam
Games,"id, winningpitcher",location
Games,"id, winningpitcher",visteam
Games,"id, winningpitcher",usedh
Games,"id, winningpitcher",losingpitcher
Games,"id, winningpitcher",date
Games,"date, winningpitcher",attendance
Games,"date, winningpitcher",sv
Games,"date, winningpitcher",htbf
Games,"date, winningpitcher",hometeam
Games,"date, winningpitcher",location
Games,"date, winningpitcher",visteam
Games,"date, winningpitcher",usedh
Games,"date, winningpitcher",id
Games,"date, winningpitcher",losingpitcher
Games,"attendance, htbf",usedh
Games,"attendance, id",winningpitcher
Games,"attendance, id",sv
Games,"attendance, id",htbf
Games,"attendance, id",hometeam
Games,"attendance, id",location
Games,"attendance, id",visteam
Games,"attendance, id",usedh
Games,"attendance, id",losingpitcher
Games,"attendance, id",date
Games,"htbf, sv",attendance
Games,"htbf, sv",usedh
Games,"htbf, sv",visteam
Games,"id, sv",winningpitcher
Games,"id, sv",attendance
Games,"id, sv",htbf
Games,"id, sv",hometeam
Games,"id, sv",location
Games,"id, sv",visteam
Games,"id, sv",usedh
Games,"id, sv",losingpitcher
Games,"id, sv",date
Games,"htbf, location",hometeam
Games,"htbf, id",winningpitcher
Games,"htbf, id",attendance
Games,"htbf, id",sv
Games,"htbf, id",hometeam
Games,"htbf, id",location
Games,"htbf, id",visteam
Games,"htbf, id",usedh
Games,"htbf, id",losingpitcher
Games,"htbf, id",date
Games,"htbf, losingpitcher",winningpitcher
Games,"htbf, losingpitcher",attendance
Games,"htbf, losingpitcher",sv
Games,"htbf, losingpitcher",hometeam
Games,"htbf, losingpitcher",location
Games,"htbf, losingpitcher",visteam
Games,"htbf, losingpitcher",usedh
Games,"htbf, losingpitcher",id
Games,"htbf, losingpitcher",date
Games,"date, htbf",attendance
Games,"date, htbf",usedh
Games,"hometeam, id",winningpitcher
Games,"hometeam, id",attendance
Games,"hometeam, id",sv
Games,"hometeam, id",htbf
Games,"hometeam, id",location
Games,"hometeam, id",visteam
Games,"hometeam, id",usedh
Games,"hometeam, id",losingpitcher
Games,"hometeam, id",date
Games,"date, hometeam",location
Games,"date, hometeam",usedh
Games,"id, location",winningpitcher
Games,"id, location",attendance
Games,"id, location",sv
Games,"id, location",htbf
Games,"id, location",hometeam
Games,"id, location",visteam
Games,"id, location",usedh
Games,"id, location",losingpitcher
Games,"id, location",date
Games,"id, visteam",winningpitcher
Games,"id, visteam",attendance
Games,"id, visteam",sv
Games,"id, visteam",htbf
Games,"id, visteam",hometeam
Games,"id, visteam",location
Games,"id, visteam",usedh
Games,"id, visteam",losingpitcher
Games,"id, visteam",date
Games,"date, visteam",hometeam
Games,"date, visteam",location
Games,"date, visteam",usedh
Games,"id, usedh",winningpitcher
Games,"id, usedh",attendance
Games,"id, usedh",sv
Games,"id, usedh",htbf
Games,"id, usedh",hometeam
Games,"id, usedh",location
Games,"id, usedh",visteam
Games,"id, usedh",losingpitcher
Games,"id, usedh",date
Games,"id, losingpitcher",winningpitcher
Games,"id, losingpitcher",attendance
Games,"id, losingpitcher",sv
Games,"id, losingpitcher",htbf
Games,"id, losingpitcher",hometeam
Games,"id, losingpitcher",location
Games,"id, losingpitcher",visteam
Games,"id, losingpitcher",usedh
Games,"id, losingpitcher",date
Games,"date, id",winningpitcher
Games,"date, id",attendance
Games,"date, id",sv
Games,"date, id",htbf
Games,"date, id",hometeam
Games,"date, id",location
Games,"date, id",visteam
Games,"date, id",usedh
Games,"date, id",losingpitcher
Games,"date, losingpitcher",winningpitcher
Games,"date, losingpitcher",attendance
Games,"date, losingpitcher",sv
Games,"date, losingpitcher",htbf
Games,"date, losingpitcher",hometeam
Games,"date, losingpitcher",location
Games,"date, losingpitcher",visteam
Games,"date, losingpitcher",usedh
Games,"date, losingpitcher",id
Games,"attendance, htbf, winningpitcher",sv
Games,"attendance, htbf, winningpitcher",hometeam
Games,"attendance, htbf, winningpitcher",location
Games,"attendance, htbf, winningpitcher",visteam
Games,"attendance, htbf, winningpitcher",usedh
Games,"attendance, htbf, winningpitcher",id
Games,"attendance, htbf, winningpitcher",losingpitcher
Games,"attendance, htbf, winningpitcher",date
Games,"attendance, id, winningpitcher",sv
Games,"attendance, id, winningpitcher",htbf
Games,"attendance, id, winningpitcher",hometeam
Games,"attendance, id, winningpitcher",location
Games,"attendance, id, winningpitcher",visteam
Games,"attendance, id, winningpitcher",usedh
Games,"attendance, id, winningpitcher",losingpitcher
Games,"attendance, id, winningpitcher",date
Games,"attendance, date, winningpitcher",sv
Games,"attendance, date, winningpitcher",htbf
Games,"attendance, date, winningpitcher",hometeam
Games,"attendance, date, winningpitcher",location
Games,"attendance, date, winningpitcher",visteam
Games,"attendance, date, winningpitcher",usedh
Games,"attendance, date, winningpitcher",id
Games,"attendance, date, winningpitcher",losingpitcher
Games,"htbf, sv, winningpitcher",attendance
Games,"htbf, sv, winningpitcher",hometeam
Games,"htbf, sv, winningpitcher",location
Games,"htbf, sv, winningpitcher",visteam
Games,"htbf, sv, winningpitcher",usedh
Games,"htbf, sv, winningpitcher",id
Games,"htbf, sv, winningpitcher",losingpitcher
Games,"htbf, sv, winningpitcher",date
Games,"id, sv, winningpitcher",attendance
Games,"id, sv, winningpitcher",htbf
Games,"id, sv, winningpitcher",hometeam
Games,"id, sv, winningpitcher",location
Games,"id, sv, winningpitcher",visteam
Games,"id, sv, winningpitcher",usedh
Games,"id, sv, winningpitcher",losingpitcher
Games,"id, sv, winningpitcher",date
Games,"losingpitcher, sv, winningpitcher",attendance
Games,"losingpitcher, sv, winningpitcher",htbf
Games,"losingpitcher, sv, winningpitcher",hometeam
Games,"losingpitcher, sv, winningpitcher",location
Games,"losingpitcher, sv, winningpitcher",visteam
Games,"losingpitcher, sv, winningpitcher",usedh
Games,"losingpitcher, sv, winningpitcher",id
Games,"losingpitcher, sv, winningpitcher",date
Games,"date, sv, winningpitcher",attendance
Games,"date, sv, winningpitcher",htbf
Games,"date, sv, winningpitcher",hometeam
Games,"date, sv, winningpitcher",location
Games,"date, sv, winningpitcher",visteam
Games,"date, sv, winningpitcher",usedh
Games,"date, sv, winningpitcher",id
Games,"date, sv, winningpitcher",losingpitcher
Games,"hometeam, htbf, winningpitcher",attendance
Games,"hometeam, htbf, winningpitcher",sv
Games,"hometeam, htbf, winningpitcher",location
Games,"hometeam, htbf, winningpitcher",visteam
Games,"hometeam, htbf, winningpitcher",usedh
Games,"hometeam, htbf, winningpitcher",id
Games,"hometeam, htbf, winningpitcher",losingpitcher
Games,"hometeam, htbf, winningpitcher",date
Games,"htbf, location, winningpitcher",attendance
Games,"htbf, location, winningpitcher",sv
Games,"htbf, location, winningpitcher",hometeam
Games,"htbf, location, winningpitcher",visteam
Games,"htbf, location, winningpitcher",usedh
Games,"htbf, location, winningpitcher",id
Games,"htbf, location, winningpitcher",losingpitcher
Games,"htbf, location, winningpitcher",date
Games,"htbf, visteam, winningpitcher",attendance
Games,"htbf, visteam, winningpitcher",sv
Games,"htbf, visteam, winningpitcher",hometeam
Games,"htbf, visteam, winningpitcher",location
Games,"htbf, visteam, winningpitcher",usedh
Games,"htbf, visteam, winningpitcher",id
Games,"htbf, visteam, winningpitcher",losingpitcher
Games,"htbf, visteam, winningpitcher",date
Games,"htbf, usedh, winningpitcher",attendance
Games,"htbf, usedh, winningpitcher",sv
Games,"htbf, usedh, winningpitcher",hometeam
Games,"htbf, usedh, winningpitcher",location
Games,"htbf, usedh, winningpitcher",visteam
Games,"htbf, usedh, winningpitcher",id
Games,"htbf, usedh, winningpitcher",losingpitcher
Games,"htbf, usedh, winningpitcher",date
Games,"htbf, id, winningpitcher",attendance
Games,"htbf, id, winningpitcher",sv
Games,"htbf, id, winningpitcher",hometeam
Games,"htbf, id, winningpitcher",location
Games,"htbf, id, winningpitcher",visteam
Games,"htbf, id, winningpitcher",usedh
Games,"htbf, id, winningpitcher",losingpitcher
Games,"htbf, id, winningpitcher",date
Games,"htbf, losingpitcher, winningpitcher",attendance
Games,"htbf, losingpitcher, winningpitcher",sv
Games,"htbf, losingpitcher, winningpitcher",hometeam
Games,"htbf, losingpitcher, winningpitcher",location
Games,"htbf, losingpitcher, winningpitcher",visteam
Games,"htbf, losingpitcher, winningpitcher",usedh
Games,"htbf, losingpitcher, winningpitcher",id
Games,"htbf, losingpitcher, winningpitcher",date
Games,"date, htbf, winningpitcher",attendance
Games,"date, htbf, winningpitcher",sv
Games,"date, htbf, winningpitcher",hometeam
Games,"date, htbf, winningpitcher",location
Games,"date, htbf, winningpitcher",visteam
Games,"date, htbf, winningpitcher",usedh
Games,"date, htbf, winningpitcher",id
Games,"date, htbf, winningpitcher",losingpitcher
Games,"hometeam, id, winningpitcher",attendance
Games,"hometeam, id, winningpitcher",sv
Games,"hometeam, id, winningpitcher",htbf
Games,"hometeam, id, winningpitcher",location
Games,"hometeam, id, winningpitcher",visteam
Games,"hometeam, id, winningpitcher",usedh
Games,"hometeam, id, winningpitcher",losingpitcher
Games,"hometeam, id, winningpitcher",date
Games,"date, hometeam, winningpitcher",attendance
Games,"date, hometeam, winningpitcher",sv
Games,"date, hometeam, winningpitcher",htbf
Games,"date, hometeam, winningpitcher",location
Games,"date, hometeam, winningpitcher",visteam
Games,"date, hometeam, winningpitcher",usedh
Games,"date, hometeam, winningpitcher",id
Games,"date, hometeam, winningpitcher",losingpitcher
Games,"id, location, winningpitcher",attendance
Games,"id, location, winningpitcher",sv
Games,"id, location, winningpitcher",htbf
Games,"id, location, winningpitcher",hometeam
Games,"id, location, winningpitcher",visteam
Games,"id, location, winningpitcher",usedh
Games,"id, location, winningpitcher",losingpitcher
Games,"id, location, winningpitcher",date
Games,"date, location, winningpitcher",attendance
Games,"date, location, winningpitcher",sv
Games,"date, location, winningpitcher",htbf
Games,"date, location, winningpitcher",hometeam
Games,"date, location, winningpitcher",visteam
Games,"date, location, winningpitcher",usedh
Games,"date, location, winningpitcher",id
Games,"date, location, winningpitcher",losingpitcher
Games,"id, visteam, winningpitcher",attendance
Games,"id, visteam, winningpitcher",sv
Games,"id, visteam, winningpitcher",htbf
Games,"id, visteam, winningpitcher",hometeam
Games,"id, visteam, winningpitcher",location
Games,"id, visteam, winningpitcher",usedh
Games,"id, visteam, winningpitcher",losingpitcher
Games,"id, visteam, winningpitcher",date
Games,"date, visteam, winningpitcher",attendance
Games,"date, visteam, winningpitcher",sv
Games,"date, visteam, winningpitcher",htbf
Games,"date, visteam, winningpitcher",hometeam
Games,"date, visteam, winningpitcher",location
Games,"date, visteam, winningpitcher",usedh
Games,"date, visteam, winningpitcher",id
Games,"date, visteam, winningpitcher",losingpitcher
Games,"id, usedh, winningpitcher",attendance
Games,"id, usedh, winningpitcher",sv
Games,"id, usedh, winningpitcher",htbf
Games,"id, usedh, winningpitcher",hometeam
Games,"id, usedh, winningpitcher",location
Games,"id, usedh, winningpitcher",visteam
Games,"id, usedh, winningpitcher",losingpitcher
Games,"id, usedh, winningpitcher",date
Games,"date, usedh, winningpitcher",attendance
Games,"date, usedh, winningpitcher",sv
Games,"date, usedh, winningpitcher",htbf
Games,"date, usedh, winningpitcher",hometeam
Games,"date, usedh, winningpitcher",location
Games,"date, usedh, winningpitcher",visteam
Games,"date, usedh, winningpitcher",id
Games,"date, usedh, winningpitcher",losingpitcher
Games,"id, losingpitcher, winningpitcher",attendance
Games,"id, losingpitcher, winningpitcher",sv
Games,"id, losingpitcher, winningpitcher",htbf
Games,"id, losingpitcher, winningpitcher",hometeam
Games,"id, losingpitcher, winningpitcher",location
Games,"id, losingpitcher, winningpitcher",visteam
Games,"id, losingpitcher, winningpitcher",usedh
Games,"id, losingpitcher, winningpitcher",date
Games,"date, id, winningpitcher",attendance
Games,"date, id, winningpitcher",sv
Games,"date, id, winningpitcher",htbf
Games,"date, id, winningpitcher",hometeam
Games,"date, id, winningpitcher",location
Games,"date, id, winningpitcher",visteam
Games,"date, id, winningpitcher",usedh
Games,"date, id, winningpitcher",losingpitcher
Games,"date, losingpitcher, winningpitcher",attendance
Games,"date, losingpitcher, winningpitcher",sv
Games,"date, losingpitcher, winningpitcher",htbf
Games,"date, losingpitcher, winningpitcher",hometeam
Games,"date, losingpitcher, winningpitcher",location
Games,"date, losingpitcher, winningpitcher",visteam
Games,"date, losingpitcher, winningpitcher",usedh
Games,"date, losingpitcher, winningpitcher",id
Games,"attendance, htbf, sv",visteam
Games,"attendance, htbf, sv",usedh
Games,"attendance, id, sv",winningpitcher
Games,"attendance, id, sv",htbf
Games,"attendance, id, sv",hometeam
Games,"attendance, id, sv",location
Games,"attendance, id, sv",visteam
Games,"attendance, id, sv",usedh
Games,"attendance, id, sv",losingpitcher
Games,"attendance, id, sv",date
Games,"attendance, losingpitcher, sv",winningpitcher
Games,"attendance, losingpitcher, sv",htbf
Games,"attendance, losingpitcher, sv",hometeam
Games,"attendance, losingpitcher, sv",location
Games,"attendance, losingpitcher, sv",visteam
Games,"attendance, losingpitcher, sv",usedh
Games,"attendance, losingpitcher, sv",id
Games,"attendance, losingpitcher, sv",date
Games,"attendance, date, sv",winningpitcher
Games,"attendance, date, sv",htbf
Games,"attendance, date, sv",hometeam
Games,"attendance, date, sv",location
Games,"attendance, date, sv",visteam
Games,"attendance, date, sv",usedh
Games,"attendance, date, sv",id
Games,"attendance, date, sv",losingpitcher
Games,"attendance, hometeam, htbf",location
Games,"attendance, hometeam, htbf",usedh
Games,"attendance, htbf, location",hometeam
Games,"attendance, htbf, location",usedh
Games,"attendance, htbf, visteam",usedh
Games,"attendance, htbf, id",winningpitcher
Games,"attendance, htbf, id",sv
Games,"attendance, htbf, id",hometeam
Games,"attendance, htbf, id",location
Games,"attendance, htbf, id",visteam
Games,"attendance, htbf, id",usedh
Games,"attendance, htbf, id",losingpitcher
Games,"attendance, htbf, id",date
Games,"attendance, htbf, losingpitcher",winningpitcher
Games,"attendance, htbf, losingpitcher",sv
Games,"attendance, htbf, losingpitcher",hometeam
Games,"attendance, htbf, losingpitcher",location
Games,"attendance, htbf, losingpitcher",visteam
Games,"attendance, htbf, losingpitcher",usedh
Games,"attendance, htbf, losingpitcher",id
Games,"attendance, htbf, losingpitcher",date
Games,"attendance, date, htbf",usedh
Games,"attendance, hometeam, id",winningpitcher
Games,"attendance, hometeam, id",sv
Games,"attendance, hometeam, id",htbf
Games,"attendance, hometeam, id",location
Games,"attendance, hometeam, id",visteam
Games,"attendance, hometeam, id",usedh
Games,"attendance, hometeam, id",losingpitcher
Games,"attendance, hometeam, id",date
Games,"attendance, date, hometeam",location
Games,"attendance, date, hometeam",usedh
Games,"attendance, date, hometeam",visteam
Games,"attendance, id, location",winningpitcher
Games,"attendance, id, location",sv
Games,"attendance, id, location",htbf
Games,"attendance, id, location",hometeam
Games,"attendance, id, location",visteam
Games,"attendance, id, location",usedh
Games,"attendance, id, location",losingpitcher
Games,"attendance, id, location",date
Games,"attendance, date, location",hometeam
Games,"attendance, date, location",visteam
Games,"attendance, date, location",usedh
Games,"attendance, id, visteam",winningpitcher
Games,"attendance, id, visteam",sv
Games,"attendance, id, visteam",htbf
Games,"attendance, id, visteam",hometeam
Games,"attendance, id, visteam",location
Games,"attendance, id, visteam",usedh
Games,"attendance, id, visteam",losingpitcher
Games,"attendance, id, visteam",date
Games,"attendance, date, visteam",hometeam
Games,"attendance, date, visteam",location
Games,"attendance, date, visteam",usedh
Games,"attendance, id, usedh",winningpitcher
Games,"attendance, id, usedh",sv
Games,"attendance, id, usedh",htbf
Games,"attendance, id, usedh",hometeam
Games,"attendance, id, usedh",location
Games,"attendance, id, usedh",visteam
Games,"attendance, id, usedh",losingpitcher
Games,"attendance, id, usedh",date
Games,"attendance, id, losingpitcher",winningpitcher
Games,"attendance, id, losingpitcher",sv
Games,"attendance, id, losingpitcher",htbf
Games,"attendance, id, losingpitcher",hometeam
Games,"attendance, id, losingpitcher",location
Games,"attendance, id, losingpitcher",visteam
Games,"attendance, id, losingpitcher",usedh
Games,"attendance, id, losingpitcher",date
Games,"attendance, date, id",winningpitcher
Games,"attendance, date, id",sv
Games,"attendance, date, id",htbf
Games,"attendance, date, id",hometeam
Games,"attendance, date, id",location
Games,"attendance, date, id",visteam
Games,"attendance, date, id",usedh
Games,"attendance, date, id",losingpitcher
Games,"attendance, date, losingpitcher",winningpitcher
Games,"attendance, date, losingpitcher",sv
Games,"attendance, date, losingpitcher",htbf
Games,"attendance, date, losingpitcher",hometeam
Games,"attendance, date, losingpitcher",location
Games,"attendance, date, losingpitcher",visteam
Games,"attendance, date, losingpitcher",usedh
Games,"attendance, date, losingpitcher",id
Games,"hometeam, htbf, sv",winningpitcher
Games,"hometeam, htbf, sv",attendance
Games,"hometeam, htbf, sv",location
Games,"hometeam, htbf, sv",visteam
Games,"hometeam, htbf, sv",usedh
Games,"hometeam, htbf, sv",id
Games,"hometeam, htbf, sv",losingpitcher
Games,"hometeam, htbf, sv",date
Games,"htbf, location, sv",winningpitcher
Games,"htbf, location, sv",attendance
Games,"htbf, location, sv",hometeam
Games,"htbf, location, sv",visteam
Games,"htbf, location, sv",usedh
Games,"htbf, location, sv",id
Games,"htbf, location, sv",losingpitcher
Games,"htbf, location, sv",date
Games,"htbf, sv, visteam",attendance
Games,"htbf, sv, visteam",usedh
Games,"htbf, sv, usedh",attendance
Games,"htbf, sv, usedh",visteam
Games,"htbf, id, sv",winningpitcher
Games,"htbf, id, sv",attendance
Games,"htbf, id, sv",hometeam
Games,"htbf, id, sv",visteam
Games,"htbf, id, sv",location
Games,"htbf, id, sv",usedh
Games,"htbf, id, sv",losingpitcher
Games,"htbf, id, sv",date
Games,"htbf, losingpitcher, sv",winningpitcher
Games,"htbf, losingpitcher, sv",attendance
Games,"htbf, losingpitcher, sv",hometeam
Games,"htbf, losingpitcher, sv",visteam
Games,"htbf, losingpitcher, sv",location
Games,"htbf, losingpitcher, sv",usedh
Games,"htbf, losingpitcher, sv",id
Games,"htbf, losingpitcher, sv",date
Games,"date, htbf, sv",winningpitcher
Games,"date, htbf, sv",attendance
Games,"date, htbf, sv",hometeam
Games,"date, htbf, sv",visteam
Games,"date, htbf, sv",location
Games,"date, htbf, sv",usedh
Games,"date, htbf, sv",id
Games,"date, htbf, sv",losingpitcher
Games,"hometeam, id, sv",winningpitcher
Games,"hometeam, id, sv",attendance
Games,"hometeam, id, sv",htbf
Games,"hometeam, id, sv",location
Games,"hometeam, id, sv",visteam
Games,"hometeam, id, sv",usedh
Games,"hometeam, id, sv",losingpitcher
Games,"hometeam, id, sv",date
Games,"hometeam, losingpitcher, sv",winningpitcher
Games,"hometeam, losingpitcher, sv",attendance
Games,"hometeam, losingpitcher, sv",htbf
Games,"hometeam, losingpitcher, sv",location
Games,"hometeam, losingpitcher, sv",visteam
Games,"hometeam, losingpitcher, sv",usedh
Games,"hometeam, losingpitcher, sv",id
Games,"hometeam, losingpitcher, sv",date
Games,"date, hometeam, sv",location
Games,"date, hometeam, sv",usedh
Games,"date, hometeam, sv",visteam
Games,"id, location, sv",winningpitcher
Games,"id, location, sv",attendance
Games,"id, location, sv",htbf
Games,"id, location, sv",hometeam
Games,"id, location, sv",visteam
Games,"id, location, sv",usedh
Games,"id, location, sv",losingpitcher
Games,"id, location, sv",date
Games,"location, losingpitcher, sv",winningpitcher
Games,"location, losingpitcher, sv",attendance
Games,"location, losingpitcher, sv",htbf
Games,"location, losingpitcher, sv",hometeam
Games,"location, losingpitcher, sv",visteam
Games,"location, losingpitcher, sv",usedh
Games,"location, losingpitcher, sv",id
Games,"location, losingpitcher, sv",date
Games,"date, location, sv",hometeam
Games,"date, location, sv",visteam
Games,"date, location, sv",usedh
Games,"id, sv, visteam",winningpitcher
Games,"id, sv, visteam",attendance
Games,"id, sv, visteam",htbf
Games,"id, sv, visteam",hometeam
Games,"id, sv, visteam",location
Games,"id, sv, visteam",usedh
Games,"id, sv, visteam",losingpitcher
Games,"id, sv, visteam",date
Games,"losingpitcher, sv, visteam",winningpitcher
Games,"losingpitcher, sv, visteam",attendance
Games,"losingpitcher, sv, visteam",htbf
Games,"losingpitcher, sv, visteam",hometeam
Games,"losingpitcher, sv, visteam",location
Games,"losingpitcher, sv, visteam",usedh
Games,"losingpitcher, sv, visteam",id
Games,"losingpitcher, sv, visteam",date
Games,"date, sv, visteam",hometeam
Games,"date, sv, visteam",location
Games,"date, sv, visteam",usedh
Games,"id, sv, usedh",winningpitcher
Games,"id, sv, usedh",attendance
Games,"id, sv, usedh",htbf
Games,"id, sv, usedh",hometeam
Games,"id, sv, usedh",location
Games,"id, sv, usedh",visteam
Games,"id, sv, usedh",losingpitcher
Games,"id, sv, usedh",date
Games,"date, sv, usedh",hometeam
Games,"date, sv, usedh",location
Games,"date, sv, usedh",visteam
Games,"id, losingpitcher, sv",winningpitcher
Games,"id, losingpitcher, sv",attendance
Games,"id, losingpitcher, sv",htbf
Games,"id, losingpitcher, sv",hometeam
Games,"id, losingpitcher, sv",location
Games,"id, losingpitcher, sv",visteam
Games,"id, losingpitcher, sv",usedh
Games,"id, losingpitcher, sv",date
Games,"date, id, sv",winningpitcher
Games,"date, id, sv",attendance
Games,"date, id, sv",htbf
Games,"date, id, sv",hometeam
Games,"date, id, sv",location
Games,"date, id, sv",visteam
Games,"date, id, sv",usedh
Games,"date, id, sv",losingpitcher
Games,"date, losingpitcher, sv",winningpitcher
Games,"date, losingpitcher, sv",attendance
Games,"date, losingpitcher, sv",htbf
Games,"date, losingpitcher, sv",hometeam
Games,"date, losingpitcher, sv",location
Games,"date, losingpitcher, sv",visteam
Games,"date, losingpitcher, sv",usedh
Games,"date, losingpitcher, sv",id
Games,"hometeam, htbf, visteam",location
Games,"hometeam, htbf, visteam",usedh
Games,"hometeam, htbf, usedh",location
Games,"hometeam, htbf, id",winningpitcher
Games,"hometeam, htbf, id",attendance
Games,"hometeam, htbf, id",sv
Games,"hometeam, htbf, id",location
Games,"hometeam, htbf, id",visteam
Games,"hometeam, htbf, id",usedh
Games,"hometeam, htbf, id",losingpitcher
Games,"hometeam, htbf, id",date
Games,"hometeam, htbf, losingpitcher",winningpitcher
Games,"hometeam, htbf, losingpitcher",attendance
Games,"hometeam, htbf, losingpitcher",sv
Games,"hometeam, htbf, losingpitcher",location
Games,"hometeam, htbf, losingpitcher",visteam
Games,"hometeam, htbf, losingpitcher",usedh
Games,"hometeam, htbf, losingpitcher",id
Games,"hometeam, htbf, losingpitcher",date
Games,"date, hometeam, htbf",winningpitcher
Games,"date, hometeam, htbf",attendance
Games,"date, hometeam, htbf",sv
Games,"date, hometeam, htbf",location
Games,"date, hometeam, htbf",visteam
Games,"date, hometeam, htbf",usedh
Games,"date, hometeam, htbf",id
Games,"date, hometeam, htbf",losingpitcher
Games,"htbf, location, visteam",hometeam
Games,"htbf, location, visteam",usedh
Games,"htbf, location, usedh",hometeam
Games,"htbf, id, location",winningpitcher
Games,"htbf, id, location",attendance
Games,"htbf, id, location",sv
Games,"htbf, id, location",hometeam
Games,"htbf, id, location",visteam
Games,"htbf, id, location",usedh
Games,"htbf, id, location",losingpitcher
Games,"htbf, id, location",date
Games,"htbf, location, losingpitcher",winningpitcher
Games,"htbf, location, losingpitcher",attendance
Games,"htbf, location, losingpitcher",sv
Games,"htbf, location, losingpitcher",hometeam
Games,"htbf, location, losingpitcher",visteam
Games,"htbf, location, losingpitcher",usedh
Games,"htbf, location, losingpitcher",id
Games,"htbf, location, losingpitcher",date
Games,"date, htbf, location",winningpitcher
Games,"date, htbf, location",attendance
Games,"date, htbf, location",sv
Games,"date, htbf, location",hometeam
Games,"date, htbf, location",visteam
Games,"date, htbf, location",usedh
Games,"date, htbf, location",id
Games,"date, htbf, location",losingpitcher
Games,"htbf, id, visteam",winningpitcher
Games,"htbf, id, visteam",attendance
Games,"htbf, id, visteam",sv
Games,"htbf, id, visteam",hometeam
Games,"htbf, id, visteam",location
Games,"htbf, id, visteam",usedh
Games,"htbf, id, visteam",losingpitcher
Games,"htbf, id, visteam",date
Games,"htbf, losingpitcher, visteam",winningpitcher
Games,"htbf, losingpitcher, visteam",attendance
Games,"htbf, losingpitcher, visteam",sv
Games,"htbf, losingpitcher, visteam",hometeam
Games,"htbf, losingpitcher, visteam",location
Games,"htbf, losingpitcher, visteam",usedh
Games,"htbf, losingpitcher, visteam",id
Games,"htbf, losingpitcher, visteam",date
Games,"date, htbf, visteam",winningpitcher
Games,"date, htbf, visteam",attendance
Games,"date, htbf, visteam",sv
Games,"date, htbf, visteam",hometeam
Games,"date, htbf, visteam",location
Games,"date, htbf, visteam",usedh
Games,"date, htbf, visteam",id
Games,"date, htbf, visteam",losingpitcher
Games,"htbf, id, usedh",winningpitcher
Games,"htbf, id, usedh",attendance
Games,"htbf, id, usedh",sv
Games,"htbf, id, usedh",hometeam
Games,"htbf, id, usedh",location
Games,"htbf, id, usedh",visteam
Games,"htbf, id, usedh",losingpitcher
Games,"htbf, id, usedh",date
Games,"htbf, losingpitcher, usedh",winningpitcher
Games,"htbf, losingpitcher, usedh",attendance
Games,"htbf, losingpitcher, usedh",sv
Games,"htbf, losingpitcher, usedh",hometeam
Games,"htbf, losingpitcher, usedh",location
Games,"htbf, losingpitcher, usedh",visteam
Games,"htbf, losingpitcher, usedh",id
Games,"htbf, losingpitcher, usedh",date
Games,"date, htbf, usedh",attendance
Games,"htbf, id, losingpitcher",winningpitcher
Games,"htbf, id, losingpitcher",attendance
Games,"htbf, id, losingpitcher",sv
Games,"htbf, id, losingpitcher",hometeam
Games,"htbf, id, losingpitcher",location
Games,"htbf, id, losingpitcher",visteam
Games,"htbf, id, losingpitcher",usedh
Games,"htbf, id, losingpitcher",date
Games,"date, htbf, id",winningpitcher
Games,"date, htbf, id",attendance
Games,"date, htbf, id",sv
Games,"date, htbf, id",hometeam
Games,"date, htbf, id",location
Games,"date, htbf, id",visteam
Games,"date, htbf, id",usedh
Games,"date, htbf, id",losingpitcher
Games,"date, htbf, losingpitcher",winningpitcher
Games,"date, htbf, losingpitcher",attendance
Games,"date, htbf, losingpitcher",sv
Games,"date, htbf, losingpitcher",hometeam
Games,"date, htbf, losingpitcher",location
Games,"date, htbf, losingpitcher",visteam
Games,"date, htbf, losingpitcher",usedh
Games,"date, htbf, losingpitcher",id
Games,"hometeam, id, location",winningpitcher
Games,"hometeam, id, location",attendance
Games,"hometeam, id, location",sv
Games,"hometeam, id, location",htbf
Games,"hometeam, id, location",visteam
Games,"hometeam, id, location",usedh
Games,"hometeam, id, location",losingpitcher
Games,"hometeam, id, location",date
Games,"date, hometeam, location",usedh
Games,"hometeam, id, visteam",winningpitcher
Games,"hometeam, id, visteam",attendance
Games,"hometeam, id, visteam",sv
Games,"hometeam, id, visteam",htbf
Games,"hometeam, id, visteam",location
Games,"hometeam, id, visteam",usedh
Games,"hometeam, id, visteam",losingpitcher
Games,"hometeam, id, visteam",date
Games,"date, hometeam, visteam",location
Games,"date, hometeam, visteam",usedh
Games,"hometeam, id, usedh",winningpitcher
Games,"hometeam, id, usedh",attendance
Games,"hometeam, id, usedh",sv
Games,"hometeam, id, usedh",htbf
Games,"hometeam, id, usedh",location
Games,"hometeam, id, usedh",visteam
Games,"hometeam, id, usedh",losingpitcher
Games,"hometeam, id, usedh",date
Games,"date, hometeam, usedh",location
Games,"hometeam, id, losingpitcher",winningpitcher
Games,"hometeam, id, losingpitcher",attendance
Games,"hometeam, id, losingpitcher",sv
Games,"hometeam, id, losingpitcher",htbf
Games,"hometeam, id, losingpitcher",location
Games,"hometeam, id, losingpitcher",visteam
Games,"hometeam, id, losingpitcher",usedh
Games,"hometeam, id, losingpitcher",date
Games,"date, hometeam, id",winningpitcher
Games,"date, hometeam, id",attendance
Games,"date, hometeam, id",sv
Games,"date, hometeam, id",htbf
Games,"date, hometeam, id",location
Games,"date, hometeam, id",visteam
Games,"date, hometeam, id",usedh
Games,"date, hometeam, id",losingpitcher
Games,"date, hometeam, losingpitcher",winningpitcher
Games,"date, hometeam, losingpitcher",attendance
Games,"date, hometeam, losingpitcher",sv
Games,"date, hometeam, losingpitcher",htbf
Games,"date, hometeam, losingpitcher",location
Games,"date, hometeam, losingpitcher",visteam
Games,"date, hometeam, losingpitcher",usedh
Games,"date, hometeam, losingpitcher",id
Games,"id, location, visteam",winningpitcher
Games,"id, location, visteam",attendance
Games,"id, location, visteam",sv
Games,"id, location, visteam",htbf
Games,"id, location, visteam",hometeam
Games,"id, location, visteam",usedh
Games,"id, location, visteam",losingpitcher
Games,"id, location, visteam",date
Games,"date, location, visteam",hometeam
Games,"date, location, visteam",usedh
Games,"id, location, usedh",winningpitcher
Games,"id, location, usedh",attendance
Games,"id, location, usedh",sv
Games,"id, location, usedh",htbf
Games,"id, location, usedh",hometeam
Games,"id, location, usedh",visteam
Games,"id, location, usedh",losingpitcher
Games,"id, location, usedh",date
Games,"date, location, usedh",hometeam
Games,"id, location, losingpitcher",winningpitcher
Games,"id, location, losingpitcher",attendance
Games,"id, location, losingpitcher",sv
Games,"id, location, losingpitcher",htbf
Games,"id, location, losingpitcher",hometeam
Games,"id, location, losingpitcher",visteam
Games,"id, location, losingpitcher",usedh
Games,"id, location, losingpitcher",date
Games,"date, id, location",winningpitcher
Games,"date, id, location",attendance
Games,"date, id, location",sv
Games,"date, id, location",htbf
Games,"date, id, location",hometeam
Games,"date, id, location",visteam
Games,"date, id, location",usedh
Games,"date, id, location",losingpitcher
Games,"date, location, losingpitcher",winningpitcher
Games,"date, location, losingpitcher",attendance
Games,"date, location, losingpitcher",sv
Games,"date, location, losingpitcher",htbf
Games,"date, location, losingpitcher",hometeam
Games,"date, location, losingpitcher",visteam
Games,"date, location, losingpitcher",usedh
Games,"date, location, losingpitcher",id
Games,"id, usedh, visteam",winningpitcher
Games,"id, usedh, visteam",attendance
Games,"id, usedh, visteam",sv
Games,"id, usedh, visteam",htbf
Games,"id, usedh, visteam",hometeam
Games,"id, usedh, visteam",location
Games,"id, usedh, visteam",losingpitcher
Games,"id, usedh, visteam",date
Games,"date, usedh, visteam",hometeam
Games,"date, usedh, visteam",location
Games,"id, losingpitcher, visteam",winningpitcher
Games,"id, losingpitcher, visteam",attendance
Games,"id, losingpitcher, visteam",sv
Games,"id, losingpitcher, visteam",htbf
Games,"id, losingpitcher, visteam",hometeam
Games,"id, losingpitcher, visteam",location
Games,"id, losingpitcher, visteam",usedh
Games,"id, losingpitcher, visteam",date
Games,"date, id, visteam",winningpitcher
Games,"date, id, visteam",attendance
Games,"date, id, visteam",sv
Games,"date, id, visteam",htbf
Games,"date, id, visteam",hometeam
Games,"date, id, visteam",location
Games,"date, id, visteam",usedh
Games,"date, id, visteam",losingpitcher
Games,"date, losingpitcher, visteam",winningpitcher
Games,"date, losingpitcher, visteam",attendance
Games,"date, losingpitcher, visteam",sv
Games,"date, losingpitcher, visteam",htbf
Games,"date, losingpitcher, visteam",hometeam
Games,"date, losingpitcher, visteam",location
Games,"date, losingpitcher, visteam",usedh
Games,"date, losingpitcher, visteam",id
Games,"id, losingpitcher, usedh",winningpitcher
Games,"id, losingpitcher, usedh",attendance
Games,"id, losingpitcher, usedh",sv
Games,"id, losingpitcher, usedh",htbf
Games,"id, losingpitcher, usedh",hometeam
Games,"id, losingpitcher, usedh",location
Games,"id, losingpitcher, usedh",visteam
Games,"id, losingpitcher, usedh",date
Games,"date, id, usedh",winningpitcher
Games,"date, id, usedh",attendance
Games,"date, id, usedh",sv
Games,"date, id, usedh",htbf
Games,"date, id, usedh",hometeam
Games,"date, id, usedh",location
Games,"date, id, usedh",visteam
Games,"date, id, usedh",losingpitcher
Games,"date, losingpitcher, usedh",winningpitcher
Games,"date, losingpitcher, usedh",attendance
Games,"date, losingpitcher, usedh",sv
Games,"date, losingpitcher, usedh",htbf
Games,"date, losingpitcher, usedh",hometeam
Games,"date, losingpitcher, usedh",location
Games,"date, losingpitcher, usedh",visteam
Games,"date, losingpitcher, usedh",id
Games,"date, id, losingpitcher",winningpitcher
Games,"date, id, losingpitcher",attendance
Games,"date, id, losingpitcher",sv
Games,"date, id, losingpitcher",htbf
Games,"date, id, losingpitcher",hometeam
Games,"date, id, losingpitcher",location
Games,"date, id, losingpitcher",visteam
Games,"date, id, losingpitcher",usedh
Games,"attendance, htbf, sv, winningpitcher",hometeam
Games,"attendance, htbf, sv, winningpitcher",location
Games,"attendance, htbf, sv, winningpitcher",visteam
Games,"attendance, htbf, sv, winningpitcher",usedh
Games,"attendance, htbf, sv, winningpitcher",id
Games,"attendance, htbf, sv, winningpitcher",losingpitcher
Games,"attendance, htbf, sv, winningpitcher",date
Games,"attendance, location, sv, winningpitcher",hometeam
Games,"attendance, sv, visteam, winningpitcher",usedh
Games,"attendance, id, sv, winningpitcher",htbf
Games,"attendance, id, sv, winningpitcher",hometeam
Games,"attendance, id, sv, winningpitcher",location
Games,"attendance, id, sv, winningpitcher",visteam
Games,"attendance, id, sv, winningpitcher",usedh
Games,"attendance, id, sv, winningpitcher",losingpitcher
Games,"attendance, id, sv, winningpitcher",date
Games,"attendance, losingpitcher, sv, winningpitcher",htbf
Games,"attendance, losingpitcher, sv, winningpitcher",hometeam
Games,"attendance, losingpitcher, sv, winningpitcher",location
Games,"attendance, losingpitcher, sv, winningpitcher",visteam
Games,"attendance, losingpitcher, sv, winningpitcher",usedh
Games,"attendance, losingpitcher, sv, winningpitcher",id
Games,"attendance, losingpitcher, sv, winningpitcher",date
Games,"attendance, date, sv, winningpitcher",htbf
Games,"attendance, date, sv, winningpitcher",hometeam
Games,"attendance, date, sv, winningpitcher",location
Games,"attendance, date, sv, winningpitcher",visteam
Games,"attendance, date, sv, winningpitcher",usedh
Games,"attendance, date, sv, winningpitcher",id
Games,"attendance, date, sv, winningpitcher",losingpitcher
Games,"attendance, hometeam, htbf, winningpitcher",sv
Games,"attendance, hometeam, htbf, winningpitcher",location
Games,"attendance, hometeam, htbf, winningpitcher",visteam
Games,"attendance, hometeam, htbf, winningpitcher",usedh
Games,"attendance, hometeam, htbf, winningpitcher",id
Games,"attendance, hometeam, htbf, winningpitcher",losingpitcher
Games,"attendance, hometeam, htbf, winningpitcher",date
Games,"attendance, htbf, location, winningpitcher",sv
Games,"attendance, htbf, location, winningpitcher",hometeam
Games,"attendance, htbf, location, winningpitcher",visteam
Games,"attendance, htbf, location, winningpitcher",usedh
Games,"attendance, htbf, location, winningpitcher",id
Games,"attendance, htbf, location, winningpitcher",losingpitcher
Games,"attendance, htbf, location, winningpitcher",date
Games,"attendance, htbf, visteam, winningpitcher",sv
Games,"attendance, htbf, visteam, winningpitcher",hometeam
Games,"attendance, htbf, visteam, winningpitcher",location
Games,"attendance, htbf, visteam, winningpitcher",usedh
Games,"attendance, htbf, visteam, winningpitcher",id
Games,"attendance, htbf, visteam, winningpitcher",losingpitcher
Games,"attendance, htbf, visteam, winningpitcher",date
Games,"attendance, htbf, usedh, winningpitcher",sv
Games,"attendance, htbf, usedh, winningpitcher",hometeam
Games,"attendance, htbf, usedh, winningpitcher",location
Games,"attendance, htbf, usedh, winningpitcher",visteam
Games,"attendance, htbf, usedh, winningpitcher",id
Games,"attendance, htbf, usedh, winningpitcher",losingpitcher
Games,"attendance, htbf, usedh, winningpitcher",date
Games,"attendance, htbf, id, winningpitcher",sv
Games,"attendance, htbf, id, winningpitcher",hometeam
Games,"attendance, htbf, id, winningpitcher",location
Games,"attendance, htbf, id, winningpitcher",visteam
Games,"attendance, htbf, id, winningpitcher",usedh
Games,"attendance, htbf, id, winningpitcher",losingpitcher
Games,"attendance, htbf, id, winningpitcher",date
Games,"attendance, htbf, losingpitcher, winningpitcher",sv
Games,"attendance, htbf, losingpitcher, winningpitcher",hometeam
Games,"attendance, htbf, losingpitcher, winningpitcher",location
Games,"attendance, htbf, losingpitcher, winningpitcher",visteam
Games,"attendance, htbf, losingpitcher, winningpitcher",usedh
Games,"attendance, htbf, losingpitcher, winningpitcher",id
Games,"attendance, htbf, losingpitcher, winningpitcher",date
Games,"attendance, date, htbf, winningpitcher",sv
Games,"attendance, date, htbf, winningpitcher",hometeam
Games,"attendance, date, htbf, winningpitcher",location
Games,"attendance, date, htbf, winningpitcher",visteam
Games,"attendance, date, htbf, winningpitcher",usedh
Games,"attendance, date, htbf, winningpitcher",id
Games,"attendance, date, htbf, winningpitcher",losingpitcher
Games,"attendance, hometeam, id, winningpitcher",sv
Games,"attendance, hometeam, id, winningpitcher",htbf
Games,"attendance, hometeam, id, winningpitcher",location
Games,"attendance, hometeam, id, winningpitcher",visteam
Games,"attendance, hometeam, id, winningpitcher",usedh
Games,"attendance, hometeam, id, winningpitcher",losingpitcher
Games,"attendance, hometeam, id, winningpitcher",date
Games,"attendance, hometeam, losingpitcher, winningpitcher",sv
Games,"attendance, hometeam, losingpitcher, winningpitcher",htbf
Games,"attendance, hometeam, losingpitcher, winningpitcher",location
Games,"attendance, hometeam, losingpitcher, winningpitcher",visteam
Games,"attendance, hometeam, losingpitcher, winningpitcher",usedh
Games,"attendance, hometeam, losingpitcher, winningpitcher",id
Games,"attendance, hometeam, losingpitcher, winningpitcher",date
Games,"attendance, date, hometeam, winningpitcher",sv
Games,"attendance, date, hometeam, winningpitcher",htbf
Games,"attendance, date, hometeam, winningpitcher",location
Games,"attendance, date, hometeam, winningpitcher",visteam
Games,"attendance, date, hometeam, winningpitcher",usedh
Games,"attendance, date, hometeam, winningpitcher",id
Games,"attendance, date, hometeam, winningpitcher",losingpitcher
Games,"attendance, id, location, winningpitcher",sv
Games,"attendance, id, location, winningpitcher",htbf
Games,"attendance, id, location, winningpitcher",hometeam
Games,"attendance, id, location, winningpitcher",visteam
Games,"attendance, id, location, winningpitcher",usedh
Games,"attendance, id, location, winningpitcher",losingpitcher
Games,"attendance, id, location, winningpitcher",date
Games,"attendance, location, losingpitcher, winningpitcher",sv
Games,"attendance, location, losingpitcher, winningpitcher",htbf
Games,"attendance, location, losingpitcher, winningpitcher",hometeam
Games,"attendance, location, losingpitcher, winningpitcher",visteam
Games,"attendance, location, losingpitcher, winningpitcher",usedh
Games,"attendance, location, losingpitcher, winningpitcher",id
Games,"attendance, location, losingpitcher, winningpitcher",date
Games,"attendance, date, location, winningpitcher",sv
Games,"attendance, date, location, winningpitcher",htbf
Games,"attendance, date, location, winningpitcher",hometeam
Games,"attendance, date, location, winningpitcher",visteam
Games,"attendance, date, location, winningpitcher",usedh
Games,"attendance, date, location, winningpitcher",id
Games,"attendance, date, location, winningpitcher",losingpitcher
Games,"attendance, id, visteam, winningpitcher",sv
Games,"attendance, id, visteam, winningpitcher",htbf
Games,"attendance, id, visteam, winningpitcher",hometeam
Games,"attendance, id, visteam, winningpitcher",location
Games,"attendance, id, visteam, winningpitcher",usedh
Games,"attendance, id, visteam, winningpitcher",losingpitcher
Games,"attendance, id, visteam, winningpitcher",date
Games,"attendance, losingpitcher, visteam, winningpitcher",sv
Games,"attendance, losingpitcher, visteam, winningpitcher",htbf
Games,"attendance, losingpitcher, visteam, winningpitcher",hometeam
Games,"attendance, losingpitcher, visteam, winningpitcher",location
Games,"attendance, losingpitcher, visteam, winningpitcher",usedh
Games,"attendance, losingpitcher, visteam, winningpitcher",id
Games,"attendance, losingpitcher, visteam, winningpitcher",date
Games,"attendance, date, visteam, winningpitcher",sv
Games,"attendance, date, visteam, winningpitcher",htbf
Games,"attendance, date, visteam, winningpitcher",hometeam
Games,"attendance, date, visteam, winningpitcher",location
Games,"attendance, date, visteam, winningpitcher",usedh
Games,"attendance, date, visteam, winningpitcher",id
Games,"attendance, date, visteam, winningpitcher",losingpitcher
Games,"attendance, id, usedh, winningpitcher",sv
Games,"attendance, id, usedh, winningpitcher",htbf
Games,"attendance, id, usedh, winningpitcher",hometeam
Games,"attendance, id, usedh, winningpitcher",location
Games,"attendance, id, usedh, winningpitcher",visteam
Games,"attendance, id, usedh, winningpitcher",losingpitcher
Games,"attendance, id, usedh, winningpitcher",date
Games,"attendance, date, usedh, winningpitcher",sv
Games,"attendance, date, usedh, winningpitcher",htbf
Games,"attendance, date, usedh, winningpitcher",hometeam
Games,"attendance, date, usedh, winningpitcher",location
Games,"attendance, date, usedh, winningpitcher",visteam
Games,"attendance, date, usedh, winningpitcher",id
Games,"attendance, date, usedh, winningpitcher",losingpitcher
Games,"attendance, id, losingpitcher, winningpitcher",sv
Games,"attendance, id, losingpitcher, winningpitcher",htbf
Games,"attendance, id, losingpitcher, winningpitcher",hometeam
Games,"attendance, id, losingpitcher, winningpitcher",location
Games,"attendance, id, losingpitcher, winningpitcher",visteam
Games,"attendance, id, losingpitcher, winningpitcher",usedh
Games,"attendance, id, losingpitcher, winningpitcher",date
Games,"attendance, date, id, winningpitcher",sv
Games,"attendance, date, id, winningpitcher",htbf
Games,"attendance, date, id, winningpitcher",hometeam
Games,"attendance, date, id, winningpitcher",location
Games,"attendance, date, id, winningpitcher",visteam
Games,"attendance, date, id, winningpitcher",usedh
Games,"attendance, date, id, winningpitcher",losingpitcher
Games,"attendance, date, losingpitcher, winningpitcher",sv
Games,"attendance, date, losingpitcher, winningpitcher",htbf
Games,"attendance, date, losingpitcher, winningpitcher",hometeam
Games,"attendance, date, losingpitcher, winningpitcher",location
Games,"attendance, date, losingpitcher, winningpitcher",visteam
Games,"attendance, date, losingpitcher, winningpitcher",usedh
Games,"attendance, date, losingpitcher, winningpitcher",id
Games,"hometeam, htbf, sv, winningpitcher",attendance
Games,"hometeam, htbf, sv, winningpitcher",location
Games,"hometeam, htbf, sv, winningpitcher",visteam
Games,"hometeam, htbf, sv, winningpitcher",usedh
Games,"hometeam, htbf, sv, winningpitcher",id
Games,"hometeam, htbf, sv, winningpitcher",losingpitcher
Games,"hometeam, htbf, sv, winningpitcher",date
Games,"htbf, location, sv, winningpitcher",attendance
Games,"htbf, location, sv, winningpitcher",hometeam
Games,"htbf, location, sv, winningpitcher",visteam
Games,"htbf, location, sv, winningpitcher",usedh
Games,"htbf, location, sv, winningpitcher",id
Games,"htbf, location, sv, winningpitcher",losingpitcher
Games,"htbf, location, sv, winningpitcher",date
Games,"htbf, sv, visteam, winningpitcher",attendance
Games,"htbf, sv, visteam, winningpitcher",hometeam
Games,"htbf, sv, visteam, winningpitcher",location
Games,"htbf, sv, visteam, winningpitcher",usedh
Games,"htbf, sv, visteam, winningpitcher",id
Games,"htbf, sv, visteam, winningpitcher",losingpitcher
Games,"htbf, sv, visteam, winningpitcher",date
Games,"htbf, sv, usedh, winningpitcher",attendance
Games,"htbf, sv, usedh, winningpitcher",hometeam
Games,"htbf, sv, usedh, winningpitcher",location
Games,"htbf, sv, usedh, winningpitcher",visteam
Games,"htbf, sv, usedh, winningpitcher",id
Games,"htbf, sv, usedh, winningpitcher",losingpitcher
Games,"htbf, sv, usedh, winningpitcher",date
Games,"htbf, id, sv, winningpitcher",attendance
Games,"htbf, id, sv, winningpitcher",hometeam
Games,"htbf, id, sv, winningpitcher",location
Games,"htbf, id, sv, winningpitcher",visteam
Games,"htbf, id, sv, winningpitcher",usedh
Games,"htbf, id, sv, winningpitcher",losingpitcher
Games,"htbf, id, sv, winningpitcher",date
Games,"htbf, losingpitcher, sv, winningpitcher",attendance
Games,"htbf, losingpitcher, sv, winningpitcher",hometeam
Games,"htbf, losingpitcher, sv, winningpitcher",location
Games,"htbf, losingpitcher, sv, winningpitcher",visteam
Games,"htbf, losingpitcher, sv, winningpitcher",usedh
Games,"htbf, losingpitcher, sv, winningpitcher",id
Games,"htbf, losingpitcher, sv, winningpitcher",date
Games,"date, htbf, sv, winningpitcher",attendance
Games,"date, htbf, sv, winningpitcher",hometeam
Games,"date, htbf, sv, winningpitcher",location
Games,"date, htbf, sv, winningpitcher",visteam
Games,"date, htbf, sv, winningpitcher",usedh
Games,"date, htbf, sv, winningpitcher",id
Games,"date, htbf, sv, winningpitcher",losingpitcher
Games,"hometeam, id, sv, winningpitcher",attendance
Games,"hometeam, id, sv, winningpitcher",htbf
Games,"hometeam, id, sv, winningpitcher",location
Games,"hometeam, id, sv, winningpitcher",visteam
Games,"hometeam, id, sv, winningpitcher",usedh
Games,"hometeam, id, sv, winningpitcher",losingpitcher
Games,"hometeam, id, sv, winningpitcher",date
Games,"hometeam, losingpitcher, sv, winningpitcher",attendance
Games,"hometeam, losingpitcher, sv, winningpitcher",htbf
Games,"hometeam, losingpitcher, sv, winningpitcher",location
Games,"hometeam, losingpitcher, sv, winningpitcher",visteam
Games,"hometeam, losingpitcher, sv, winningpitcher",usedh
Games,"hometeam, losingpitcher, sv, winningpitcher",id
Games,"hometeam, losingpitcher, sv, winningpitcher",date
Games,"date, hometeam, sv, winningpitcher",attendance
Games,"date, hometeam, sv, winningpitcher",htbf
Games,"date, hometeam, sv, winningpitcher",location
Games,"date, hometeam, sv, winningpitcher",visteam
Games,"date, hometeam, sv, winningpitcher",usedh
Games,"date, hometeam, sv, winningpitcher",id
Games,"date, hometeam, sv, winningpitcher",losingpitcher
Games,"id, location, sv, winningpitcher",attendance
Games,"id, location, sv, winningpitcher",htbf
Games,"id, location, sv, winningpitcher",hometeam
Games,"id, location, sv, winningpitcher",visteam
Games,"id, location, sv, winningpitcher",usedh
Games,"id, location, sv, winningpitcher",losingpitcher
Games,"id, location, sv, winningpitcher",date
Games,"location, losingpitcher, sv, winningpitcher",attendance
Games,"location, losingpitcher, sv, winningpitcher",htbf
Games,"location, losingpitcher, sv, winningpitcher",hometeam
Games,"location, losingpitcher, sv, winningpitcher",visteam
Games,"location, losingpitcher, sv, winningpitcher",usedh
Games,"location, losingpitcher, sv, winningpitcher",id
Games,"location, losingpitcher, sv, winningpitcher",date
Games,"date, location, sv, winningpitcher",attendance
Games,"date, location, sv, winningpitcher",htbf
Games,"date, location, sv, winningpitcher",hometeam
Games,"date, location, sv, winningpitcher",visteam
Games,"date, location, sv, winningpitcher",usedh
Games,"date, location, sv, winningpitcher",id
Games,"date, location, sv, winningpitcher",losingpitcher
Games,"id, sv, visteam, winningpitcher",attendance
Games,"id, sv, visteam, winningpitcher",htbf
Games,"id, sv, visteam, winningpitcher",hometeam
Games,"id, sv, visteam, winningpitcher",location
Games,"id, sv, visteam, winningpitcher",usedh
Games,"id, sv, visteam, winningpitcher",losingpitcher
Games,"id, sv, visteam, winningpitcher",date
Games,"losingpitcher, sv, visteam, winningpitcher",attendance
Games,"losingpitcher, sv, visteam, winningpitcher",htbf
Games,"losingpitcher, sv, visteam, winningpitcher",hometeam
Games,"losingpitcher, sv, visteam, winningpitcher",location
Games,"losingpitcher, sv, visteam, winningpitcher",usedh
Games,"losingpitcher, sv, visteam, winningpitcher",id
Games,"losingpitcher, sv, visteam, winningpitcher",date
Games,"date, sv, visteam, winningpitcher",attendance
Games,"date, sv, visteam, winningpitcher",htbf
Games,"date, sv, visteam, winningpitcher",hometeam
Games,"date, sv, visteam, winningpitcher",location
Games,"date, sv, visteam, winningpitcher",usedh
Games,"date, sv, visteam, winningpitcher",id
Games,"date, sv, visteam, winningpitcher",losingpitcher
Games,"id, sv, usedh, winningpitcher",attendance
Games,"id, sv, usedh, winningpitcher",htbf
Games,"id, sv, usedh, winningpitcher",hometeam
Games,"id, sv, usedh, winningpitcher",location
Games,"id, sv, usedh, winningpitcher",visteam
Games,"id, sv, usedh, winningpitcher",losingpitcher
Games,"id, sv, usedh, winningpitcher",date
Games,"losingpitcher, sv, usedh, winningpitcher",attendance
Games,"losingpitcher, sv, usedh, winningpitcher",htbf
Games,"losingpitcher, sv, usedh, winningpitcher",hometeam
Games,"losingpitcher, sv, usedh, winningpitcher",location
Games,"losingpitcher, sv, usedh, winningpitcher",visteam
Games,"losingpitcher, sv, usedh, winningpitcher",id
Games,"losingpitcher, sv, usedh, winningpitcher",date
Games,"date, sv, usedh, winningpitcher",attendance
Games,"date, sv, usedh, winningpitcher",htbf
Games,"date, sv, usedh, winningpitcher",hometeam
Games,"date, sv, usedh, winningpitcher",location
Games,"date, sv, usedh, winningpitcher",visteam
Games,"date, sv, usedh, winningpitcher",id
Games,"date, sv, usedh, winningpitcher",losingpitcher
Games,"id, losingpitcher, sv, winningpitcher",attendance
Games,"id, losingpitcher, sv, winningpitcher",htbf
Games,"id, losingpitcher, sv, winningpitcher",hometeam
Games,"id, losingpitcher, sv, winningpitcher",location
Games,"id, losingpitcher, sv, winningpitcher",visteam
Games,"id, losingpitcher, sv, winningpitcher",usedh
Games,"id, losingpitcher, sv, winningpitcher",date
Games,"date, id, sv, winningpitcher",attendance
Games,"date, id, sv, winningpitcher",htbf
Games,"date, id, sv, winningpitcher",hometeam
Games,"date, id, sv, winningpitcher",location
Games,"date, id, sv, winningpitcher",visteam
Games,"date, id, sv, winningpitcher",usedh
Games,"date, id, sv, winningpitcher",losingpitcher
Games,"date, losingpitcher, sv, winningpitcher",attendance
Games,"date, losingpitcher, sv, winningpitcher",htbf
Games,"date, losingpitcher, sv, winningpitcher",hometeam
Games,"date, losingpitcher, sv, winningpitcher",location
Games,"date, losingpitcher, sv, winningpitcher",visteam
Games,"date, losingpitcher, sv, winningpitcher",usedh
Games,"date, losingpitcher, sv, winningpitcher",id
Games,"hometeam, htbf, location, winningpitcher",attendance
Games,"hometeam, htbf, location, winningpitcher",sv
Games,"hometeam, htbf, location, winningpitcher",visteam
Games,"hometeam, htbf, location, winningpitcher",usedh
Games,"hometeam, htbf, location, winningpitcher",id
Games,"hometeam, htbf, location, winningpitcher",losingpitcher
Games,"hometeam, htbf, location, winningpitcher",date
Games,"hometeam, htbf, visteam, winningpitcher",attendance
Games,"hometeam, htbf, visteam, winningpitcher",sv
Games,"hometeam, htbf, visteam, winningpitcher",location
Games,"hometeam, htbf, visteam, winningpitcher",usedh
Games,"hometeam, htbf, visteam, winningpitcher",id
Games,"hometeam, htbf, visteam, winningpitcher",losingpitcher
Games,"hometeam, htbf, visteam, winningpitcher",date
Games,"hometeam, htbf, usedh, winningpitcher",attendance
Games,"hometeam, htbf, usedh, winningpitcher",sv
Games,"hometeam, htbf, usedh, winningpitcher",location
Games,"hometeam, htbf, usedh, winningpitcher",visteam
Games,"hometeam, htbf, usedh, winningpitcher",id
Games,"hometeam, htbf, usedh, winningpitcher",losingpitcher
Games,"hometeam, htbf, usedh, winningpitcher",date
Games,"hometeam, htbf, id, winningpitcher",attendance
Games,"hometeam, htbf, id, winningpitcher",sv
Games,"hometeam, htbf, id, winningpitcher",location
Games,"hometeam, htbf, id, winningpitcher",visteam
Games,"hometeam, htbf, id, winningpitcher",usedh
Games,"hometeam, htbf, id, winningpitcher",losingpitcher
Games,"hometeam, htbf, id, winningpitcher",date
Games,"hometeam, htbf, losingpitcher, winningpitcher",attendance
Games,"hometeam, htbf, losingpitcher, winningpitcher",sv
Games,"hometeam, htbf, losingpitcher, winningpitcher",location
Games,"hometeam, htbf, losingpitcher, winningpitcher",visteam
Games,"hometeam, htbf, losingpitcher, winningpitcher",usedh
Games,"hometeam, htbf, losingpitcher, winningpitcher",id
Games,"hometeam, htbf, losingpitcher, winningpitcher",date
Games,"date, hometeam, htbf, winningpitcher",attendance
Games,"date, hometeam, htbf, winningpitcher",sv
Games,"date, hometeam, htbf, winningpitcher",location
Games,"date, hometeam, htbf, winningpitcher",visteam
Games,"date, hometeam, htbf, winningpitcher",usedh
Games,"date, hometeam, htbf, winningpitcher",id
Games,"date, hometeam, htbf, winningpitcher",losingpitcher
Games,"htbf, location, visteam, winningpitcher",attendance
Games,"htbf, location, visteam, winningpitcher",sv
Games,"htbf, location, visteam, winningpitcher",hometeam
Games,"htbf, location, visteam, winningpitcher",usedh
Games,"htbf, location, visteam, winningpitcher",id
Games,"htbf, location, visteam, winningpitcher",losingpitcher
Games,"htbf, location, visteam, winningpitcher",date
Games,"htbf, location, usedh, winningpitcher",attendance
Games,"htbf, location, usedh, winningpitcher",sv
Games,"htbf, location, usedh, winningpitcher",hometeam
Games,"htbf, location, usedh, winningpitcher",visteam
Games,"htbf, location, usedh, winningpitcher",id
Games,"htbf, location, usedh, winningpitcher",losingpitcher
Games,"htbf, location, usedh, winningpitcher",date
Games,"htbf, id, location, winningpitcher",attendance
Games,"htbf, id, location, winningpitcher",sv
Games,"htbf, id, location, winningpitcher",hometeam
Games,"htbf, id, location, winningpitcher",visteam
Games,"htbf, id, location, winningpitcher",usedh
Games,"htbf, id, location, winningpitcher",losingpitcher
Games,"htbf, id, location, winningpitcher",date
Games,"htbf, location, losingpitcher, winningpitcher",attendance
Games,"htbf, location, losingpitcher, winningpitcher",sv
Games,"htbf, location, losingpitcher, winningpitcher",hometeam
Games,"htbf, location, losingpitcher, winningpitcher",visteam
Games,"htbf, location, losingpitcher, winningpitcher",usedh
Games,"htbf, location, losingpitcher, winningpitcher",id
Games,"htbf, location, losingpitcher, winningpitcher",date
Games,"date, htbf, location, winningpitcher",attendance
Games,"date, htbf, location, winningpitcher",sv
Games,"date, htbf, location, winningpitcher",hometeam
Games,"date, htbf, location, winningpitcher",visteam
Games,"date, htbf, location, winningpitcher",usedh
Games,"date, htbf, location, winningpitcher",id
Games,"date, htbf, location, winningpitcher",losingpitcher
Games,"htbf, usedh, visteam, winningpitcher",attendance
Games,"htbf, usedh, visteam, winningpitcher",sv
Games,"htbf, usedh, visteam, winningpitcher",hometeam
Games,"htbf, usedh, visteam, winningpitcher",location
Games,"htbf, usedh, visteam, winningpitcher",id
Games,"htbf, usedh, visteam, winningpitcher",losingpitcher
Games,"htbf, usedh, visteam, winningpitcher",date
Games,"htbf, id, visteam, winningpitcher",attendance
Games,"htbf, id, visteam, winningpitcher",sv
Games,"htbf, id, visteam, winningpitcher",hometeam
Games,"htbf, id, visteam, winningpitcher",location
Games,"htbf, id, visteam, winningpitcher",usedh
Games,"htbf, id, visteam, winningpitcher",losingpitcher
Games,"htbf, id, visteam, winningpitcher",date
Games,"htbf, losingpitcher, visteam, winningpitcher",attendance
Games,"htbf, losingpitcher, visteam, winningpitcher",sv
Games,"htbf, losingpitcher, visteam, winningpitcher",hometeam
Games,"htbf, losingpitcher, visteam, winningpitcher",location
Games,"htbf, losingpitcher, visteam, winningpitcher",usedh
Games,"htbf, losingpitcher, visteam, winningpitcher",id
Games,"htbf, losingpitcher, visteam, winningpitcher",date
Games,"date, htbf, visteam, winningpitcher",attendance
Games,"date, htbf, visteam, winningpitcher",sv
Games,"date, htbf, visteam, winningpitcher",hometeam
Games,"date, htbf, visteam, winningpitcher",location
Games,"date, htbf, visteam, winningpitcher",usedh
Games,"date, htbf, visteam, winningpitcher",id
Games,"date, htbf, visteam, winningpitcher",losingpitcher
Games,"htbf, id, usedh, winningpitcher",attendance
Games,"htbf, id, usedh, winningpitcher",sv
Games,"htbf, id, usedh, winningpitcher",hometeam
Games,"htbf, id, usedh, winningpitcher",location
Games,"htbf, id, usedh, winningpitcher",visteam
Games,"htbf, id, usedh, winningpitcher",losingpitcher
Games,"htbf, id, usedh, winningpitcher",date
Games,"htbf, losingpitcher, usedh, winningpitcher",attendance
Games,"htbf, losingpitcher, usedh, winningpitcher",sv
Games,"htbf, losingpitcher, usedh, winningpitcher",hometeam
Games,"htbf, losingpitcher, usedh, winningpitcher",location
Games,"htbf, losingpitcher, usedh, winningpitcher",visteam
Games,"htbf, losingpitcher, usedh, winningpitcher",id
Games,"htbf, losingpitcher, usedh, winningpitcher",date
Games,"date, htbf, usedh, winningpitcher",attendance
Games,"date, htbf, usedh, winningpitcher",sv
Games,"date, htbf, usedh, winningpitcher",hometeam
Games,"date, htbf, usedh, winningpitcher",location
Games,"date, htbf, usedh, winningpitcher",visteam
Games,"date, htbf, usedh, winningpitcher",id
Games,"date, htbf, usedh, winningpitcher",losingpitcher
Games,"htbf, id, losingpitcher, winningpitcher",attendance
Games,"htbf, id, losingpitcher, winningpitcher",sv
Games,"htbf, id, losingpitcher, winningpitcher",hometeam
Games,"htbf, id, losingpitcher, winningpitcher",location
Games,"htbf, id, losingpitcher, winningpitcher",visteam
Games,"htbf, id, losingpitcher, winningpitcher",usedh
Games,"htbf, id, losingpitcher, winningpitcher",date
Games,"date, htbf, id, winningpitcher",attendance
Games,"date, htbf, id, winningpitcher",sv
Games,"date, htbf, id, winningpitcher",hometeam
Games,"date, htbf, id, winningpitcher",location
Games,"date, htbf, id, winningpitcher",visteam
Games,"date, htbf, id, winningpitcher",usedh
Games,"date, htbf, id, winningpitcher",losingpitcher
Games,"date, htbf, losingpitcher, winningpitcher",attendance
Games,"date, htbf, losingpitcher, winningpitcher",sv
Games,"date, htbf, losingpitcher, winningpitcher",hometeam
Games,"date, htbf, losingpitcher, winningpitcher",location
Games,"date, htbf, losingpitcher, winningpitcher",visteam
Games,"date, htbf, losingpitcher, winningpitcher",usedh
Games,"date, htbf, losingpitcher, winningpitcher",id
Games,"hometeam, id, location, winningpitcher",attendance
Games,"hometeam, id, location, winningpitcher",sv
Games,"hometeam, id, location, winningpitcher",htbf
Games,"hometeam, id, location, winningpitcher",visteam
Games,"hometeam, id, location, winningpitcher",usedh
Games,"hometeam, id, location, winningpitcher",losingpitcher
Games,"hometeam, id, location, winningpitcher",date
Games,"date, hometeam, location, winningpitcher",attendance
Games,"date, hometeam, location, winningpitcher",sv
Games,"date, hometeam, location, winningpitcher",htbf
Games,"date, hometeam, location, winningpitcher",visteam
Games,"date, hometeam, location, winningpitcher",usedh
Games,"date, hometeam, location, winningpitcher",id
Games,"date, hometeam, location, winningpitcher",losingpitcher
Games,"hometeam, id, visteam, winningpitcher",attendance
Games,"hometeam, id, visteam, winningpitcher",sv
Games,"hometeam, id, visteam, winningpitcher",htbf
Games,"hometeam, id, visteam, winningpitcher",location
Games,"hometeam, id, visteam, winningpitcher",usedh
Games,"hometeam, id, visteam, winningpitcher",losingpitcher
Games,"hometeam, id, visteam, winningpitcher",date
Games,"date, hometeam, visteam, winningpitcher",attendance
Games,"date, hometeam, visteam, winningpitcher",sv
Games,"date, hometeam, visteam, winningpitcher",htbf
Games,"date, hometeam, visteam, winningpitcher",location
Games,"date, hometeam, visteam, winningpitcher",usedh
Games,"date, hometeam, visteam, winningpitcher",id
Games,"date, hometeam, visteam, winningpitcher",losingpitcher
Games,"hometeam, id, usedh, winningpitcher",attendance
Games,"hometeam, id, usedh, winningpitcher",sv
Games,"hometeam, id, usedh, winningpitcher",htbf
Games,"hometeam, id, usedh, winningpitcher",location
Games,"hometeam, id, usedh, winningpitcher",visteam
Games,"hometeam, id, usedh, winningpitcher",losingpitcher
Games,"hometeam, id, usedh, winningpitcher",date
Games,"date, hometeam, usedh, winningpitcher",attendance
Games,"date, hometeam, usedh, winningpitcher",sv
Games,"date, hometeam, usedh, winningpitcher",htbf
Games,"date, hometeam, usedh, winningpitcher",location
Games,"date, hometeam, usedh, winningpitcher",visteam
Games,"date, hometeam, usedh, winningpitcher",id
Games,"date, hometeam, usedh, winningpitcher",losingpitcher
Games,"hometeam, id, losingpitcher, winningpitcher",attendance
Games,"hometeam, id, losingpitcher, winningpitcher",sv
Games,"hometeam, id, losingpitcher, winningpitcher",htbf
Games,"hometeam, id, losingpitcher, winningpitcher",location
Games,"hometeam, id, losingpitcher, winningpitcher",visteam
Games,"hometeam, id, losingpitcher, winningpitcher",usedh
Games,"hometeam, id, losingpitcher, winningpitcher",date
Games,"date, hometeam, id, winningpitcher",attendance
Games,"date, hometeam, id, winningpitcher",sv
Games,"date, hometeam, id, winningpitcher",htbf
Games,"date, hometeam, id, winningpitcher",location
Games,"date, hometeam, id, winningpitcher",visteam
Games,"date, hometeam, id, winningpitcher",usedh
Games,"date, hometeam, id, winningpitcher",losingpitcher
Games,"date, hometeam, losingpitcher, winningpitcher",attendance
Games,"date, hometeam, losingpitcher, winningpitcher",sv
Games,"date, hometeam, losingpitcher, winningpitcher",htbf
Games,"date, hometeam, losingpitcher, winningpitcher",location
Games,"date, hometeam, losingpitcher, winningpitcher",visteam
Games,"date, hometeam, losingpitcher, winningpitcher",usedh
Games,"date, hometeam, losingpitcher, winningpitcher",id
Games,"id, location, visteam, winningpitcher",attendance
Games,"id, location, visteam, winningpitcher",sv
Games,"id, location, visteam, winningpitcher",htbf
Games,"id, location, visteam, winningpitcher",hometeam
Games,"id, location, visteam, winningpitcher",usedh
Games,"id, location, visteam, winningpitcher",losingpitcher
Games,"id, location, visteam, winningpitcher",date
Games,"date, location, visteam, winningpitcher",attendance
Games,"date, location, visteam, winningpitcher",sv
Games,"date, location, visteam, winningpitcher",htbf
Games,"date, location, visteam, winningpitcher",hometeam
Games,"date, location, visteam, winningpitcher",usedh
Games,"date, location, visteam, winningpitcher",id
Games,"date, location, visteam, winningpitcher",losingpitcher
Games,"id, location, usedh, winningpitcher",attendance
Games,"id, location, usedh, winningpitcher",sv
Games,"id, location, usedh, winningpitcher",htbf
Games,"id, location, usedh, winningpitcher",hometeam
Games,"id, location, usedh, winningpitcher",visteam
Games,"id, location, usedh, winningpitcher",losingpitcher
Games,"id, location, usedh, winningpitcher",date
Games,"date, location, usedh, winningpitcher",attendance
Games,"date, location, usedh, winningpitcher",sv
Games,"date, location, usedh, winningpitcher",htbf
Games,"date, location, usedh, winningpitcher",hometeam
Games,"date, location, usedh, winningpitcher",visteam
Games,"date, location, usedh, winningpitcher",id
Games,"date, location, usedh, winningpitcher",losingpitcher
Games,"id, location, losingpitcher, winningpitcher",attendance
Games,"id, location, losingpitcher, winningpitcher",sv
Games,"id, location, losingpitcher, winningpitcher",htbf
Games,"id, location, losingpitcher, winningpitcher",hometeam
Games,"id, location, losingpitcher, winningpitcher",visteam
Games,"id, location, losingpitcher, winningpitcher",usedh
Games,"id, location, losingpitcher, winningpitcher",date
Games,"date, id, location, winningpitcher",attendance
Games,"date, id, location, winningpitcher",sv
Games,"date, id, location, winningpitcher",htbf
Games,"date, id, location, winningpitcher",hometeam
Games,"date, id, location, winningpitcher",visteam
Games,"date, id, location, winningpitcher",usedh
Games,"date, id, location, winningpitcher",losingpitcher
Games,"date, location, losingpitcher, winningpitcher",attendance
Games,"date, location, losingpitcher, winningpitcher",sv
Games,"date, location, losingpitcher, winningpitcher",htbf
Games,"date, location, losingpitcher, winningpitcher",hometeam
Games,"date, location, losingpitcher, winningpitcher",visteam
Games,"date, location, losingpitcher, winningpitcher",usedh
Games,"date, location, losingpitcher, winningpitcher",id
Games,"id, usedh, visteam, winningpitcher",attendance
Games,"id, usedh, visteam, winningpitcher",sv
Games,"id, usedh, visteam, winningpitcher",htbf
Games,"id, usedh, visteam, winningpitcher",hometeam
Games,"id, usedh, visteam, winningpitcher",location
Games,"id, usedh, visteam, winningpitcher",losingpitcher
Games,"id, usedh, visteam, winningpitcher",date
Games,"date, usedh, visteam, winningpitcher",attendance
Games,"date, usedh, visteam, winningpitcher",sv
Games,"date, usedh, visteam, winningpitcher",htbf
Games,"date, usedh, visteam, winningpitcher",hometeam
Games,"date, usedh, visteam, winningpitcher",location
Games,"date, usedh, visteam, winningpitcher",id
Games,"date, usedh, visteam, winningpitcher",losingpitcher
Games,"id, losingpitcher, visteam, winningpitcher",attendance
Games,"id, losingpitcher, visteam, winningpitcher",sv
Games,"id, losingpitcher, visteam, winningpitcher",htbf
Games,"id, losingpitcher, visteam, winningpitcher",hometeam
Games,"id, losingpitcher, visteam, winningpitcher",location
Games,"id, losingpitcher, visteam, winningpitcher",usedh
Games,"id, losingpitcher, visteam, winningpitcher",date
Games,"date, id, visteam, winningpitcher",attendance
Games,"date, id, visteam, winningpitcher",sv
Games,"date, id, visteam, winningpitcher",htbf
Games,"date, id, visteam, winningpitcher",hometeam
Games,"date, id, visteam, winningpitcher",location
Games,"date, id, visteam, winningpitcher",usedh
Games,"date, id, visteam, winningpitcher",losingpitcher
Games,"date, losingpitcher, visteam, winningpitcher",attendance
Games,"date, losingpitcher, visteam, winningpitcher",sv
Games,"date, losingpitcher, visteam, winningpitcher",htbf
Games,"date, losingpitcher, visteam, winningpitcher",hometeam
Games,"date, losingpitcher, visteam, winningpitcher",location
Games,"date, losingpitcher, visteam, winningpitcher",usedh
Games,"date, losingpitcher, visteam, winningpitcher",id
Games,"id, losingpitcher, usedh, winningpitcher",attendance
Games,"id, losingpitcher, usedh, winningpitcher",sv
Games,"id, losingpitcher, usedh, winningpitcher",htbf
Games,"id, losingpitcher, usedh, winningpitcher",hometeam
Games,"id, losingpitcher, usedh, winningpitcher",location
Games,"id, losingpitcher, usedh, winningpitcher",visteam
Games,"id, losingpitcher, usedh, winningpitcher",date
Games,"date, id, usedh, winningpitcher",attendance
Games,"date, id, usedh, winningpitcher",sv
Games,"date, id, usedh, winningpitcher",htbf
Games,"date, id, usedh, winningpitcher",hometeam
Games,"date, id, usedh, winningpitcher",location
Games,"date, id, usedh, winningpitcher",visteam
Games,"date, id, usedh, winningpitcher",losingpitcher
Games,"date, losingpitcher, usedh, winningpitcher",attendance
Games,"date, losingpitcher, usedh, winningpitcher",sv
Games,"date, losingpitcher, usedh, winningpitcher",htbf
Games,"date, losingpitcher, usedh, winningpitcher",hometeam
Games,"date, losingpitcher, usedh, winningpitcher",location
Games,"date, losingpitcher, usedh, winningpitcher",visteam
Games,"date, losingpitcher, usedh, winningpitcher",id
Games,"date, id, losingpitcher, winningpitcher",attendance
Games,"date, id, losingpitcher, winningpitcher",sv
Games,"date, id, losingpitcher, winningpitcher",htbf
Games,"date, id, losingpitcher, winningpitcher",hometeam
Games,"date, id, losingpitcher, winningpitcher",location
Games,"date, id, losingpitcher, winningpitcher",visteam
Games,"date, id, losingpitcher, winningpitcher",usedh
Games,"attendance, hometeam, htbf, sv",winningpitcher
Games,"attendance, hometeam, htbf, sv",location
Games,"attendance, hometeam, htbf, sv",visteam
Games,"attendance, hometeam, htbf, sv",usedh
Games,"attendance, hometeam, htbf, sv",id
Games,"attendance, hometeam, htbf, sv",losingpitcher
Games,"attendance, hometeam, htbf, sv",date
Games,"attendance, htbf, location, sv",winningpitcher
Games,"attendance, htbf, location, sv",hometeam
Games,"attendance, htbf, location, sv",visteam
Games,"attendance, htbf, location, sv",usedh
Games,"attendance, htbf, location, sv",id
Games,"attendance, htbf, location, sv",losingpitcher
Games,"attendance, htbf, location, sv",date
Games,"attendance, htbf, sv, visteam",usedh
Games,"attendance, htbf, sv, usedh",visteam
Games,"attendance, htbf, id, sv",winningpitcher
Games,"attendance, htbf, id, sv",hometeam
Games,"attendance, htbf, id, sv",location
Games,"attendance, htbf, id, sv",visteam
Games,"attendance, htbf, id, sv",usedh
Games,"attendance, htbf, id, sv",losingpitcher
Games,"attendance, htbf, id, sv",date
Games,"attendance, htbf, losingpitcher, sv",winningpitcher
Games,"attendance, htbf, losingpitcher, sv",hometeam
Games,"attendance, htbf, losingpitcher, sv",location
Games,"attendance, htbf, losingpitcher, sv",visteam
Games,"attendance, htbf, losingpitcher, sv",usedh
Games,"attendance, htbf, losingpitcher, sv",id
Games,"attendance, htbf, losingpitcher, sv",date
Games,"attendance, date, htbf, sv",winningpitcher
Games,"attendance, date, htbf, sv",hometeam
Games,"attendance, date, htbf, sv",location
Games,"attendance, date, htbf, sv",visteam
Games,"attendance, date, htbf, sv",usedh
Games,"attendance, date, htbf, sv",id
Games,"attendance, date, htbf, sv",losingpitcher
Games,"attendance, hometeam, id, sv",winningpitcher
Games,"attendance, hometeam, id, sv",htbf
Games,"attendance, hometeam, id, sv",location
Games,"attendance, hometeam, id, sv",visteam
Games,"attendance, hometeam, id, sv",usedh
Games,"attendance, hometeam, id, sv",losingpitcher
Games,"attendance, hometeam, id, sv",date
Games,"attendance, hometeam, losingpitcher, sv",winningpitcher
Games,"attendance, hometeam, losingpitcher, sv",htbf
Games,"attendance, hometeam, losingpitcher, sv",location
Games,"attendance, hometeam, losingpitcher, sv",visteam
Games,"attendance, hometeam, losingpitcher, sv",usedh
Games,"attendance, hometeam, losingpitcher, sv",id
Games,"attendance, hometeam, losingpitcher, sv",date
Games,"attendance, date, hometeam, sv",winningpitcher
Games,"attendance, date, hometeam, sv",htbf
Games,"attendance, date, hometeam, sv",location
Games,"attendance, date, hometeam, sv",visteam
Games,"attendance, date, hometeam, sv",usedh
Games,"attendance, date, hometeam, sv",id
Games,"attendance, date, hometeam, sv",losingpitcher
Games,"attendance, id, location, sv",winningpitcher
Games,"attendance, id, location, sv",htbf
Games,"attendance, id, location, sv",hometeam
Games,"attendance, id, location, sv",visteam
Games,"attendance, id, location, sv",usedh
Games,"attendance, id, location, sv",losingpitcher
Games,"attendance, id, location, sv",date
Games,"attendance, location, losingpitcher, sv",winningpitcher
Games,"attendance, location, losingpitcher, sv",htbf
Games,"attendance, location, losingpitcher, sv",hometeam
Games,"attendance, location, losingpitcher, sv",visteam
Games,"attendance, location, losingpitcher, sv",usedh
Games,"attendance, location, losingpitcher, sv",id
Games,"attendance, location, losingpitcher, sv",date
Games,"attendance, date, location, sv",winningpitcher
Games,"attendance, date, location, sv",htbf
Games,"attendance, date, location, sv",hometeam
Games,"attendance, date, location, sv",visteam
Games,"attendance, date, location, sv",usedh
Games,"attendance, date, location, sv",id
Games,"attendance, date, location, sv",losingpitcher
Games,"attendance, id, sv, visteam",winningpitcher
Games,"attendance, id, sv, visteam",htbf
Games,"attendance, id, sv, visteam",hometeam
Games,"attendance, id, sv, visteam",location
Games,"attendance, id, sv, visteam",usedh
Games,"attendance, id, sv, visteam",losingpitcher
Games,"attendance, id, sv, visteam",date
Games,"attendance, losingpitcher, sv, visteam",winningpitcher
Games,"attendance, losingpitcher, sv, visteam",htbf
Games,"attendance, losingpitcher, sv, visteam",hometeam
Games,"attendance, losingpitcher, sv, visteam",location
Games,"attendance, losingpitcher, sv, visteam",usedh
Games,"attendance, losingpitcher, sv, visteam",id
Games,"attendance, losingpitcher, sv, visteam",date
Games,"attendance, date, sv, visteam",winningpitcher
Games,"attendance, date, sv, visteam",htbf
Games,"attendance, date, sv, visteam",hometeam
Games,"attendance, date, sv, visteam",location
Games,"attendance, date, sv, visteam",usedh
Games,"attendance, date, sv, visteam",id
Games,"attendance, date, sv, visteam",losingpitcher
Games,"attendance, id, sv, usedh",winningpitcher
Games,"attendance, id, sv, usedh",htbf
Games,"attendance, id, sv, usedh",hometeam
Games,"attendance, id, sv, usedh",location
Games,"attendance, id, sv, usedh",visteam
Games,"attendance, id, sv, usedh",losingpitcher
Games,"attendance, id, sv, usedh",date
Games,"attendance, losingpitcher, sv, usedh",winningpitcher
Games,"attendance, losingpitcher, sv, usedh",htbf
Games,"attendance, losingpitcher, sv, usedh",hometeam
Games,"attendance, losingpitcher, sv, usedh",location
Games,"attendance, losingpitcher, sv, usedh",visteam
Games,"attendance, losingpitcher, sv, usedh",id
Games,"attendance, losingpitcher, sv, usedh",date
Games,"attendance, date, sv, usedh",winningpitcher
Games,"attendance, date, sv, usedh",htbf
Games,"attendance, date, sv, usedh",hometeam
Games,"attendance, date, sv, usedh",location
Games,"attendance, date, sv, usedh",visteam
Games,"attendance, date, sv, usedh",id
Games,"attendance, date, sv, usedh",losingpitcher
Games,"attendance, id, losingpitcher, sv",winningpitcher
Games,"attendance, id, losingpitcher, sv",htbf
Games,"attendance, id, losingpitcher, sv",hometeam
Games,"attendance, id, losingpitcher, sv",location
Games,"attendance, id, losingpitcher, sv",visteam
Games,"attendance, id, losingpitcher, sv",usedh
Games,"attendance, id, losingpitcher, sv",date
Games,"attendance, date, id, sv",winningpitcher
Games,"attendance, date, id, sv",htbf
Games,"attendance, date, id, sv",hometeam
Games,"attendance, date, id, sv",location
Games,"attendance, date, id, sv",visteam
Games,"attendance, date, id, sv",usedh
Games,"attendance, date, id, sv",losingpitcher
Games,"attendance, date, losingpitcher, sv",winningpitcher
Games,"attendance, date, losingpitcher, sv",htbf
Games,"attendance, date, losingpitcher, sv",hometeam
Games,"attendance, date, losingpitcher, sv",location
Games,"attendance, date, losingpitcher, sv",visteam
Games,"attendance, date, losingpitcher, sv",usedh
Games,"attendance, date, losingpitcher, sv",id
Games,"attendance, hometeam, htbf, location",usedh
Games,"attendance, hometeam, htbf, visteam",location
Games,"attendance, hometeam, htbf, visteam",usedh
Games,"attendance, hometeam, htbf, usedh",location
Games,"attendance, hometeam, htbf, id",winningpitcher
Games,"attendance, hometeam, htbf, id",sv
Games,"attendance, hometeam, htbf, id",location
Games,"attendance, hometeam, htbf, id",visteam
Games,"attendance, hometeam, htbf, id",usedh
Games,"attendance, hometeam, htbf, id",losingpitcher
Games,"attendance, hometeam, htbf, id",date
Games,"attendance, hometeam, htbf, losingpitcher",winningpitcher
Games,"attendance, hometeam, htbf, losingpitcher",sv
Games,"attendance, hometeam, htbf, losingpitcher",location
Games,"attendance, hometeam, htbf, losingpitcher",visteam
Games,"attendance, hometeam, htbf, losingpitcher",usedh
Games,"attendance, hometeam, htbf, losingpitcher",id
Games,"attendance, hometeam, htbf, losingpitcher",date
Games,"attendance, date, hometeam, htbf",winningpitcher
Games,"attendance, date, hometeam, htbf",sv
Games,"attendance, date, hometeam, htbf",location
Games,"attendance, date, hometeam, htbf",visteam
Games,"attendance, date, hometeam, htbf",usedh
Games,"attendance, date, hometeam, htbf",id
Games,"attendance, date, hometeam, htbf",losingpitcher
Games,"attendance, htbf, location, visteam",hometeam
Games,"attendance, htbf, location, visteam",usedh
Games,"attendance, htbf, location, usedh",hometeam
Games,"attendance, htbf, id, location",winningpitcher
Games,"attendance, htbf, id, location",sv
Games,"attendance, htbf, id, location",hometeam
Games,"attendance, htbf, id, location",visteam
Games,"attendance, htbf, id, location",usedh
Games,"attendance, htbf, id, location",losingpitcher
Games,"attendance, htbf, id, location",date
Games,"attendance, htbf, location, losingpitcher",winningpitcher
Games,"attendance, htbf, location, losingpitcher",sv
Games,"attendance, htbf, location, losingpitcher",hometeam
Games,"attendance, htbf, location, losingpitcher",visteam
Games,"attendance, htbf, location, losingpitcher",usedh
Games,"attendance, htbf, location, losingpitcher",id
Games,"attendance, htbf, location, losingpitcher",date
Games,"attendance, date, htbf, location",winningpitcher
Games,"attendance, date, htbf, location",sv
Games,"attendance, date, htbf, location",hometeam
Games,"attendance, date, htbf, location",visteam
Games,"attendance, date, htbf, location",usedh
Games,"attendance, date, htbf, location",id
Games,"attendance, date, htbf, location",losingpitcher
Games,"attendance, htbf, id, visteam",winningpitcher
Games,"attendance, htbf, id, visteam",sv
Games,"attendance, htbf, id, visteam",hometeam
Games,"attendance, htbf, id, visteam",location
Games,"attendance, htbf, id, visteam",usedh
Games,"attendance, htbf, id, visteam",losingpitcher
Games,"attendance, htbf, id, visteam",date
Games,"attendance, htbf, losingpitcher, visteam",winningpitcher
Games,"attendance, htbf, losingpitcher, visteam",sv
Games,"attendance, htbf, losingpitcher, visteam",hometeam
Games,"attendance, htbf, losingpitcher, visteam",location
Games,"attendance, htbf, losingpitcher, visteam",usedh
Games,"attendance, htbf, losingpitcher, visteam",id
Games,"attendance, htbf, losingpitcher, visteam",date
Games,"attendance, date, htbf, visteam",winningpitcher
Games,"attendance, date, htbf, visteam",sv
Games,"attendance, date, htbf, visteam",hometeam
Games,"attendance, date, htbf, visteam",location
Games,"attendance, date, htbf, visteam",usedh
Games,"attendance, date, htbf, visteam",id
Games,"attendance, date, htbf, visteam",losingpitcher
Games,"attendance, htbf, id, usedh",winningpitcher
Games,"attendance, htbf, id, usedh",sv
Games,"attendance, htbf, id, usedh",hometeam
Games,"attendance, htbf, id, usedh",location
Games,"attendance, htbf, id, usedh",visteam
Games,"attendance, htbf, id, usedh",losingpitcher
Games,"attendance, htbf, id, usedh",date
Games,"attendance, htbf, losingpitcher, usedh",winningpitcher
Games,"attendance, htbf, losingpitcher, usedh",sv
Games,"attendance, htbf, losingpitcher, usedh",hometeam
Games,"attendance, htbf, losingpitcher, usedh",location
Games,"attendance, htbf, losingpitcher, usedh",visteam
Games,"attendance, htbf, losingpitcher, usedh",id
Games,"attendance, htbf, losingpitcher, usedh",date
Games,"attendance, htbf, id, losingpitcher",winningpitcher
Games,"attendance, htbf, id, losingpitcher",sv
Games,"attendance, htbf, id, losingpitcher",hometeam
Games,"attendance, htbf, id, losingpitcher",location
Games,"attendance, htbf, id, losingpitcher",visteam
Games,"attendance, htbf, id, losingpitcher",usedh
Games,"attendance, htbf, id, losingpitcher",date
Games,"attendance, date, htbf, id",winningpitcher
Games,"attendance, date, htbf, id",sv
Games,"attendance, date, htbf, id",hometeam
Games,"attendance, date, htbf, id",location
Games,"attendance, date, htbf, id",visteam
Games,"attendance, date, htbf, id",usedh
Games,"attendance, date, htbf, id",losingpitcher
Games,"attendance, date, htbf, losingpitcher",winningpitcher
Games,"attendance, date, htbf, losingpitcher",sv
Games,"attendance, date, htbf, losingpitcher",hometeam
Games,"attendance, date, htbf, losingpitcher",location
Games,"attendance, date, htbf, losingpitcher",visteam
Games,"attendance, date, htbf, losingpitcher",usedh
Games,"attendance, date, htbf, losingpitcher",id
Games,"attendance, hometeam, id, location",winningpitcher
Games,"attendance, hometeam, id, location",sv
Games,"attendance, hometeam, id, location",htbf
Games,"attendance, hometeam, id, location",visteam
Games,"attendance, hometeam, id, location",usedh
Games,"attendance, hometeam, id, location",losingpitcher
Games,"attendance, hometeam, id, location",date
Games,"attendance, date, hometeam, location",visteam
Games,"attendance, date, hometeam, location",usedh
Games,"attendance, hometeam, id, visteam",winningpitcher
Games,"attendance, hometeam, id, visteam",sv
Games,"attendance, hometeam, id, visteam",htbf
Games,"attendance, hometeam, id, visteam",location
Games,"attendance, hometeam, id, visteam",usedh
Games,"attendance, hometeam, id, visteam",losingpitcher
Games,"attendance, hometeam, id, visteam",date
Games,"attendance, hometeam, losingpitcher, visteam",winningpitcher
Games,"attendance, hometeam, losingpitcher, visteam",sv
Games,"attendance, hometeam, losingpitcher, visteam",htbf
Games,"attendance, hometeam, losingpitcher, visteam",location
Games,"attendance, hometeam, losingpitcher, visteam",usedh
Games,"attendance, hometeam, losingpitcher, visteam",id
Games,"attendance, hometeam, losingpitcher, visteam",date
Games,"attendance, date, hometeam, visteam",location
Games,"attendance, date, hometeam, visteam",usedh
Games,"attendance, hometeam, id, usedh",winningpitcher
Games,"attendance, hometeam, id, usedh",sv
Games,"attendance, hometeam, id, usedh",htbf
Games,"attendance, hometeam, id, usedh",location
Games,"attendance, hometeam, id, usedh",visteam
Games,"attendance, hometeam, id, usedh",losingpitcher
Games,"attendance, hometeam, id, usedh",date
Games,"attendance, date, hometeam, usedh",location
Games,"attendance, date, hometeam, usedh",visteam
Games,"attendance, hometeam, id, losingpitcher",winningpitcher
Games,"attendance, hometeam, id, losingpitcher",sv
Games,"attendance, hometeam, id, losingpitcher",htbf
Games,"attendance, hometeam, id, losingpitcher",location
Games,"attendance, hometeam, id, losingpitcher",visteam
Games,"attendance, hometeam, id, losingpitcher",usedh
Games,"attendance, hometeam, id, losingpitcher",date
Games,"attendance, date, hometeam, id",winningpitcher
Games,"attendance, date, hometeam, id",sv
Games,"attendance, date, hometeam, id",htbf
Games,"attendance, date, hometeam, id",location
Games,"attendance, date, hometeam, id",visteam
Games,"attendance, date, hometeam, id",usedh
Games,"attendance, date, hometeam, id",losingpitcher
Games,"attendance, date, hometeam, losingpitcher",winningpitcher
Games,"attendance, date, hometeam, losingpitcher",sv
Games,"attendance, date, hometeam, losingpitcher",htbf
Games,"attendance, date, hometeam, losingpitcher",location
Games,"attendance, date, hometeam, losingpitcher",visteam
Games,"attendance, date, hometeam, losingpitcher",usedh
Games,"attendance, date, hometeam, losingpitcher",id
Games,"attendance, id, location, visteam",winningpitcher
Games,"attendance, id, location, visteam",sv
Games,"attendance, id, location, visteam",htbf
Games,"attendance, id, location, visteam",hometeam
Games,"attendance, id, location, visteam",usedh
Games,"attendance, id, location, visteam",losingpitcher
Games,"attendance, id, location, visteam",date
Games,"attendance, location, losingpitcher, visteam",winningpitcher
Games,"attendance, location, losingpitcher, visteam",sv
Games,"attendance, location, losingpitcher, visteam",htbf
Games,"attendance, location, losingpitcher, visteam",hometeam
Games,"attendance, location, losingpitcher, visteam",usedh
Games,"attendance, location, losingpitcher, visteam",id
Games,"attendance, location, losingpitcher, visteam",date
Games,"attendance, date, location, visteam",hometeam
Games,"attendance, date, location, visteam",usedh
Games,"attendance, id, location, usedh",winningpitcher
Games,"attendance, id, location, usedh",sv
Games,"attendance, id, location, usedh",htbf
Games,"attendance, id, location, usedh",hometeam
Games,"attendance, id, location, usedh",visteam
Games,"attendance, id, location, usedh",losingpitcher
Games,"attendance, id, location, usedh",date
Games,"attendance, date, location, usedh",hometeam
Games,"attendance, date, location, usedh",visteam
Games,"attendance, id, location, losingpitcher",winningpitcher
Games,"attendance, id, location, losingpitcher",sv
Games,"attendance, id, location, losingpitcher",htbf
Games,"attendance, id, location, losingpitcher",hometeam
Games,"attendance, id, location, losingpitcher",visteam
Games,"attendance, id, location, losingpitcher",usedh
Games,"attendance, id, location, losingpitcher",date
Games,"attendance, date, id, location",winningpitcher
Games,"attendance, date, id, location",sv
Games,"attendance, date, id, location",htbf
Games,"attendance, date, id, location",hometeam
Games,"attendance, date, id, location",visteam
Games,"attendance, date, id, location",usedh
Games,"attendance, date, id, location",losingpitcher
Games,"attendance, date, location, losingpitcher",winningpitcher
Games,"attendance, date, location, losingpitcher",sv
Games,"attendance, date, location, losingpitcher",htbf
Games,"attendance, date, location, losingpitcher",hometeam
Games,"attendance, date, location, losingpitcher",visteam
Games,"attendance, date, location, losingpitcher",usedh
Games,"attendance, date, location, losingpitcher",id
Games,"attendance, id, usedh, visteam",winningpitcher
Games,"attendance, id, usedh, visteam",sv
Games,"attendance, id, usedh, visteam",htbf
Games,"attendance, id, usedh, visteam",hometeam
Games,"attendance, id, usedh, visteam",location
Games,"attendance, id, usedh, visteam",losingpitcher
Games,"attendance, id, usedh, visteam",date
Games,"attendance, date, usedh, visteam",hometeam
Games,"attendance, date, usedh, visteam",location
Games,"attendance, id, losingpitcher, visteam",winningpitcher
Games,"attendance, id, losingpitcher, visteam",sv
Games,"attendance, id, losingpitcher, visteam",htbf
Games,"attendance, id, losingpitcher, visteam",hometeam
Games,"attendance, id, losingpitcher, visteam",location
Games,"attendance, id, losingpitcher, visteam",usedh
Games,"attendance, id, losingpitcher, visteam",date
Games,"attendance, date, id, visteam",winningpitcher
Games,"attendance, date, id, visteam",sv
Games,"attendance, date, id, visteam",htbf
Games,"attendance, date, id, visteam",hometeam
Games,"attendance, date, id, visteam",location
Games,"attendance, date, id, visteam",usedh
Games,"attendance, date, id, visteam",losingpitcher
Games,"attendance, date, losingpitcher, visteam",winningpitcher
Games,"attendance, date, losingpitcher, visteam",sv
Games,"attendance, date, losingpitcher, visteam",htbf
Games,"attendance, date, losingpitcher, visteam",hometeam
Games,"attendance, date, losingpitcher, visteam",location
Games,"attendance, date, losingpitcher, visteam",usedh
Games,"attendance, date, losingpitcher, visteam",id
Games,"attendance, id, losingpitcher, usedh",winningpitcher
Games,"attendance, id, losingpitcher, usedh",sv
Games,"attendance, id, losingpitcher, usedh",htbf
Games,"attendance, id, losingpitcher, usedh",hometeam
Games,"attendance, id, losingpitcher, usedh",location
Games,"attendance, id, losingpitcher, usedh",visteam
Games,"attendance, id, losingpitcher, usedh",date
Games,"attendance, date, id, usedh",winningpitcher
Games,"attendance, date, id, usedh",sv
Games,"attendance, date, id, usedh",htbf
Games,"attendance, date, id, usedh",hometeam
Games,"attendance, date, id, usedh",location
Games,"attendance, date, id, usedh",visteam
Games,"attendance, date, id, usedh",losingpitcher
Games,"attendance, date, losingpitcher, usedh",winningpitcher
Games,"attendance, date, losingpitcher, usedh",sv
Games,"attendance, date, losingpitcher, usedh",htbf
Games,"attendance, date, losingpitcher, usedh",hometeam
Games,"attendance, date, losingpitcher, usedh",location
Games,"attendance, date, losingpitcher, usedh",visteam
Games,"attendance, date, losingpitcher, usedh",id
Games,"attendance, date, id, losingpitcher",winningpitcher
Games,"attendance, date, id, losingpitcher",sv
Games,"attendance, date, id, losingpitcher",htbf
Games,"attendance, date, id, losingpitcher",hometeam
Games,"attendance, date, id, losingpitcher",location
Games,"attendance, date, id, losingpitcher",visteam
Games,"attendance, date, id, losingpitcher",usedh
Games,"hometeam, htbf, location, sv",winningpitcher
Games,"hometeam, htbf, location, sv",attendance
Games,"hometeam, htbf, location, sv",visteam
Games,"hometeam, htbf, location, sv",usedh
Games,"hometeam, htbf, location, sv",id
Games,"hometeam, htbf, location, sv",losingpitcher
Games,"hometeam, htbf, location, sv",date
Games,"hometeam, htbf, sv, visteam",winningpitcher
Games,"hometeam, htbf, sv, visteam",attendance
Games,"hometeam, htbf, sv, visteam",location
Games,"hometeam, htbf, sv, visteam",usedh
Games,"hometeam, htbf, sv, visteam",id
Games,"hometeam, htbf, sv, visteam",losingpitcher
Games,"hometeam, htbf, sv, visteam",date
Games,"hometeam, htbf, sv, usedh",winningpitcher
Games,"hometeam, htbf, sv, usedh",attendance
Games,"hometeam, htbf, sv, usedh",location
Games,"hometeam, htbf, sv, usedh",visteam
Games,"hometeam, htbf, sv, usedh",id
Games,"hometeam, htbf, sv, usedh",losingpitcher
Games,"hometeam, htbf, sv, usedh",date
Games,"hometeam, htbf, id, sv",winningpitcher
Games,"hometeam, htbf, id, sv",attendance
Games,"hometeam, htbf, id, sv",location
Games,"hometeam, htbf, id, sv",visteam
Games,"hometeam, htbf, id, sv",usedh
Games,"hometeam, htbf, id, sv",losingpitcher
Games,"hometeam, htbf, id, sv",date
Games,"hometeam, htbf, losingpitcher, sv",winningpitcher
Games,"hometeam, htbf, losingpitcher, sv",attendance
Games,"hometeam, htbf, losingpitcher, sv",location
Games,"hometeam, htbf, losingpitcher, sv",visteam
Games,"hometeam, htbf, losingpitcher, sv",usedh
Games,"hometeam, htbf, losingpitcher, sv",id
Games,"hometeam, htbf, losingpitcher, sv",date
Games,"date, hometeam, htbf, sv",winningpitcher
Games,"date, hometeam, htbf, sv",attendance
Games,"date, hometeam, htbf, sv",location
Games,"date, hometeam, htbf, sv",visteam
Games,"date, hometeam, htbf, sv",usedh
Games,"date, hometeam, htbf, sv",id
Games,"date, hometeam, htbf, sv",losingpitcher
Games,"htbf, location, sv, visteam",winningpitcher
Games,"htbf, location, sv, visteam",attendance
Games,"htbf, location, sv, visteam",hometeam
Games,"htbf, location, sv, visteam",usedh
Games,"htbf, location, sv, visteam",id
Games,"htbf, location, sv, visteam",losingpitcher
Games,"htbf, location, sv, visteam",date
Games,"htbf, location, sv, usedh",winningpitcher
Games,"htbf, location, sv, usedh",attendance
Games,"htbf, location, sv, usedh",hometeam
Games,"htbf, location, sv, usedh",visteam
Games,"htbf, location, sv, usedh",id
Games,"htbf, location, sv, usedh",losingpitcher
Games,"htbf, location, sv, usedh",date
Games,"htbf, id, location, sv",winningpitcher
Games,"htbf, id, location, sv",attendance
Games,"htbf, id, location, sv",hometeam
Games,"htbf, id, location, sv",visteam
Games,"htbf, id, location, sv",usedh
Games,"htbf, id, location, sv",losingpitcher
Games,"htbf, id, location, sv",date
Games,"htbf, location, losingpitcher, sv",winningpitcher
Games,"htbf, location, losingpitcher, sv",attendance
Games,"htbf, location, losingpitcher, sv",hometeam
Games,"htbf, location, losingpitcher, sv",visteam
Games,"htbf, location, losingpitcher, sv",usedh
Games,"htbf, location, losingpitcher, sv",id
Games,"htbf, location, losingpitcher, sv",date
Games,"date, htbf, location, sv",winningpitcher
Games,"date, htbf, location, sv",attendance
Games,"date, htbf, location, sv",hometeam
Games,"date, htbf, location, sv",visteam
Games,"date, htbf, location, sv",usedh
Games,"date, htbf, location, sv",id
Games,"date, htbf, location, sv",losingpitcher
Games,"htbf, sv, usedh, visteam",attendance
Games,"htbf, id, sv, visteam",winningpitcher
Games,"htbf, id, sv, visteam",attendance
Games,"htbf, id, sv, visteam",hometeam
Games,"htbf, id, sv, visteam",location
Games,"htbf, id, sv, visteam",usedh
Games,"htbf, id, sv, visteam",losingpitcher
Games,"htbf, id, sv, visteam",date
Games,"htbf, losingpitcher, sv, visteam",winningpitcher
Games,"htbf, losingpitcher, sv, visteam",attendance
Games,"htbf, losingpitcher, sv, visteam",hometeam
Games,"htbf, losingpitcher, sv, visteam",location
Games,"htbf, losingpitcher, sv, visteam",usedh
Games,"htbf, losingpitcher, sv, visteam",id
Games,"htbf, losingpitcher, sv, visteam",date
Games,"date, htbf, sv, visteam",winningpitcher
Games,"date, htbf, sv, visteam",attendance
Games,"date, htbf, sv, visteam",hometeam
Games,"date, htbf, sv, visteam",location
Games,"date, htbf, sv, visteam",usedh
Games,"date, htbf, sv, visteam",id
Games,"date, htbf, sv, visteam",losingpitcher
Games,"htbf, id, sv, usedh",winningpitcher
Games,"htbf, id, sv, usedh",attendance
Games,"htbf, id, sv, usedh",hometeam
Games,"htbf, id, sv, usedh",visteam
Games,"htbf, id, sv, usedh",location
Games,"htbf, id, sv, usedh",losingpitcher
Games,"htbf, id, sv, usedh",date
Games,"htbf, losingpitcher, sv, usedh",winningpitcher
Games,"htbf, losingpitcher, sv, usedh",attendance
Games,"htbf, losingpitcher, sv, usedh",hometeam
Games,"htbf, losingpitcher, sv, usedh",visteam
Games,"htbf, losingpitcher, sv, usedh",location
Games,"htbf, losingpitcher, sv, usedh",id
Games,"htbf, losingpitcher, sv, usedh",date
Games,"date, htbf, sv, usedh",winningpitcher
Games,"date, htbf, sv, usedh",attendance
Games,"date, htbf, sv, usedh",hometeam
Games,"date, htbf, sv, usedh",visteam
Games,"date, htbf, sv, usedh",location
Games,"date, htbf, sv, usedh",id
Games,"date, htbf, sv, usedh",losingpitcher
Games,"htbf, id, losingpitcher, sv",winningpitcher
Games,"htbf, id, losingpitcher, sv",attendance
Games,"htbf, id, losingpitcher, sv",hometeam
Games,"htbf, id, losingpitcher, sv",visteam
Games,"htbf, id, losingpitcher, sv",location
Games,"htbf, id, losingpitcher, sv",usedh
Games,"htbf, id, losingpitcher, sv",date
Games,"date, htbf, id, sv",winningpitcher
Games,"date, htbf, id, sv",attendance
Games,"date, htbf, id, sv",hometeam
Games,"date, htbf, id, sv",visteam
Games,"date, htbf, id, sv",location
Games,"date, htbf, id, sv",usedh
Games,"date, htbf, id, sv",losingpitcher
Games,"date, htbf, losingpitcher, sv",winningpitcher
Games,"date, htbf, losingpitcher, sv",attendance
Games,"date, htbf, losingpitcher, sv",hometeam
Games,"date, htbf, losingpitcher, sv",visteam
Games,"date, htbf, losingpitcher, sv",location
Games,"date, htbf, losingpitcher, sv",usedh
Games,"date, htbf, losingpitcher, sv",id
Games,"hometeam, id, location, sv",winningpitcher
Games,"hometeam, id, location, sv",attendance
Games,"hometeam, id, location, sv",htbf
Games,"hometeam, id, location, sv",visteam
Games,"hometeam, id, location, sv",usedh
Games,"hometeam, id, location, sv",losingpitcher
Games,"hometeam, id, location, sv",date
Games,"hometeam, location, losingpitcher, sv",winningpitcher
Games,"hometeam, location, losingpitcher, sv",attendance
Games,"hometeam, location, losingpitcher, sv",htbf
Games,"hometeam, location, losingpitcher, sv",visteam
Games,"hometeam, location, losingpitcher, sv",usedh
Games,"hometeam, location, losingpitcher, sv",id
Games,"hometeam, location, losingpitcher, sv",date
Games,"date, hometeam, location, sv",visteam
Games,"date, hometeam, location, sv",usedh
Games,"hometeam, id, sv, visteam",winningpitcher
Games,"hometeam, id, sv, visteam",attendance
Games,"hometeam, id, sv, visteam",htbf
Games,"hometeam, id, sv, visteam",location
Games,"hometeam, id, sv, visteam",usedh
Games,"hometeam, id, sv, visteam",losingpitcher
Games,"hometeam, id, sv, visteam",date
Games,"hometeam, losingpitcher, sv, visteam",winningpitcher
Games,"hometeam, losingpitcher, sv, visteam",attendance
Games,"hometeam, losingpitcher, sv, visteam",htbf
Games,"hometeam, losingpitcher, sv, visteam",location
Games,"hometeam, losingpitcher, sv, visteam",usedh
Games,"hometeam, losingpitcher, sv, visteam",id
Games,"hometeam, losingpitcher, sv, visteam",date
Games,"date, hometeam, sv, visteam",location
Games,"date, hometeam, sv, visteam",usedh
Games,"hometeam, id, sv, usedh",winningpitcher
Games,"hometeam, id, sv, usedh",attendance
Games,"hometeam, id, sv, usedh",htbf
Games,"hometeam, id, sv, usedh",location
Games,"hometeam, id, sv, usedh",visteam
Games,"hometeam, id, sv, usedh",losingpitcher
Games,"hometeam, id, sv, usedh",date
Games,"hometeam, losingpitcher, sv, usedh",winningpitcher
Games,"hometeam, losingpitcher, sv, usedh",attendance
Games,"hometeam, losingpitcher, sv, usedh",htbf
Games,"hometeam, losingpitcher, sv, usedh",location
Games,"hometeam, losingpitcher, sv, usedh",visteam
Games,"hometeam, losingpitcher, sv, usedh",id
Games,"hometeam, losingpitcher, sv, usedh",date
Games,"date, hometeam, sv, usedh",visteam
Games,"date, hometeam, sv, usedh",location
Games,"hometeam, id, losingpitcher, sv",winningpitcher
Games,"hometeam, id, losingpitcher, sv",attendance
Games,"hometeam, id, losingpitcher, sv",htbf
Games,"hometeam, id, losingpitcher, sv",location
Games,"hometeam, id, losingpitcher, sv",visteam
Games,"hometeam, id, losingpitcher, sv",usedh
Games,"hometeam, id, losingpitcher, sv",date
Games,"date, hometeam, id, sv",winningpitcher
Games,"date, hometeam, id, sv",attendance
Games,"date, hometeam, id, sv",htbf
Games,"date, hometeam, id, sv",location
Games,"date, hometeam, id, sv",visteam
Games,"date, hometeam, id, sv",usedh
Games,"date, hometeam, id, sv",losingpitcher
Games,"date, hometeam, losingpitcher, sv",winningpitcher
Games,"date, hometeam, losingpitcher, sv",attendance
Games,"date, hometeam, losingpitcher, sv",htbf
Games,"date, hometeam, losingpitcher, sv",location
Games,"date, hometeam, losingpitcher, sv",visteam
Games,"date, hometeam, losingpitcher, sv",usedh
Games,"date, hometeam, losingpitcher, sv",id
Games,"id, location, sv, visteam",winningpitcher
Games,"id, location, sv, visteam",attendance
Games,"id, location, sv, visteam",htbf
Games,"id, location, sv, visteam",hometeam
Games,"id, location, sv, visteam",usedh
Games,"id, location, sv, visteam",losingpitcher
Games,"id, location, sv, visteam",date
Games,"location, losingpitcher, sv, visteam",winningpitcher
Games,"location, losingpitcher, sv, visteam",attendance
Games,"location, losingpitcher, sv, visteam",htbf
Games,"location, losingpitcher, sv, visteam",hometeam
Games,"location, losingpitcher, sv, visteam",usedh
Games,"location, losingpitcher, sv, visteam",id
Games,"location, losingpitcher, sv, visteam",date
Games,"date, location, sv, visteam",hometeam
Games,"date, location, sv, visteam",usedh
Games,"id, location, sv, usedh",winningpitcher
Games,"id, location, sv, usedh",attendance
Games,"id, location, sv, usedh",htbf
Games,"id, location, sv, usedh",hometeam
Games,"id, location, sv, usedh",visteam
Games,"id, location, sv, usedh",losingpitcher
Games,"id, location, sv, usedh",date
Games,"location, losingpitcher, sv, usedh",winningpitcher
Games,"location, losingpitcher, sv, usedh",attendance
Games,"location, losingpitcher, sv, usedh",htbf
Games,"location, losingpitcher, sv, usedh",hometeam
Games,"location, losingpitcher, sv, usedh",visteam
Games,"location, losingpitcher, sv, usedh",id
Games,"location, losingpitcher, sv, usedh",date
Games,"date, location, sv, usedh",hometeam
Games,"date, location, sv, usedh",visteam
Games,"id, location, losingpitcher, sv",winningpitcher
Games,"id, location, losingpitcher, sv",attendance
Games,"id, location, losingpitcher, sv",htbf
Games,"id, location, losingpitcher, sv",hometeam
Games,"id, location, losingpitcher, sv",visteam
Games,"id, location, losingpitcher, sv",usedh
Games,"id, location, losingpitcher, sv",date
Games,"date, id, location, sv",winningpitcher
Games,"date, id, location, sv",attendance
Games,"date, id, location, sv",htbf
Games,"date, id, location, sv",hometeam
Games,"date, id, location, sv",visteam
Games,"date, id, location, sv",usedh
Games,"date, id, location, sv",losingpitcher
Games,"date, location, losingpitcher, sv",winningpitcher
Games,"date, location, losingpitcher, sv",attendance
Games,"date, location, losingpitcher, sv",htbf
Games,"date, location, losingpitcher, sv",hometeam
Games,"date, location, losingpitcher, sv",visteam
Games,"date, location, losingpitcher, sv",usedh
Games,"date, location, losingpitcher, sv",id
Games,"id, sv, usedh, visteam",winningpitcher
Games,"id, sv, usedh, visteam",attendance
Games,"id, sv, usedh, visteam",htbf
Games,"id, sv, usedh, visteam",hometeam
Games,"id, sv, usedh, visteam",location
Games,"id, sv, usedh, visteam",losingpitcher
Games,"id, sv, usedh, visteam",date
Games,"losingpitcher, sv, usedh, visteam",winningpitcher
Games,"losingpitcher, sv, usedh, visteam",attendance
Games,"losingpitcher, sv, usedh, visteam",htbf
Games,"losingpitcher, sv, usedh, visteam",hometeam
Games,"losingpitcher, sv, usedh, visteam",location
Games,"losingpitcher, sv, usedh, visteam",id
Games,"losingpitcher, sv, usedh, visteam",date
Games,"date, sv, usedh, visteam",hometeam
Games,"date, sv, usedh, visteam",location
Games,"id, losingpitcher, sv, visteam",winningpitcher
Games,"id, losingpitcher, sv, visteam",attendance
Games,"id, losingpitcher, sv, visteam",htbf
Games,"id, losingpitcher, sv, visteam",hometeam
Games,"id, losingpitcher, sv, visteam",location
Games,"id, losingpitcher, sv, visteam",usedh
Games,"id, losingpitcher, sv, visteam",date
Games,"date, id, sv, visteam",winningpitcher
Games,"date, id, sv, visteam",attendance
Games,"date, id, sv, visteam",htbf
Games,"date, id, sv, visteam",hometeam
Games,"date, id, sv, visteam",location
Games,"date, id, sv, visteam",usedh
Games,"date, id, sv, visteam",losingpitcher
Games,"date, losingpitcher, sv, visteam",winningpitcher
Games,"date, losingpitcher, sv, visteam",attendance
Games,"date, losingpitcher, sv, visteam",htbf
Games,"date, losingpitcher, sv, visteam",hometeam
Games,"date, losingpitcher, sv, visteam",location
Games,"date, losingpitcher, sv, visteam",usedh
Games,"date, losingpitcher, sv, visteam",id
Games,"id, losingpitcher, sv, usedh",winningpitcher
Games,"id, losingpitcher, sv, usedh",attendance
Games,"id, losingpitcher, sv, usedh",htbf
Games,"id, losingpitcher, sv, usedh",hometeam
Games,"id, losingpitcher, sv, usedh",location
Games,"id, losingpitcher, sv, usedh",visteam
Games,"id, losingpitcher, sv, usedh",date
Games,"date, id, sv, usedh",winningpitcher
Games,"date, id, sv, usedh",attendance
Games,"date, id, sv, usedh",htbf
Games,"date, id, sv, usedh",hometeam
Games,"date, id, sv, usedh",location
Games,"date, id, sv, usedh",visteam
Games,"date, id, sv, usedh",losingpitcher
Games,"date, losingpitcher, sv, usedh",winningpitcher
Games,"date, losingpitcher, sv, usedh",attendance
Games,"date, losingpitcher, sv, usedh",htbf
Games,"date, losingpitcher, sv, usedh",hometeam
Games,"date, losingpitcher, sv, usedh",location
Games,"date, losingpitcher, sv, usedh",visteam
Games,"date, losingpitcher, sv, usedh",id
Games,"date, id, losingpitcher, sv",winningpitcher
Games,"date, id, losingpitcher, sv",attendance
Games,"date, id, losingpitcher, sv",htbf
Games,"date, id, losingpitcher, sv",hometeam
Games,"date, id, losingpitcher, sv",location
Games,"date, id, losingpitcher, sv",visteam
Games,"date, id, losingpitcher, sv",usedh
Games,"hometeam, htbf, location, visteam",usedh
Games,"hometeam, htbf, id, location",winningpitcher
Games,"hometeam, htbf, id, location",attendance
Games,"hometeam, htbf, id, location",sv
Games,"hometeam, htbf, id, location",visteam
Games,"hometeam, htbf, id, location",usedh
Games,"hometeam, htbf, id, location",losingpitcher
Games,"hometeam, htbf, id, location",date
Games,"hometeam, htbf, location, losingpitcher",winningpitcher
Games,"hometeam, htbf, location, losingpitcher",attendance
Games,"hometeam, htbf, location, losingpitcher",sv
Games,"hometeam, htbf, location, losingpitcher",visteam
Games,"hometeam, htbf, location, losingpitcher",usedh
Games,"hometeam, htbf, location, losingpitcher",id
Games,"hometeam, htbf, location, losingpitcher",date
Games,"date, hometeam, htbf, location",winningpitcher
Games,"date, hometeam, htbf, location",attendance
Games,"date, hometeam, htbf, location",sv
Games,"date, hometeam, htbf, location",visteam
Games,"date, hometeam, htbf, location",usedh
Games,"date, hometeam, htbf, location",id
Games,"date, hometeam, htbf, location",losingpitcher
Games,"hometeam, htbf, usedh, visteam",location
Games,"hometeam, htbf, id, visteam",winningpitcher
Games,"hometeam, htbf, id, visteam",attendance
Games,"hometeam, htbf, id, visteam",sv
Games,"hometeam, htbf, id, visteam",location
Games,"hometeam, htbf, id, visteam",usedh
Games,"hometeam, htbf, id, visteam",losingpitcher
Games,"hometeam, htbf, id, visteam",date
Games,"hometeam, htbf, losingpitcher, visteam",winningpitcher
Games,"hometeam, htbf, losingpitcher, visteam",attendance
Games,"hometeam, htbf, losingpitcher, visteam",sv
Games,"hometeam, htbf, losingpitcher, visteam",location
Games,"hometeam, htbf, losingpitcher, visteam",usedh
Games,"hometeam, htbf, losingpitcher, visteam",id
Games,"hometeam, htbf, losingpitcher, visteam",date
Games,"date, hometeam, htbf, visteam",winningpitcher
Games,"date, hometeam, htbf, visteam",attendance
Games,"date, hometeam, htbf, visteam",sv
Games,"date, hometeam, htbf, visteam",location
Games,"date, hometeam, htbf, visteam",usedh
Games,"date, hometeam, htbf, visteam",id
Games,"date, hometeam, htbf, visteam",losingpitcher
Games,"hometeam, htbf, id, usedh",winningpitcher
Games,"hometeam, htbf, id, usedh",attendance
Games,"hometeam, htbf, id, usedh",sv
Games,"hometeam, htbf, id, usedh",location
Games,"hometeam, htbf, id, usedh",visteam
Games,"hometeam, htbf, id, usedh",losingpitcher
Games,"hometeam, htbf, id, usedh",date
Games,"hometeam, htbf, losingpitcher, usedh",winningpitcher
Games,"hometeam, htbf, losingpitcher, usedh",attendance
Games,"hometeam, htbf, losingpitcher, usedh",sv
Games,"hometeam, htbf, losingpitcher, usedh",location
Games,"hometeam, htbf, losingpitcher, usedh",visteam
Games,"hometeam, htbf, losingpitcher, usedh",id
Games,"hometeam, htbf, losingpitcher, usedh",date
Games,"date, hometeam, htbf, usedh",winningpitcher
Games,"date, hometeam, htbf, usedh",attendance
Games,"date, hometeam, htbf, usedh",sv
Games,"date, hometeam, htbf, usedh",location
Games,"date, hometeam, htbf, usedh",visteam
Games,"date, hometeam, htbf, usedh",id
Games,"date, hometeam, htbf, usedh",losingpitcher
Games,"hometeam, htbf, id, losingpitcher",winningpitcher
Games,"hometeam, htbf, id, losingpitcher",attendance
Games,"hometeam, htbf, id, losingpitcher",sv
Games,"hometeam, htbf, id, losingpitcher",location
Games,"hometeam, htbf, id, losingpitcher",visteam
Games,"hometeam, htbf, id, losingpitcher",usedh
Games,"hometeam, htbf, id, losingpitcher",date
Games,"date, hometeam, htbf, id",winningpitcher
Games,"date, hometeam, htbf, id",attendance
Games,"date, hometeam, htbf, id",sv
Games,"date, hometeam, htbf, id",location
Games,"date, hometeam, htbf, id",visteam
Games,"date, hometeam, htbf, id",usedh
Games,"date, hometeam, htbf, id",losingpitcher
Games,"date, hometeam, htbf, losingpitcher",winningpitcher
Games,"date, hometeam, htbf, losingpitcher",attendance
Games,"date, hometeam, htbf, losingpitcher",sv
Games,"date, hometeam, htbf, losingpitcher",location
Games,"date, hometeam, htbf, losingpitcher",visteam
Games,"date, hometeam, htbf, losingpitcher",usedh
Games,"date, hometeam, htbf, losingpitcher",id
Games,"htbf, location, usedh, visteam",hometeam
Games,"htbf, id, location, visteam",winningpitcher
Games,"htbf, id, location, visteam",attendance
Games,"htbf, id, location, visteam",sv
Games,"htbf, id, location, visteam",hometeam
Games,"htbf, id, location, visteam",usedh
Games,"htbf, id, location, visteam",losingpitcher
Games,"htbf, id, location, visteam",date
Games,"htbf, location, losingpitcher, visteam",winningpitcher
Games,"htbf, location, losingpitcher, visteam",attendance
Games,"htbf, location, losingpitcher, visteam",sv
Games,"htbf, location, losingpitcher, visteam",hometeam
Games,"htbf, location, losingpitcher, visteam",usedh
Games,"htbf, location, losingpitcher, visteam",id
Games,"htbf, location, losingpitcher, visteam",date
Games,"date, htbf, location, visteam",winningpitcher
Games,"date, htbf, location, visteam",attendance
Games,"date, htbf, location, visteam",sv
Games,"date, htbf, location, visteam",hometeam
Games,"date, htbf, location, visteam",usedh
Games,"date, htbf, location, visteam",id
Games,"date, htbf, location, visteam",losingpitcher
Games,"htbf, id, location, usedh",winningpitcher
Games,"htbf, id, location, usedh",attendance
Games,"htbf, id, location, usedh",sv
Games,"htbf, id, location, usedh",hometeam
Games,"htbf, id, location, usedh",visteam
Games,"htbf, id, location, usedh",losingpitcher
Games,"htbf, id, location, usedh",date
Games,"htbf, location, losingpitcher, usedh",winningpitcher
Games,"htbf, location, losingpitcher, usedh",attendance
Games,"htbf, location, losingpitcher, usedh",sv
Games,"htbf, location, losingpitcher, usedh",hometeam
Games,"htbf, location, losingpitcher, usedh",visteam
Games,"htbf, location, losingpitcher, usedh",id
Games,"htbf, location, losingpitcher, usedh",date
Games,"date, htbf, location, usedh",winningpitcher
Games,"date, htbf, location, usedh",attendance
Games,"date, htbf, location, usedh",sv
Games,"date, htbf, location, usedh",hometeam
Games,"date, htbf, location, usedh",visteam
Games,"date, htbf, location, usedh",id
Games,"date, htbf, location, usedh",losingpitcher
Games,"htbf, id, location, losingpitcher",winningpitcher
Games,"htbf, id, location, losingpitcher",attendance
Games,"htbf, id, location, losingpitcher",sv
Games,"htbf, id, location, losingpitcher",hometeam
Games,"htbf, id, location, losingpitcher",visteam
Games,"htbf, id, location, losingpitcher",usedh
Games,"htbf, id, location, losingpitcher",date
Games,"date, htbf, id, location",winningpitcher
Games,"date, htbf, id, location",attendance
Games,"date, htbf, id, location",sv
Games,"date, htbf, id, location",hometeam
Games,"date, htbf, id, location",visteam
Games,"date, htbf, id, location",usedh
Games,"date, htbf, id, location",losingpitcher
Games,"date, htbf, location, losingpitcher",winningpitcher
Games,"date, htbf, location, losingpitcher",attendance
Games,"date, htbf, location, losingpitcher",sv
Games,"date, htbf, location, losingpitcher",hometeam
Games,"date, htbf, location, losingpitcher",visteam
Games,"date, htbf, location, losingpitcher",usedh
Games,"date, htbf, location, losingpitcher",id
Games,"htbf, id, usedh, visteam",winningpitcher
Games,"htbf, id, usedh, visteam",attendance
Games,"htbf, id, usedh, visteam",sv
Games,"htbf, id, usedh, visteam",hometeam
Games,"htbf, id, usedh, visteam",location
Games,"htbf, id, usedh, visteam",losingpitcher
Games,"htbf, id, usedh, visteam",date
Games,"htbf, losingpitcher, usedh, visteam",winningpitcher
Games,"htbf, losingpitcher, usedh, visteam",attendance
Games,"htbf, losingpitcher, usedh, visteam",sv
Games,"htbf, losingpitcher, usedh, visteam",hometeam
Games,"htbf, losingpitcher, usedh, visteam",location
Games,"htbf, losingpitcher, usedh, visteam",id
Games,"htbf, losingpitcher, usedh, visteam",date
Games,"date, htbf, usedh, visteam",winningpitcher
Games,"date, htbf, usedh, visteam",attendance
Games,"date, htbf, usedh, visteam",sv
Games,"date, htbf, usedh, visteam",hometeam
Games,"date, htbf, usedh, visteam",location
Games,"date, htbf, usedh, visteam",id
Games,"date, htbf, usedh, visteam",losingpitcher
Games,"htbf, id, losingpitcher, visteam",winningpitcher
Games,"htbf, id, losingpitcher, visteam",attendance
Games,"htbf, id, losingpitcher, visteam",sv
Games,"htbf, id, losingpitcher, visteam",hometeam
Games,"htbf, id, losingpitcher, visteam",location
Games,"htbf, id, losingpitcher, visteam",usedh
Games,"htbf, id, losingpitcher, visteam",date
Games,"date, htbf, id, visteam",winningpitcher
Games,"date, htbf, id, visteam",attendance
Games,"date, htbf, id, visteam",sv
Games,"date, htbf, id, visteam",hometeam
Games,"date, htbf, id, visteam",location
Games,"date, htbf, id, visteam",usedh
Games,"date, htbf, id, visteam",losingpitcher
Games,"date, htbf, losingpitcher, visteam",winningpitcher
Games,"date, htbf, losingpitcher, visteam",attendance
Games,"date, htbf, losingpitcher, visteam",sv
Games,"date, htbf, losingpitcher, visteam",hometeam
Games,"date, htbf, losingpitcher, visteam",location
Games,"date, htbf, losingpitcher, visteam",usedh
Games,"date, htbf, losingpitcher, visteam",id
Games,"htbf, id, losingpitcher, usedh",winningpitcher
Games,"htbf, id, losingpitcher, usedh",attendance
Games,"htbf, id, losingpitcher, usedh",sv
Games,"htbf, id, losingpitcher, usedh",hometeam
Games,"htbf, id, losingpitcher, usedh",location
Games,"htbf, id, losingpitcher, usedh",visteam
Games,"htbf, id, losingpitcher, usedh",date
Games,"date, htbf, id, usedh",winningpitcher
Games,"date, htbf, id, usedh",attendance
Games,"date, htbf, id, usedh",sv
Games,"date, htbf, id, usedh",hometeam
Games,"date, htbf, id, usedh",location
Games,"date, htbf, id, usedh",visteam
Games,"date, htbf, id, usedh",losingpitcher
Games,"date, htbf, losingpitcher, usedh",winningpitcher
Games,"date, htbf, losingpitcher, usedh",attendance
Games,"date, htbf, losingpitcher, usedh",sv
Games,"date, htbf, losingpitcher, usedh",hometeam
Games,"date, htbf, losingpitcher, usedh",location
Games,"date, htbf, losingpitcher, usedh",visteam
Games,"date, htbf, losingpitcher, usedh",id
Games,"date, htbf, id, losingpitcher",winningpitcher
Games,"date, htbf, id, losingpitcher",attendance
Games,"date, htbf, id, losingpitcher",sv
Games,"date, htbf, id, losingpitcher",hometeam
Games,"date, htbf, id, losingpitcher",location
Games,"date, htbf, id, losingpitcher",visteam
Games,"date, htbf, id, losingpitcher",usedh
Games,"hometeam, id, location, visteam",winningpitcher
Games,"hometeam, id, location, visteam",attendance
Games,"hometeam, id, location, visteam",sv
Games,"hometeam, id, location, visteam",htbf
Games,"hometeam, id, location, visteam",usedh
Games,"hometeam, id, location, visteam",losingpitcher
Games,"hometeam, id, location, visteam",date
Games,"date, hometeam, location, visteam",usedh
Games,"hometeam, id, location, usedh",winningpitcher
Games,"hometeam, id, location, usedh",attendance
Games,"hometeam, id, location, usedh",sv
Games,"hometeam, id, location, usedh",htbf
Games,"hometeam, id, location, usedh",visteam
Games,"hometeam, id, location, usedh",losingpitcher
Games,"hometeam, id, location, usedh",date
Games,"hometeam, id, location, losingpitcher",winningpitcher
Games,"hometeam, id, location, losingpitcher",attendance
Games,"hometeam, id, location, losingpitcher",sv
Games,"hometeam, id, location, losingpitcher",htbf
Games,"hometeam, id, location, losingpitcher",visteam
Games,"hometeam, id, location, losingpitcher",usedh
Games,"hometeam, id, location, losingpitcher",date
Games,"date, hometeam, id, location",winningpitcher
Games,"date, hometeam, id, location",attendance
Games,"date, hometeam, id, location",sv
Games,"date, hometeam, id, location",htbf
Games,"date, hometeam, id, location",visteam
Games,"date, hometeam, id, location",usedh
Games,"date, hometeam, id, location",losingpitcher
Games,"date, hometeam, location, losingpitcher",winningpitcher
Games,"date, hometeam, location, losingpitcher",attendance
Games,"date, hometeam, location, losingpitcher",sv
Games,"date, hometeam, location, losingpitcher",htbf
Games,"date, hometeam, location, losingpitcher",visteam
Games,"date, hometeam, location, losingpitcher",usedh
Games,"date, hometeam, location, losingpitcher",id
Games,"hometeam, id, usedh, visteam",winningpitcher
Games,"hometeam, id, usedh, visteam",attendance
Games,"hometeam, id, usedh, visteam",sv
Games,"hometeam, id, usedh, visteam",htbf
Games,"hometeam, id, usedh, visteam",location
Games,"hometeam, id, usedh, visteam",losingpitcher
Games,"hometeam, id, usedh, visteam",date
Games,"date, hometeam, usedh, visteam",location
Games,"hometeam, id, losingpitcher, visteam",winningpitcher
Games,"hometeam, id, losingpitcher, visteam",attendance
Games,"hometeam, id, losingpitcher, visteam",sv
Games,"hometeam, id, losingpitcher, visteam",htbf
Games,"hometeam, id, losingpitcher, visteam",location
Games,"hometeam, id, losingpitcher, visteam",usedh
Games,"hometeam, id, losingpitcher, visteam",date
Games,"date, hometeam, id, visteam",winningpitcher
Games,"date, hometeam, id, visteam",attendance
Games,"date, hometeam, id, visteam",sv
Games,"date, hometeam, id, visteam",htbf
Games,"date, hometeam, id, visteam",location
Games,"date, hometeam, id, visteam",usedh
Games,"date, hometeam, id, visteam",losingpitcher
Games,"date, hometeam, losingpitcher, visteam",winningpitcher
Games,"date, hometeam, losingpitcher, visteam",attendance
Games,"date, hometeam, losingpitcher, visteam",sv
Games,"date, hometeam, losingpitcher, visteam",htbf
Games,"date, hometeam, losingpitcher, visteam",location
Games,"date, hometeam, losingpitcher, visteam",usedh
Games,"date, hometeam, losingpitcher, visteam",id
Games,"hometeam, id, losingpitcher, usedh",winningpitcher
Games,"hometeam, id, losingpitcher, usedh",attendance
Games,"hometeam, id, losingpitcher, usedh",sv
Games,"hometeam, id, losingpitcher, usedh",htbf
Games,"hometeam, id, losingpitcher, usedh",location
Games,"hometeam, id, losingpitcher, usedh",visteam
Games,"hometeam, id, losingpitcher, usedh",date
Games,"date, hometeam, id, usedh",winningpitcher
Games,"date, hometeam, id, usedh",attendance
Games,"date, hometeam, id, usedh",sv
Games,"date, hometeam, id, usedh",htbf
Games,"date, hometeam, id, usedh",location
Games,"date, hometeam, id, usedh",visteam
Games,"date, hometeam, id, usedh",losingpitcher
Games,"date, hometeam, losingpitcher, usedh",winningpitcher
Games,"date, hometeam, losingpitcher, usedh",attendance
Games,"date, hometeam, losingpitcher, usedh",sv
Games,"date, hometeam, losingpitcher, usedh",htbf
Games,"date, hometeam, losingpitcher, usedh",location
Games,"date, hometeam, losingpitcher, usedh",visteam
Games,"date, hometeam, losingpitcher, usedh",id
Games,"date, hometeam, id, losingpitcher",winningpitcher
Games,"date, hometeam, id, losingpitcher",attendance
Games,"date, hometeam, id, losingpitcher",sv
Games,"date, hometeam, id, losingpitcher",htbf
Games,"date, hometeam, id, losingpitcher",location
Games,"date, hometeam, id, losingpitcher",visteam
Games,"date, hometeam, id, losingpitcher",usedh
Games,"id, location, usedh, visteam",winningpitcher
Games,"id, location, usedh, visteam",attendance
Games,"id, location, usedh, visteam",sv
Games,"id, location, usedh, visteam",htbf
Games,"id, location, usedh, visteam",hometeam
Games,"id, location, usedh, visteam",losingpitcher
Games,"id, location, usedh, visteam",date
Games,"date, location, usedh, visteam",hometeam
Games,"id, location, losingpitcher, visteam",winningpitcher
Games,"id, location, losingpitcher, visteam",attendance
Games,"id, location, losingpitcher, visteam",sv
Games,"id, location, losingpitcher, visteam",htbf
Games,"id, location, losingpitcher, visteam",hometeam
Games,"id, location, losingpitcher, visteam",usedh
Games,"id, location, losingpitcher, visteam",date
Games,"date, id, location, visteam",winningpitcher
Games,"date, id, location, visteam",attendance
Games,"date, id, location, visteam",sv
Games,"date, id, location, visteam",htbf
Games,"date, id, location, visteam",hometeam
Games,"date, id, location, visteam",usedh
Games,"date, id, location, visteam",losingpitcher
Games,"date, location, losingpitcher, visteam",winningpitcher
Games,"date, location, losingpitcher, visteam",attendance
Games,"date, location, losingpitcher, visteam",sv
Games,"date, location, losingpitcher, visteam",htbf
Games,"date, location, losingpitcher, visteam",hometeam
Games,"date, location, losingpitcher, visteam",usedh
Games,"date, location, losingpitcher, visteam",id
Games,"id, location, losingpitcher, usedh",winningpitcher
Games,"id, location, losingpitcher, usedh",attendance
Games,"id, location, losingpitcher, usedh",sv
Games,"id, location, losingpitcher, usedh",htbf
Games,"id, location, losingpitcher, usedh",hometeam
Games,"id, location, losingpitcher, usedh",visteam
Games,"id, location, losingpitcher, usedh",date
Games,"date, id, location, usedh",winningpitcher
Games,"date, id, location, usedh",attendance
Games,"date, id, location, usedh",sv
Games,"date, id, location, usedh",htbf
Games,"date, id, location, usedh",hometeam
Games,"date, id, location, usedh",visteam
Games,"date, id, location, usedh",losingpitcher
Games,"date, location, losingpitcher, usedh",winningpitcher
Games,"date, location, losingpitcher, usedh",attendance
Games,"date, location, losingpitcher, usedh",sv
Games,"date, location, losingpitcher, usedh",htbf
Games,"date, location, losingpitcher, usedh",hometeam
Games,"date, location, losingpitcher, usedh",visteam
Games,"date, location, losingpitcher, usedh",id
Games,"date, id, location, losingpitcher",winningpitcher
Games,"date, id, location, losingpitcher",attendance
Games,"date, id, location, losingpitcher",sv
Games,"date, id, location, losingpitcher",htbf
Games,"date, id, location, losingpitcher",hometeam
Games,"date, id, location, losingpitcher",visteam
Games,"date, id, location, losingpitcher",usedh
Games,"id, losingpitcher, usedh, visteam",winningpitcher
Games,"id, losingpitcher, usedh, visteam",attendance
Games,"id, losingpitcher, usedh, visteam",sv
Games,"id, losingpitcher, usedh, visteam",htbf
Games,"id, losingpitcher, usedh, visteam",hometeam
Games,"id, losingpitcher, usedh, visteam",location
Games,"id, losingpitcher, usedh, visteam",date
Games,"date, id, usedh, visteam",winningpitcher
Games,"date, id, usedh, visteam",attendance
Games,"date, id, usedh, visteam",sv
Games,"date, id, usedh, visteam",htbf
Games,"date, id, usedh, visteam",hometeam
Games,"date, id, usedh, visteam",location
Games,"date, id, usedh, visteam",losingpitcher
Games,"date, losingpitcher, usedh, visteam",winningpitcher
Games,"date, losingpitcher, usedh, visteam",attendance
Games,"date, losingpitcher, usedh, visteam",sv
Games,"date, losingpitcher, usedh, visteam",htbf
Games,"date, losingpitcher, usedh, visteam",hometeam
Games,"date, losingpitcher, usedh, visteam",location
Games,"date, losingpitcher, usedh, visteam",id
Games,"date, id, losingpitcher, visteam",winningpitcher
Games,"date, id, losingpitcher, visteam",attendance
Games,"date, id, losingpitcher, visteam",sv
Games,"date, id, losingpitcher, visteam",htbf
Games,"date, id, losingpitcher, visteam",hometeam
Games,"date, id, losingpitcher, visteam",location
Games,"date, id, losingpitcher, visteam",usedh
Games,"date, id, losingpitcher, usedh",winningpitcher
Games,"date, id, losingpitcher, usedh",attendance
Games,"date, id, losingpitcher, usedh",sv
Games,"date, id, losingpitcher, usedh",htbf
Games,"date, id, losingpitcher, usedh",hometeam
Games,"date, id, losingpitcher, usedh",location
Games,"date, id, losingpitcher, usedh",visteam
Games,"attendance, hometeam, htbf, sv, winningpitcher",location
Games,"attendance, hometeam, htbf, sv, winningpitcher",visteam
Games,"attendance, hometeam, htbf, sv, winningpitcher",usedh
Games,"attendance, hometeam, htbf, sv, winningpitcher",id
Games,"attendance, hometeam, htbf, sv, winningpitcher",losingpitcher
Games,"attendance, hometeam, htbf, sv, winningpitcher",date
Games,"attendance, htbf, location, sv, winningpitcher",hometeam
Games,"attendance, htbf, location, sv, winningpitcher",visteam
Games,"attendance, htbf, location, sv, winningpitcher",usedh
Games,"attendance, htbf, location, sv, winningpitcher",id
Games,"attendance, htbf, location, sv, winningpitcher",losingpitcher
Games,"attendance, htbf, location, sv, winningpitcher",date
Games,"attendance, htbf, sv, visteam, winningpitcher",hometeam
Games,"attendance, htbf, sv, visteam, winningpitcher",location
Games,"attendance, htbf, sv, visteam, winningpitcher",usedh
Games,"attendance, htbf, sv, visteam, winningpitcher",id
Games,"attendance, htbf, sv, visteam, winningpitcher",losingpitcher
Games,"attendance, htbf, sv, visteam, winningpitcher",date
Games,"attendance, htbf, sv, usedh, winningpitcher",hometeam
Games,"attendance, htbf, sv, usedh, winningpitcher",location
Games,"attendance, htbf, sv, usedh, winningpitcher",visteam
Games,"attendance, htbf, sv, usedh, winningpitcher",id
Games,"attendance, htbf, sv, usedh, winningpitcher",losingpitcher
Games,"attendance, htbf, sv, usedh, winningpitcher",date
Games,"attendance, htbf, id, sv, winningpitcher",hometeam
Games,"attendance, htbf, id, sv, winningpitcher",location
Games,"attendance, htbf, id, sv, winningpitcher",visteam
Games,"attendance, htbf, id, sv, winningpitcher",usedh
Games,"attendance, htbf, id, sv, winningpitcher",losingpitcher
Games,"attendance, htbf, id, sv, winningpitcher",date
Games,"attendance, htbf, losingpitcher, sv, winningpitcher",hometeam
Games,"attendance, htbf, losingpitcher, sv, winningpitcher",location
Games,"attendance, htbf, losingpitcher, sv, winningpitcher",visteam
Games,"attendance, htbf, losingpitcher, sv, winningpitcher",usedh
Games,"attendance, htbf, losingpitcher, sv, winningpitcher",id
Games,"attendance, htbf, losingpitcher, sv, winningpitcher",date
Games,"attendance, date, htbf, sv, winningpitcher",hometeam
Games,"attendance, date, htbf, sv, winningpitcher",location
Games,"attendance, date, htbf, sv, winningpitcher",visteam
Games,"attendance, date, htbf, sv, winningpitcher",usedh
Games,"attendance, date, htbf, sv, winningpitcher",id
Games,"attendance, date, htbf, sv, winningpitcher",losingpitcher
Games,"attendance, hometeam, sv, visteam, winningpitcher",location
Games,"attendance, hometeam, sv, visteam, winningpitcher",usedh
Games,"attendance, hometeam, id, sv, winningpitcher",htbf
Games,"attendance, hometeam, id, sv, winningpitcher",location
Games,"attendance, hometeam, id, sv, winningpitcher",visteam
Games,"attendance, hometeam, id, sv, winningpitcher",usedh
Games,"attendance, hometeam, id, sv, winningpitcher",losingpitcher
Games,"attendance, hometeam, id, sv, winningpitcher",date
Games,"attendance, hometeam, losingpitcher, sv, winningpitcher",htbf
Games,"attendance, hometeam, losingpitcher, sv, winningpitcher",location
Games,"attendance, hometeam, losingpitcher, sv, winningpitcher",visteam
Games,"attendance, hometeam, losingpitcher, sv, winningpitcher",usedh
Games,"attendance, hometeam, losingpitcher, sv, winningpitcher",id
Games,"attendance, hometeam, losingpitcher, sv, winningpitcher",date
Games,"attendance, date, hometeam, sv, winningpitcher",htbf
Games,"attendance, date, hometeam, sv, winningpitcher",location
Games,"attendance, date, hometeam, sv, winningpitcher",visteam
Games,"attendance, date, hometeam, sv, winningpitcher",usedh
Games,"attendance, date, hometeam, sv, winningpitcher",id
Games,"attendance, date, hometeam, sv, winningpitcher",losingpitcher
Games,"attendance, location, sv, visteam, winningpitcher",hometeam
Games,"attendance, location, sv, visteam, winningpitcher",usedh
Games,"attendance, location, sv, usedh, winningpitcher",hometeam
Games,"attendance, id, location, sv, winningpitcher",htbf
Games,"attendance, id, location, sv, winningpitcher",hometeam
Games,"attendance, id, location, sv, winningpitcher",visteam
Games,"attendance, id, location, sv, winningpitcher",usedh
Games,"attendance, id, location, sv, winningpitcher",losingpitcher
Games,"attendance, id, location, sv, winningpitcher",date
Games,"attendance, location, losingpitcher, sv, winningpitcher",htbf
Games,"attendance, location, losingpitcher, sv, winningpitcher",hometeam
Games,"attendance, location, losingpitcher, sv, winningpitcher",visteam
Games,"attendance, location, losingpitcher, sv, winningpitcher",usedh
Games,"attendance, location, losingpitcher, sv, winningpitcher",id
Games,"attendance, location, losingpitcher, sv, winningpitcher",date
Games,"attendance, date, location, sv, winningpitcher",htbf
Games,"attendance, date, location, sv, winningpitcher",hometeam
Games,"attendance, date, location, sv, winningpitcher",visteam
Games,"attendance, date, location, sv, winningpitcher",usedh
Games,"attendance, date, location, sv, winningpitcher",id
Games,"attendance, date, location, sv, winningpitcher",losingpitcher
Games,"attendance, id, sv, visteam, winningpitcher",htbf
Games,"attendance, id, sv, visteam, winningpitcher",hometeam
Games,"attendance, id, sv, visteam, winningpitcher",location
Games,"attendance, id, sv, visteam, winningpitcher",usedh
Games,"attendance, id, sv, visteam, winningpitcher",losingpitcher
Games,"attendance, id, sv, visteam, winningpitcher",date
Games,"attendance, losingpitcher, sv, visteam, winningpitcher",htbf
Games,"attendance, losingpitcher, sv, visteam, winningpitcher",hometeam
Games,"attendance, losingpitcher, sv, visteam, winningpitcher",location
Games,"attendance, losingpitcher, sv, visteam, winningpitcher",usedh
Games,"attendance, losingpitcher, sv, visteam, winningpitcher",id
Games,"attendance, losingpitcher, sv, visteam, winningpitcher",date
Games,"attendance, date, sv, visteam, winningpitcher",htbf
Games,"attendance, date, sv, visteam, winningpitcher",hometeam
Games,"attendance, date, sv, visteam, winningpitcher",location
Games,"attendance, date, sv, visteam, winningpitcher",usedh
Games,"attendance, date, sv, visteam, winningpitcher",id
Games,"attendance, date, sv, visteam, winningpitcher",losingpitcher
Games,"attendance, id, sv, usedh, winningpitcher",htbf
Games,"attendance, id, sv, usedh, winningpitcher",hometeam
Games,"attendance, id, sv, usedh, winningpitcher",location
Games,"attendance, id, sv, usedh, winningpitcher",visteam
Games,"attendance, id, sv, usedh, winningpitcher",losingpitcher
Games,"attendance, id, sv, usedh, winningpitcher",date
Games,"attendance, losingpitcher, sv, usedh, winningpitcher",htbf
Games,"attendance, losingpitcher, sv, usedh, winningpitcher",hometeam
Games,"attendance, losingpitcher, sv, usedh, winningpitcher",location
Games,"attendance, losingpitcher, sv, usedh, winningpitcher",visteam
Games,"attendance, losingpitcher, sv, usedh, winningpitcher",id
Games,"attendance, losingpitcher, sv, usedh, winningpitcher",date
Games,"attendance, date, sv, usedh, winningpitcher",htbf
Games,"attendance, date, sv, usedh, winningpitcher",hometeam
Games,"attendance, date, sv, usedh, winningpitcher",location
Games,"attendance, date, sv, usedh, winningpitcher",visteam
Games,"attendance, date, sv, usedh, winningpitcher",id
Games,"attendance, date, sv, usedh, winningpitcher",losingpitcher
Games,"attendance, id, losingpitcher, sv, winningpitcher",htbf
Games,"attendance, id, losingpitcher, sv, winningpitcher",hometeam
Games,"attendance, id, losingpitcher, sv, winningpitcher",location
Games,"attendance, id, losingpitcher, sv, winningpitcher",visteam
Games,"attendance, id, losingpitcher, sv, winningpitcher",usedh
Games,"attendance, id, losingpitcher, sv, winningpitcher",date
Games,"attendance, date, id, sv, winningpitcher",htbf
Games,"attendance, date, id, sv, winningpitcher",hometeam
Games,"attendance, date, id, sv, winningpitcher",location
Games,"attendance, date, id, sv, winningpitcher",visteam
Games,"attendance, date, id, sv, winningpitcher",usedh
Games,"attendance, date, id, sv, winningpitcher",losingpitcher
Games,"attendance, date, losingpitcher, sv, winningpitcher",htbf
Games,"attendance, date, losingpitcher, sv, winningpitcher",hometeam
Games,"attendance, date, losingpitcher, sv, winningpitcher",location
Games,"attendance, date, losingpitcher, sv, winningpitcher",visteam
Games,"attendance, date, losingpitcher, sv, winningpitcher",usedh
Games,"attendance, date, losingpitcher, sv, winningpitcher",id
Games,"attendance, hometeam, htbf, location, winningpitcher",sv
Games,"attendance, hometeam, htbf, location, winningpitcher",visteam
Games,"attendance, hometeam, htbf, location, winningpitcher",usedh
Games,"attendance, hometeam, htbf, location, winningpitcher",id
Games,"attendance, hometeam, htbf, location, winningpitcher",losingpitcher
Games,"attendance, hometeam, htbf, location, winningpitcher",date
Games,"attendance, hometeam, htbf, visteam, winningpitcher",sv
Games,"attendance, hometeam, htbf, visteam, winningpitcher",location
Games,"attendance, hometeam, htbf, visteam, winningpitcher",usedh
Games,"attendance, hometeam, htbf, visteam, winningpitcher",id
Games,"attendance, hometeam, htbf, visteam, winningpitcher",losingpitcher
Games,"attendance, hometeam, htbf, visteam, winningpitcher",date
Games,"attendance, hometeam, htbf, usedh, winningpitcher",sv
Games,"attendance, hometeam, htbf, usedh, winningpitcher",location
Games,"attendance, hometeam, htbf, usedh, winningpitcher",visteam
Games,"attendance, hometeam, htbf, usedh, winningpitcher",id
Games,"attendance, hometeam, htbf, usedh, winningpitcher",losingpitcher
Games,"attendance, hometeam, htbf, usedh, winningpitcher",date
Games,"attendance, hometeam, htbf, id, winningpitcher",sv
Games,"attendance, hometeam, htbf, id, winningpitcher",location
Games,"attendance, hometeam, htbf, id, winningpitcher",visteam
Games,"attendance, hometeam, htbf, id, winningpitcher",usedh
Games,"attendance, hometeam, htbf, id, winningpitcher",losingpitcher
Games,"attendance, hometeam, htbf, id, winningpitcher",date
Games,"attendance, hometeam, htbf, losingpitcher, winningpitcher",sv
Games,"attendance, hometeam, htbf, losingpitcher, winningpitcher",location
Games,"attendance, hometeam, htbf, losingpitcher, winningpitcher",visteam
Games,"attendance, hometeam, htbf, losingpitcher, winningpitcher",usedh
Games,"attendance, hometeam, htbf, losingpitcher, winningpitcher",id
Games,"attendance, hometeam, htbf, losingpitcher, winningpitcher",date
Games,"attendance, date, hometeam, htbf, winningpitcher",sv
Games,"attendance, date, hometeam, htbf, winningpitcher",location
Games,"attendance, date, hometeam, htbf, winningpitcher",visteam
Games,"attendance, date, hometeam, htbf, winningpitcher",usedh
Games,"attendance, date, hometeam, htbf, winningpitcher",id
Games,"attendance, date, hometeam, htbf, winningpitcher",losingpitcher
Games,"attendance, htbf, location, visteam, winningpitcher",sv
Games,"attendance, htbf, location, visteam, winningpitcher",hometeam
Games,"attendance, htbf, location, visteam, winningpitcher",usedh
Games,"attendance, htbf, location, visteam, winningpitcher",id
Games,"attendance, htbf, location, visteam, winningpitcher",losingpitcher
Games,"attendance, htbf, location, visteam, winningpitcher",date
Games,"attendance, htbf, location, usedh, winningpitcher",sv
Games,"attendance, htbf, location, usedh, winningpitcher",hometeam
Games,"attendance, htbf, location, usedh, winningpitcher",visteam
Games,"attendance, htbf, location, usedh, winningpitcher",id
Games,"attendance, htbf, location, usedh, winningpitcher",losingpitcher
Games,"attendance, htbf, location, usedh, winningpitcher",date
Games,"attendance, htbf, id, location, winningpitcher",sv
Games,"attendance, htbf, id, location, winningpitcher",hometeam
Games,"attendance, htbf, id, location, winningpitcher",visteam
Games,"attendance, htbf, id, location, winningpitcher",usedh
Games,"attendance, htbf, id, location, winningpitcher",losingpitcher
Games,"attendance, htbf, id, location, winningpitcher",date
Games,"attendance, htbf, location, losingpitcher, winningpitcher",sv
Games,"attendance, htbf, location, losingpitcher, winningpitcher",hometeam
Games,"attendance, htbf, location, losingpitcher, winningpitcher",visteam
Games,"attendance, htbf, location, losingpitcher, winningpitcher",usedh
Games,"attendance, htbf, location, losingpitcher, winningpitcher",id
Games,"attendance, htbf, location, losingpitcher, winningpitcher",date
Games,"attendance, date, htbf, location, winningpitcher",sv
Games,"attendance, date, htbf, location, winningpitcher",hometeam
Games,"attendance, date, htbf, location, winningpitcher",visteam
Games,"attendance, date, htbf, location, winningpitcher",usedh
Games,"attendance, date, htbf, location, winningpitcher",id
Games,"attendance, date, htbf, location, winningpitcher",losingpitcher
Games,"attendance, htbf, usedh, visteam, winningpitcher",sv
Games,"attendance, htbf, usedh, visteam, winningpitcher",hometeam
Games,"attendance, htbf, usedh, visteam, winningpitcher",location
Games,"attendance, htbf, usedh, visteam, winningpitcher",id
Games,"attendance, htbf, usedh, visteam, winningpitcher",losingpitcher
Games,"attendance, htbf, usedh, visteam, winningpitcher",date
Games,"attendance, htbf, id, visteam, winningpitcher",sv
Games,"attendance, htbf, id, visteam, winningpitcher",hometeam
Games,"attendance, htbf, id, visteam, winningpitcher",location
Games,"attendance, htbf, id, visteam, winningpitcher",usedh
Games,"attendance, htbf, id, visteam, winningpitcher",losingpitcher
Games,"attendance, htbf, id, visteam, winningpitcher",date
Games,"attendance, htbf, losingpitcher, visteam, winningpitcher",sv
Games,"attendance, htbf, losingpitcher, visteam, winningpitcher",hometeam
Games,"attendance, htbf, losingpitcher, visteam, winningpitcher",location
Games,"attendance, htbf, losingpitcher, visteam, winningpitcher",usedh
Games,"attendance, htbf, losingpitcher, visteam, winningpitcher",id
Games,"attendance, htbf, losingpitcher, visteam, winningpitcher",date
Games,"attendance, date, htbf, visteam, winningpitcher",sv
Games,"attendance, date, htbf, visteam, winningpitcher",hometeam
Games,"attendance, date, htbf, visteam, winningpitcher",location
Games,"attendance, date, htbf, visteam, winningpitcher",usedh
Games,"attendance, date, htbf, visteam, winningpitcher",id
Games,"attendance, date, htbf, visteam, winningpitcher",losingpitcher
Games,"attendance, htbf, id, usedh, winningpitcher",sv
Games,"attendance, htbf, id, usedh, winningpitcher",hometeam
Games,"attendance, htbf, id, usedh, winningpitcher",location
Games,"attendance, htbf, id, usedh, winningpitcher",visteam
Games,"attendance, htbf, id, usedh, winningpitcher",losingpitcher
Games,"attendance, htbf, id, usedh, winningpitcher",date
Games,"attendance, htbf, losingpitcher, usedh, winningpitcher",sv
Games,"attendance, htbf, losingpitcher, usedh, winningpitcher",hometeam
Games,"attendance, htbf, losingpitcher, usedh, winningpitcher",location
Games,"attendance, htbf, losingpitcher, usedh, winningpitcher",visteam
Games,"attendance, htbf, losingpitcher, usedh, winningpitcher",id
Games,"attendance, htbf, losingpitcher, usedh, winningpitcher",date
Games,"attendance, date, htbf, usedh, winningpitcher",sv
Games,"attendance, date, htbf, usedh, winningpitcher",hometeam
Games,"attendance, date, htbf, usedh, winningpitcher",location
Games,"attendance, date, htbf, usedh, winningpitcher",visteam
Games,"attendance, date, htbf, usedh, winningpitcher",id
Games,"attendance, date, htbf, usedh, winningpitcher",losingpitcher
Games,"attendance, htbf, id, losingpitcher, winningpitcher",sv
Games,"attendance, htbf, id, losingpitcher, winningpitcher",hometeam
Games,"attendance, htbf, id, losingpitcher, winningpitcher",location
Games,"attendance, htbf, id, losingpitcher, winningpitcher",visteam
Games,"attendance, htbf, id, losingpitcher, winningpitcher",usedh
Games,"attendance, htbf, id, losingpitcher, winningpitcher",date
Games,"attendance, date, htbf, id, winningpitcher",sv
Games,"attendance, date, htbf, id, winningpitcher",hometeam
Games,"attendance, date, htbf, id, winningpitcher",location
Games,"attendance, date, htbf, id, winningpitcher",visteam
Games,"attendance, date, htbf, id, winningpitcher",usedh
Games,"attendance, date, htbf, id, winningpitcher",losingpitcher
Games,"attendance, date, htbf, losingpitcher, winningpitcher",sv
Games,"attendance, date, htbf, losingpitcher, winningpitcher",hometeam
Games,"attendance, date, htbf, losingpitcher, winningpitcher",location
Games,"attendance, date, htbf, losingpitcher, winningpitcher",visteam
Games,"attendance, date, htbf, losingpitcher, winningpitcher",usedh
Games,"attendance, date, htbf, losingpitcher, winningpitcher",id
Games,"attendance, hometeam, id, location, winningpitcher",sv
Games,"attendance, hometeam, id, location, winningpitcher",htbf
Games,"attendance, hometeam, id, location, winningpitcher",visteam
Games,"attendance, hometeam, id, location, winningpitcher",usedh
Games,"attendance, hometeam, id, location, winningpitcher",losingpitcher
Games,"attendance, hometeam, id, location, winningpitcher",date
Games,"attendance, hometeam, location, losingpitcher, winningpitcher",sv
Games,"attendance, hometeam, location, losingpitcher, winningpitcher",htbf
Games,"attendance, hometeam, location, losingpitcher, winningpitcher",visteam
Games,"attendance, hometeam, location, losingpitcher, winningpitcher",usedh
Games,"attendance, hometeam, location, losingpitcher, winningpitcher",id
Games,"attendance, hometeam, location, losingpitcher, winningpitcher",date
Games,"attendance, date, hometeam, location, winningpitcher",sv
Games,"attendance, date, hometeam, location, winningpitcher",htbf
Games,"attendance, date, hometeam, location, winningpitcher",visteam
Games,"attendance, date, hometeam, location, winningpitcher",usedh
Games,"attendance, date, hometeam, location, winningpitcher",id
Games,"attendance, date, hometeam, location, winningpitcher",losingpitcher
Games,"attendance, hometeam, id, visteam, winningpitcher",sv
Games,"attendance, hometeam, id, visteam, winningpitcher",htbf
Games,"attendance, hometeam, id, visteam, winningpitcher",location
Games,"attendance, hometeam, id, visteam, winningpitcher",usedh
Games,"attendance, hometeam, id, visteam, winningpitcher",losingpitcher
Games,"attendance, hometeam, id, visteam, winningpitcher",date
Games,"attendance, hometeam, losingpitcher, visteam, winningpitcher",sv
Games,"attendance, hometeam, losingpitcher, visteam, winningpitcher",htbf
Games,"attendance, hometeam, losingpitcher, visteam, winningpitcher",location
Games,"attendance, hometeam, losingpitcher, visteam, winningpitcher",usedh
Games,"attendance, hometeam, losingpitcher, visteam, winningpitcher",id
Games,"attendance, hometeam, losingpitcher, visteam, winningpitcher",date
Games,"attendance, date, hometeam, visteam, winningpitcher",sv
Games,"attendance, date, hometeam, visteam, winningpitcher",htbf
Games,"attendance, date, hometeam, visteam, winningpitcher",location
Games,"attendance, date, hometeam, visteam, winningpitcher",usedh
Games,"attendance, date, hometeam, visteam, winningpitcher",id
Games,"attendance, date, hometeam, visteam, winningpitcher",losingpitcher
Games,"attendance, hometeam, id, usedh, winningpitcher",sv
Games,"attendance, hometeam, id, usedh, winningpitcher",htbf
Games,"attendance, hometeam, id, usedh, winningpitcher",location
Games,"attendance, hometeam, id, usedh, winningpitcher",visteam
Games,"attendance, hometeam, id, usedh, winningpitcher",losingpitcher
Games,"attendance, hometeam, id, usedh, winningpitcher",date
Games,"attendance, hometeam, losingpitcher, usedh, winningpitcher",sv
Games,"attendance, hometeam, losingpitcher, usedh, winningpitcher",htbf
Games,"attendance, hometeam, losingpitcher, usedh, winningpitcher",location
Games,"attendance, hometeam, losingpitcher, usedh, winningpitcher",visteam
Games,"attendance, hometeam, losingpitcher, usedh, winningpitcher",id
Games,"attendance, hometeam, losingpitcher, usedh, winningpitcher",date
Games,"attendance, date, hometeam, usedh, winningpitcher",sv
Games,"attendance, date, hometeam, usedh, winningpitcher",htbf
Games,"attendance, date, hometeam, usedh, winningpitcher",location
Games,"attendance, date, hometeam, usedh, winningpitcher",visteam
Games,"attendance, date, hometeam, usedh, winningpitcher",id
Games,"attendance, date, hometeam, usedh, winningpitcher",losingpitcher
Games,"attendance, hometeam, id, losingpitcher, winningpitcher",sv
Games,"attendance, hometeam, id, losingpitcher, winningpitcher",htbf
Games,"attendance, hometeam, id, losingpitcher, winningpitcher",location
Games,"attendance, hometeam, id, losingpitcher, winningpitcher",visteam
Games,"attendance, hometeam, id, losingpitcher, winningpitcher",usedh
Games,"attendance, hometeam, id, losingpitcher, winningpitcher",date
Games,"attendance, date, hometeam, id, winningpitcher",sv
Games,"attendance, date, hometeam, id, winningpitcher",htbf
Games,"attendance, date, hometeam, id, winningpitcher",location
Games,"attendance, date, hometeam, id, winningpitcher",visteam
Games,"attendance, date, hometeam, id, winningpitcher",usedh
Games,"attendance, date, hometeam, id, winningpitcher",losingpitcher
Games,"attendance, date, hometeam, losingpitcher, winningpitcher",sv
Games,"attendance, date, hometeam, losingpitcher, winningpitcher",htbf
Games,"attendance, date, hometeam, losingpitcher, winningpitcher",location
Games,"attendance, date, hometeam, losingpitcher, winningpitcher",visteam
Games,"attendance, date, hometeam, losingpitcher, winningpitcher",usedh
Games,"attendance, date, hometeam, losingpitcher, winningpitcher",id
Games,"attendance, id, location, visteam, winningpitcher",sv
Games,"attendance, id, location, visteam, winningpitcher",htbf
Games,"attendance, id, location, visteam, winningpitcher",hometeam
Games,"attendance, id, location, visteam, winningpitcher",usedh
Games,"attendance, id, location, visteam, winningpitcher",losingpitcher
Games,"attendance, id, location, visteam, winningpitcher",date
Games,"attendance, location, losingpitcher, visteam, winningpitcher",sv
Games,"attendance, location, losingpitcher, visteam, winningpitcher",htbf
Games,"attendance, location, losingpitcher, visteam, winningpitcher",hometeam
Games,"attendance, location, losingpitcher, visteam, winningpitcher",usedh
Games,"attendance, location, losingpitcher, visteam, winningpitcher",id
Games,"attendance, location, losingpitcher, visteam, winningpitcher",date
Games,"attendance, date, location, visteam, winningpitcher",sv
Games,"attendance, date, location, visteam, winningpitcher",htbf
Games,"attendance, date, location, visteam, winningpitcher",hometeam
Games,"attendance, date, location, visteam, winningpitcher",usedh
Games,"attendance, date, location, visteam, winningpitcher",id
Games,"attendance, date, location, visteam, winningpitcher",losingpitcher
Games,"attendance, id, location, usedh, winningpitcher",sv
Games,"attendance, id, location, usedh, winningpitcher",htbf
Games,"attendance, id, location, usedh, winningpitcher",hometeam
Games,"attendance, id, location, usedh, winningpitcher",visteam
Games,"attendance, id, location, usedh, winningpitcher",losingpitcher
Games,"attendance, id, location, usedh, winningpitcher",date
Games,"attendance, location, losingpitcher, usedh, winningpitcher",sv
Games,"attendance, location, losingpitcher, usedh, winningpitcher",htbf
Games,"attendance, location, losingpitcher, usedh, winningpitcher",hometeam
Games,"attendance, location, losingpitcher, usedh, winningpitcher",visteam
Games,"attendance, location, losingpitcher, usedh, winningpitcher",id
Games,"attendance, location, losingpitcher, usedh, winningpitcher",date
Games,"attendance, date, location, usedh, winningpitcher",sv
Games,"attendance, date, location, usedh, winningpitcher",htbf
Games,"attendance, date, location, usedh, winningpitcher",hometeam
Games,"attendance, date, location, usedh, winningpitcher",visteam
Games,"attendance, date, location, usedh, winningpitcher",id
Games,"attendance, date, location, usedh, winningpitcher",losingpitcher
Games,"attendance, id, location, losingpitcher, winningpitcher",sv
Games,"attendance, id, location, losingpitcher, winningpitcher",htbf
Games,"attendance, id, location, losingpitcher, winningpitcher",hometeam
Games,"attendance, id, location, losingpitcher, winningpitcher",visteam
Games,"attendance, id, location, losingpitcher, winningpitcher",usedh
Games,"attendance, id, location, losingpitcher, winningpitcher",date
Games,"attendance, date, id, location, winningpitcher",sv
Games,"attendance, date, id, location, winningpitcher",htbf
Games,"attendance, date, id, location, winningpitcher",hometeam
Games,"attendance, date, id, location, winningpitcher",visteam
Games,"attendance, date, id, location, winningpitcher",usedh
Games,"attendance, date, id, location, winningpitcher",losingpitcher
Games,"attendance, date, location, losingpitcher, winningpitcher",sv
Games,"attendance, date, location, losingpitcher, winningpitcher",htbf
Games,"attendance, date, location, losingpitcher, winningpitcher",hometeam
Games,"attendance, date, location, losingpitcher, winningpitcher",visteam
Games,"attendance, date, location, losingpitcher, winningpitcher",usedh
Games,"attendance, date, location, losingpitcher, winningpitcher",id
Games,"attendance, id, usedh, visteam, winningpitcher",sv
Games,"attendance, id, usedh, visteam, winningpitcher",htbf
Games,"attendance, id, usedh, visteam, winningpitcher",hometeam
Games,"attendance, id, usedh, visteam, winningpitcher",location
Games,"attendance, id, usedh, visteam, winningpitcher",losingpitcher
Games,"attendance, id, usedh, visteam, winningpitcher",date
Games,"attendance, losingpitcher, usedh, visteam, winningpitcher",sv
Games,"attendance, losingpitcher, usedh, visteam, winningpitcher",htbf
Games,"attendance, losingpitcher, usedh, visteam, winningpitcher",hometeam
Games,"attendance, losingpitcher, usedh, visteam, winningpitcher",location
Games,"attendance, losingpitcher, usedh, visteam, winningpitcher",id
Games,"attendance, losingpitcher, usedh, visteam, winningpitcher",date
Games,"attendance, date, usedh, visteam, winningpitcher",sv
Games,"attendance, date, usedh, visteam, winningpitcher",htbf
Games,"attendance, date, usedh, visteam, winningpitcher",hometeam
Games,"attendance, date, usedh, visteam, winningpitcher",location
Games,"attendance, date, usedh, visteam, winningpitcher",id
Games,"attendance, date, usedh, visteam, winningpitcher",losingpitcher
Games,"attendance, id, losingpitcher, visteam, winningpitcher",sv
Games,"attendance, id, losingpitcher, visteam, winningpitcher",htbf
Games,"attendance, id, losingpitcher, visteam, winningpitcher",hometeam
Games,"attendance, id, losingpitcher, visteam, winningpitcher",location
Games,"attendance, id, losingpitcher, visteam, winningpitcher",usedh
Games,"attendance, id, losingpitcher, visteam, winningpitcher",date
Games,"attendance, date, id, visteam, winningpitcher",sv
Games,"attendance, date, id, visteam, winningpitcher",htbf
Games,"attendance, date, id, visteam, winningpitcher",hometeam
Games,"attendance, date, id, visteam, winningpitcher",location
Games,"attendance, date, id, visteam, winningpitcher",usedh
Games,"attendance, date, id, visteam, winningpitcher",losingpitcher
Games,"attendance, date, losingpitcher, visteam, winningpitcher",sv
Games,"attendance, date, losingpitcher, visteam, winningpitcher",htbf
Games,"attendance, date, losingpitcher, visteam, winningpitcher",hometeam
Games,"attendance, date, losingpitcher, visteam, winningpitcher",location
Games,"attendance, date, losingpitcher, visteam, winningpitcher",usedh
Games,"attendance, date, losingpitcher, visteam, winningpitcher",id
Games,"attendance, id, losingpitcher, usedh, winningpitcher",sv
Games,"attendance, id, losingpitcher, usedh, winningpitcher",htbf
Games,"attendance, id, losingpitcher, usedh, winningpitcher",hometeam
Games,"attendance, id, losingpitcher, usedh, winningpitcher",location
Games,"attendance, id, losingpitcher, usedh, winningpitcher",visteam
Games,"attendance, id, losingpitcher, usedh, winningpitcher",date
Games,"attendance, date, id, usedh, winningpitcher",sv
Games,"attendance, date, id, usedh, winningpitcher",htbf
Games,"attendance, date, id, usedh, winningpitcher",hometeam
Games,"attendance, date, id, usedh, winningpitcher",location
Games,"attendance, date, id, usedh, winningpitcher",visteam
Games,"attendance, date, id, usedh, winningpitcher",losingpitcher
Games,"attendance, date, losingpitcher, usedh, winningpitcher",sv
Games,"attendance, date, losingpitcher, usedh, winningpitcher",htbf
Games,"attendance, date, losingpitcher, usedh, winningpitcher",hometeam
Games,"attendance, date, losingpitcher, usedh, winningpitcher",location
Games,"attendance, date, losingpitcher, usedh, winningpitcher",visteam
Games,"attendance, date, losingpitcher, usedh, winningpitcher",id
Games,"attendance, date, id, losingpitcher, winningpitcher",sv
Games,"attendance, date, id, losingpitcher, winningpitcher",htbf
Games,"attendance, date, id, losingpitcher, winningpitcher",hometeam
Games,"attendance, date, id, losingpitcher, winningpitcher",location
Games,"attendance, date, id, losingpitcher, winningpitcher",visteam
Games,"attendance, date, id, losingpitcher, winningpitcher",usedh
Games,"hometeam, htbf, location, sv, winningpitcher",attendance
Games,"hometeam, htbf, location, sv, winningpitcher",visteam
Games,"hometeam, htbf, location, sv, winningpitcher",usedh
Games,"hometeam, htbf, location, sv, winningpitcher",id
Games,"hometeam, htbf, location, sv, winningpitcher",losingpitcher
Games,"hometeam, htbf, location, sv, winningpitcher",date
Games,"hometeam, htbf, sv, visteam, winningpitcher",attendance
Games,"hometeam, htbf, sv, visteam, winningpitcher",location
Games,"hometeam, htbf, sv, visteam, winningpitcher",usedh
Games,"hometeam, htbf, sv, visteam, winningpitcher",id
Games,"hometeam, htbf, sv, visteam, winningpitcher",losingpitcher
Games,"hometeam, htbf, sv, visteam, winningpitcher",date
Games,"hometeam, htbf, sv, usedh, winningpitcher",attendance
Games,"hometeam, htbf, sv, usedh, winningpitcher",visteam
Games,"hometeam, htbf, sv, usedh, winningpitcher",location
Games,"hometeam, htbf, sv, usedh, winningpitcher",id
Games,"hometeam, htbf, sv, usedh, winningpitcher",losingpitcher
Games,"hometeam, htbf, sv, usedh, winningpitcher",date
Games,"hometeam, htbf, id, sv, winningpitcher",attendance
Games,"hometeam, htbf, id, sv, winningpitcher",visteam
Games,"hometeam, htbf, id, sv, winningpitcher",location
Games,"hometeam, htbf, id, sv, winningpitcher",usedh
Games,"hometeam, htbf, id, sv, winningpitcher",losingpitcher
Games,"hometeam, htbf, id, sv, winningpitcher",date
Games,"hometeam, htbf, losingpitcher, sv, winningpitcher",attendance
Games,"hometeam, htbf, losingpitcher, sv, winningpitcher",visteam
Games,"hometeam, htbf, losingpitcher, sv, winningpitcher",location
Games,"hometeam, htbf, losingpitcher, sv, winningpitcher",usedh
Games,"hometeam, htbf, losingpitcher, sv, winningpitcher",id
Games,"hometeam, htbf, losingpitcher, sv, winningpitcher",date
Games,"date, hometeam, htbf, sv, winningpitcher",attendance
Games,"date, hometeam, htbf, sv, winningpitcher",visteam
Games,"date, hometeam, htbf, sv, winningpitcher",location
Games,"date, hometeam, htbf, sv, winningpitcher",usedh
Games,"date, hometeam, htbf, sv, winningpitcher",id
Games,"date, hometeam, htbf, sv, winningpitcher",losingpitcher
Games,"htbf, location, sv, visteam, winningpitcher",attendance
Games,"htbf, location, sv, visteam, winningpitcher",hometeam
Games,"htbf, location, sv, visteam, winningpitcher",usedh
Games,"htbf, location, sv, visteam, winningpitcher",id
Games,"htbf, location, sv, visteam, winningpitcher",losingpitcher
Games,"htbf, location, sv, visteam, winningpitcher",date
Games,"htbf, location, sv, usedh, winningpitcher",attendance
Games,"htbf, location, sv, usedh, winningpitcher",hometeam
Games,"htbf, location, sv, usedh, winningpitcher",visteam
Games,"htbf, location, sv, usedh, winningpitcher",id
Games,"htbf, location, sv, usedh, winningpitcher",losingpitcher
Games,"htbf, location, sv, usedh, winningpitcher",date
Games,"htbf, id, location, sv, winningpitcher",attendance
Games,"htbf, id, location, sv, winningpitcher",hometeam
Games,"htbf, id, location, sv, winningpitcher",visteam
Games,"htbf, id, location, sv, winningpitcher",usedh
Games,"htbf, id, location, sv, winningpitcher",losingpitcher
Games,"htbf, id, location, sv, winningpitcher",date
Games,"htbf, location, losingpitcher, sv, winningpitcher",attendance
Games,"htbf, location, losingpitcher, sv, winningpitcher",hometeam
Games,"htbf, location, losingpitcher, sv, winningpitcher",visteam
Games,"htbf, location, losingpitcher, sv, winningpitcher",usedh
Games,"htbf, location, losingpitcher, sv, winningpitcher",id
Games,"htbf, location, losingpitcher, sv, winningpitcher",date
Games,"date, htbf, location, sv, winningpitcher",attendance
Games,"date, htbf, location, sv, winningpitcher",hometeam
Games,"date, htbf, location, sv, winningpitcher",visteam
Games,"date, htbf, location, sv, winningpitcher",usedh
Games,"date, htbf, location, sv, winningpitcher",id
Games,"date, htbf, location, sv, winningpitcher",losingpitcher
Games,"htbf, sv, usedh, visteam, winningpitcher",attendance
Games,"htbf, sv, usedh, visteam, winningpitcher",hometeam
Games,"htbf, sv, usedh, visteam, winningpitcher",location
Games,"htbf, sv, usedh, visteam, winningpitcher",id
Games,"htbf, sv, usedh, visteam, winningpitcher",losingpitcher
Games,"htbf, sv, usedh, visteam, winningpitcher",date
Games,"htbf, id, sv, visteam, winningpitcher",attendance
Games,"htbf, id, sv, visteam, winningpitcher",hometeam
Games,"htbf, id, sv, visteam, winningpitcher",location
Games,"htbf, id, sv, visteam, winningpitcher",usedh
Games,"htbf, id, sv, visteam, winningpitcher",losingpitcher
Games,"htbf, id, sv, visteam, winningpitcher",date
Games,"htbf, losingpitcher, sv, visteam, winningpitcher",attendance
Games,"htbf, losingpitcher, sv, visteam, winningpitcher",hometeam
Games,"htbf, losingpitcher, sv, visteam, winningpitcher",location
Games,"htbf, losingpitcher, sv, visteam, winningpitcher",usedh
Games,"htbf, losingpitcher, sv, visteam, winningpitcher",id
Games,"htbf, losingpitcher, sv, visteam, winningpitcher",date
Games,"date, htbf, sv, visteam, winningpitcher",attendance
Games,"date, htbf, sv, visteam, winningpitcher",hometeam
Games,"date, htbf, sv, visteam, winningpitcher",location
Games,"date, htbf, sv, visteam, winningpitcher",usedh
Games,"date, htbf, sv, visteam, winningpitcher",id
Games,"date, htbf, sv, visteam, winningpitcher",losingpitcher
Games,"htbf, id, sv, usedh, winningpitcher",attendance
Games,"htbf, id, sv, usedh, winningpitcher",hometeam
Games,"htbf, id, sv, usedh, winningpitcher",visteam
Games,"htbf, id, sv, usedh, winningpitcher",location
Games,"htbf, id, sv, usedh, winningpitcher",losingpitcher
Games,"htbf, id, sv, usedh, winningpitcher",date
Games,"htbf, losingpitcher, sv, usedh, winningpitcher",attendance
Games,"htbf, losingpitcher, sv, usedh, winningpitcher",hometeam
Games,"htbf, losingpitcher, sv, usedh, winningpitcher",visteam
Games,"htbf, losingpitcher, sv, usedh, winningpitcher",location
Games,"htbf, losingpitcher, sv, usedh, winningpitcher",id
Games,"htbf, losingpitcher, sv, usedh, winningpitcher",date
Games,"date, htbf, sv, usedh, winningpitcher",attendance
Games,"date, htbf, sv, usedh, winningpitcher",hometeam
Games,"date, htbf, sv, usedh, winningpitcher",visteam
Games,"date, htbf, sv, usedh, winningpitcher",location
Games,"date, htbf, sv, usedh, winningpitcher",id
Games,"date, htbf, sv, usedh, winningpitcher",losingpitcher
Games,"htbf, id, losingpitcher, sv, winningpitcher",attendance
Games,"htbf, id, losingpitcher, sv, winningpitcher",hometeam
Games,"htbf, id, losingpitcher, sv, winningpitcher",visteam
Games,"htbf, id, losingpitcher, sv, winningpitcher",location
Games,"htbf, id, losingpitcher, sv, winningpitcher",usedh
Games,"htbf, id, losingpitcher, sv, winningpitcher",date
Games,"date, htbf, id, sv, winningpitcher",attendance
Games,"date, htbf, id, sv, winningpitcher",hometeam
Games,"date, htbf, id, sv, winningpitcher",visteam
Games,"date, htbf, id, sv, winningpitcher",location
Games,"date, htbf, id, sv, winningpitcher",usedh
Games,"date, htbf, id, sv, winningpitcher",losingpitcher
Games,"date, htbf, losingpitcher, sv, winningpitcher",attendance
Games,"date, htbf, losingpitcher, sv, winningpitcher",hometeam
Games,"date, htbf, losingpitcher, sv, winningpitcher",visteam
Games,"date, htbf, losingpitcher, sv, winningpitcher",location
Games,"date, htbf, losingpitcher, sv, winningpitcher",usedh
Games,"date, htbf, losingpitcher, sv, winningpitcher",id
Games,"hometeam, id, location, sv, winningpitcher",attendance
Games,"hometeam, id, location, sv, winningpitcher",htbf
Games,"hometeam, id, location, sv, winningpitcher",visteam
Games,"hometeam, id, location, sv, winningpitcher",usedh
Games,"hometeam, id, location, sv, winningpitcher",losingpitcher
Games,"hometeam, id, location, sv, winningpitcher",date
Games,"hometeam, location, losingpitcher, sv, winningpitcher",attendance
Games,"hometeam, location, losingpitcher, sv, winningpitcher",htbf
Games,"hometeam, location, losingpitcher, sv, winningpitcher",visteam
Games,"hometeam, location, losingpitcher, sv, winningpitcher",usedh
Games,"hometeam, location, losingpitcher, sv, winningpitcher",id
Games,"hometeam, location, losingpitcher, sv, winningpitcher",date
Games,"date, hometeam, location, sv, winningpitcher",attendance
Games,"date, hometeam, location, sv, winningpitcher",htbf
Games,"date, hometeam, location, sv, winningpitcher",visteam
Games,"date, hometeam, location, sv, winningpitcher",usedh
Games,"date, hometeam, location, sv, winningpitcher",id
Games,"date, hometeam, location, sv, winningpitcher",losingpitcher
Games,"hometeam, id, sv, visteam, winningpitcher",attendance
Games,"hometeam, id, sv, visteam, winningpitcher",htbf
Games,"hometeam, id, sv, visteam, winningpitcher",location
Games,"hometeam, id, sv, visteam, winningpitcher",usedh
Games,"hometeam, id, sv, visteam, winningpitcher",losingpitcher
Games,"hometeam, id, sv, visteam, winningpitcher",date
Games,"hometeam, losingpitcher, sv, visteam, winningpitcher",attendance
Games,"hometeam, losingpitcher, sv, visteam, winningpitcher",htbf
Games,"hometeam, losingpitcher, sv, visteam, winningpitcher",location
Games,"hometeam, losingpitcher, sv, visteam, winningpitcher",usedh
Games,"hometeam, losingpitcher, sv, visteam, winningpitcher",id
Games,"hometeam, losingpitcher, sv, visteam, winningpitcher",date
Games,"date, hometeam, sv, visteam, winningpitcher",attendance
Games,"date, hometeam, sv, visteam, winningpitcher",htbf
Games,"date, hometeam, sv, visteam, winningpitcher",location
Games,"date, hometeam, sv, visteam, winningpitcher",usedh
Games,"date, hometeam, sv, visteam, winningpitcher",id
Games,"date, hometeam, sv, visteam, winningpitcher",losingpitcher
Games,"hometeam, id, sv, usedh, winningpitcher",attendance
Games,"hometeam, id, sv, usedh, winningpitcher",htbf
Games,"hometeam, id, sv, usedh, winningpitcher",visteam
Games,"hometeam, id, sv, usedh, winningpitcher",location
Games,"hometeam, id, sv, usedh, winningpitcher",losingpitcher
Games,"hometeam, id, sv, usedh, winningpitcher",date
Games,"hometeam, losingpitcher, sv, usedh, winningpitcher",attendance
Games,"hometeam, losingpitcher, sv, usedh, winningpitcher",htbf
Games,"hometeam, losingpitcher, sv, usedh, winningpitcher",visteam
Games,"hometeam, losingpitcher, sv, usedh, winningpitcher",location
Games,"hometeam, losingpitcher, sv, usedh, winningpitcher",id
Games,"hometeam, losingpitcher, sv, usedh, winningpitcher",date
Games,"date, hometeam, sv, usedh, winningpitcher",attendance
Games,"date, hometeam, sv, usedh, winningpitcher",htbf
Games,"date, hometeam, sv, usedh, winningpitcher",visteam
Games,"date, hometeam, sv, usedh, winningpitcher",location
Games,"date, hometeam, sv, usedh, winningpitcher",id
Games,"date, hometeam, sv, usedh, winningpitcher",losingpitcher
Games,"hometeam, id, losingpitcher, sv, winningpitcher",attendance
Games,"hometeam, id, losingpitcher, sv, winningpitcher",htbf
Games,"hometeam, id, losingpitcher, sv, winningpitcher",visteam
Games,"hometeam, id, losingpitcher, sv, winningpitcher",location
Games,"hometeam, id, losingpitcher, sv, winningpitcher",usedh
Games,"hometeam, id, losingpitcher, sv, winningpitcher",date
Games,"date, hometeam, id, sv, winningpitcher",attendance
Games,"date, hometeam, id, sv, winningpitcher",htbf
Games,"date, hometeam, id, sv, winningpitcher",visteam
Games,"date, hometeam, id, sv, winningpitcher",location
Games,"date, hometeam, id, sv, winningpitcher",usedh
Games,"date, hometeam, id, sv, winningpitcher",losingpitcher
Games,"date, hometeam, losingpitcher, sv, winningpitcher",attendance
Games,"date, hometeam, losingpitcher, sv, winningpitcher",htbf
Games,"date, hometeam, losingpitcher, sv, winningpitcher",visteam
Games,"date, hometeam, losingpitcher, sv, winningpitcher",location
Games,"date, hometeam, losingpitcher, sv, winningpitcher",usedh
Games,"date, hometeam, losingpitcher, sv, winningpitcher",id
Games,"id, location, sv, visteam, winningpitcher",attendance
Games,"id, location, sv, visteam, winningpitcher",htbf
Games,"id, location, sv, visteam, winningpitcher",hometeam
Games,"id, location, sv, visteam, winningpitcher",usedh
Games,"id, location, sv, visteam, winningpitcher",losingpitcher
Games,"id, location, sv, visteam, winningpitcher",date
Games,"location, losingpitcher, sv, visteam, winningpitcher",attendance
Games,"location, losingpitcher, sv, visteam, winningpitcher",htbf
Games,"location, losingpitcher, sv, visteam, winningpitcher",hometeam
Games,"location, losingpitcher, sv, visteam, winningpitcher",usedh
Games,"location, losingpitcher, sv, visteam, winningpitcher",id
Games,"location, losingpitcher, sv, visteam, winningpitcher",date
Games,"date, location, sv, visteam, winningpitcher",attendance
Games,"date, location, sv, visteam, winningpitcher",htbf
Games,"date, location, sv, visteam, winningpitcher",hometeam
Games,"date, location, sv, visteam, winningpitcher",usedh
Games,"date, location, sv, visteam, winningpitcher",id
Games,"date, location, sv, visteam, winningpitcher",losingpitcher
Games,"id, location, sv, usedh, winningpitcher",attendance
Games,"id, location, sv, usedh, winningpitcher",htbf
Games,"id, location, sv, usedh, winningpitcher",hometeam
Games,"id, location, sv, usedh, winningpitcher",visteam
Games,"id, location, sv, usedh, winningpitcher",losingpitcher
Games,"id, location, sv, usedh, winningpitcher",date
Games,"location, losingpitcher, sv, usedh, winningpitcher",attendance
Games,"location, losingpitcher, sv, usedh, winningpitcher",htbf
Games,"location, losingpitcher, sv, usedh, winningpitcher",hometeam
Games,"location, losingpitcher, sv, usedh, winningpitcher",visteam
Games,"location, losingpitcher, sv, usedh, winningpitcher",id
Games,"location, losingpitcher, sv, usedh, winningpitcher",date
Games,"date, location, sv, usedh, winningpitcher",attendance
Games,"date, location, sv, usedh, winningpitcher",htbf
Games,"date, location, sv, usedh, winningpitcher",hometeam
Games,"date, location, sv, usedh, winningpitcher",visteam
Games,"date, location, sv, usedh, winningpitcher",id
Games,"date, location, sv, usedh, winningpitcher",losingpitcher
Games,"id, location, losingpitcher, sv, winningpitcher",attendance
Games,"id, location, losingpitcher, sv, winningpitcher",htbf
Games,"id, location, losingpitcher, sv, winningpitcher",hometeam
Games,"id, location, losingpitcher, sv, winningpitcher",visteam
Games,"id, location, losingpitcher, sv, winningpitcher",usedh
Games,"id, location, losingpitcher, sv, winningpitcher",date
Games,"date, id, location, sv, winningpitcher",attendance
Games,"date, id, location, sv, winningpitcher",htbf
Games,"date, id, location, sv, winningpitcher",hometeam
Games,"date, id, location, sv, winningpitcher",visteam
Games,"date, id, location, sv, winningpitcher",usedh
Games,"date, id, location, sv, winningpitcher",losingpitcher
Games,"date, location, losingpitcher, sv, winningpitcher",attendance
Games,"date, location, losingpitcher, sv, winningpitcher",htbf
Games,"date, location, losingpitcher, sv, winningpitcher",hometeam
Games,"date, location, losingpitcher, sv, winningpitcher",visteam
Games,"date, location, losingpitcher, sv, winningpitcher",usedh
Games,"date, location, losingpitcher, sv, winningpitcher",id
Games,"id, sv, usedh, visteam, winningpitcher",attendance
Games,"id, sv, usedh, visteam, winningpitcher",htbf
Games,"id, sv, usedh, visteam, winningpitcher",hometeam
Games,"id, sv, usedh, visteam, winningpitcher",location
Games,"id, sv, usedh, visteam, winningpitcher",losingpitcher
Games,"id, sv, usedh, visteam, winningpitcher",date
Games,"losingpitcher, sv, usedh, visteam, winningpitcher",attendance
Games,"losingpitcher, sv, usedh, visteam, winningpitcher",htbf
Games,"losingpitcher, sv, usedh, visteam, winningpitcher",hometeam
Games,"losingpitcher, sv, usedh, visteam, winningpitcher",location
Games,"losingpitcher, sv, usedh, visteam, winningpitcher",id
Games,"losingpitcher, sv, usedh, visteam, winningpitcher",date
Games,"date, sv, usedh, visteam, winningpitcher",attendance
Games,"date, sv, usedh, visteam, winningpitcher",htbf
Games,"date, sv, usedh, visteam, winningpitcher",hometeam
Games,"date, sv, usedh, visteam, winningpitcher",location
Games,"date, sv, usedh, visteam, winningpitcher",id
Games,"date, sv, usedh, visteam, winningpitcher",losingpitcher
Games,"id, losingpitcher, sv, visteam, winningpitcher",attendance
Games,"id, losingpitcher, sv, visteam, winningpitcher",htbf
Games,"id, losingpitcher, sv, visteam, winningpitcher",hometeam
Games,"id, losingpitcher, sv, visteam, winningpitcher",location
Games,"id, losingpitcher, sv, visteam, winningpitcher",usedh
Games,"id, losingpitcher, sv, visteam, winningpitcher",date
Games,"date, id, sv, visteam, winningpitcher",attendance
Games,"date, id, sv, visteam, winningpitcher",htbf
Games,"date, id, sv, visteam, winningpitcher",hometeam
Games,"date, id, sv, visteam, winningpitcher",location
Games,"date, id, sv, visteam, winningpitcher",usedh
Games,"date, id, sv, visteam, winningpitcher",losingpitcher
Games,"date, losingpitcher, sv, visteam, winningpitcher",attendance
Games,"date, losingpitcher, sv, visteam, winningpitcher",htbf
Games,"date, losingpitcher, sv, visteam, winningpitcher",hometeam
Games,"date, losingpitcher, sv, visteam, winningpitcher",location
Games,"date, losingpitcher, sv, visteam, winningpitcher",usedh
Games,"date, losingpitcher, sv, visteam, winningpitcher",id
Games,"id, losingpitcher, sv, usedh, winningpitcher",attendance
Games,"id, losingpitcher, sv, usedh, winningpitcher",htbf
Games,"id, losingpitcher, sv, usedh, winningpitcher",hometeam
Games,"id, losingpitcher, sv, usedh, winningpitcher",visteam
Games,"id, losingpitcher, sv, usedh, winningpitcher",location
Games,"id, losingpitcher, sv, usedh, winningpitcher",date
Games,"date, id, sv, usedh, winningpitcher",attendance
Games,"date, id, sv, usedh, winningpitcher",htbf
Games,"date, id, sv, usedh, winningpitcher",hometeam
Games,"date, id, sv, usedh, winningpitcher",visteam
Games,"date, id, sv, usedh, winningpitcher",location
Games,"date, id, sv, usedh, winningpitcher",losingpitcher
Games,"date, losingpitcher, sv, usedh, winningpitcher",attendance
Games,"date, losingpitcher, sv, usedh, winningpitcher",htbf
Games,"date, losingpitcher, sv, usedh, winningpitcher",hometeam
Games,"date, losingpitcher, sv, usedh, winningpitcher",visteam
Games,"date, losingpitcher, sv, usedh, winningpitcher",location
Games,"date, losingpitcher, sv, usedh, winningpitcher",id
Games,"date, id, losingpitcher, sv, winningpitcher",attendance
Games,"date, id, losingpitcher, sv, winningpitcher",htbf
Games,"date, id, losingpitcher, sv, winningpitcher",hometeam
Games,"date, id, losingpitcher, sv, winningpitcher",visteam
Games,"date, id, losingpitcher, sv, winningpitcher",location
Games,"date, id, losingpitcher, sv, winningpitcher",usedh
Games,"hometeam, htbf, location, visteam, winningpitcher",attendance
Games,"hometeam, htbf, location, visteam, winningpitcher",sv
Games,"hometeam, htbf, location, visteam, winningpitcher",usedh
Games,"hometeam, htbf, location, visteam, winningpitcher",id
Games,"hometeam, htbf, location, visteam, winningpitcher",losingpitcher
Games,"hometeam, htbf, location, visteam, winningpitcher",date
Games,"hometeam, htbf, location, usedh, winningpitcher",attendance
Games,"hometeam, htbf, location, usedh, winningpitcher",sv
Games,"hometeam, htbf, location, usedh, winningpitcher",visteam
Games,"hometeam, htbf, location, usedh, winningpitcher",id
Games,"hometeam, htbf, location, usedh, winningpitcher",losingpitcher
Games,"hometeam, htbf, location, usedh, winningpitcher",date
Games,"hometeam, htbf, id, location, winningpitcher",attendance
Games,"hometeam, htbf, id, location, winningpitcher",sv
Games,"hometeam, htbf, id, location, winningpitcher",visteam
Games,"hometeam, htbf, id, location, winningpitcher",usedh
Games,"hometeam, htbf, id, location, winningpitcher",losingpitcher
Games,"hometeam, htbf, id, location, winningpitcher",date
Games,"hometeam, htbf, location, losingpitcher, winningpitcher",attendance
Games,"hometeam, htbf, location, losingpitcher, winningpitcher",sv
Games,"hometeam, htbf, location, losingpitcher, winningpitcher",visteam
Games,"hometeam, htbf, location, losingpitcher, winningpitcher",usedh
Games,"hometeam, htbf, location, losingpitcher, winningpitcher",id
Games,"hometeam, htbf, location, losingpitcher, winningpitcher",date
Games,"date, hometeam, htbf, location, winningpitcher",attendance
Games,"date, hometeam, htbf, location, winningpitcher",sv
Games,"date, hometeam, htbf, location, winningpitcher",visteam
Games,"date, hometeam, htbf, location, winningpitcher",usedh
Games,"date, hometeam, htbf, location, winningpitcher",id
Games,"date, hometeam, htbf, location, winningpitcher",losingpitcher
Games,"hometeam, htbf, usedh, visteam, winningpitcher",attendance
Games,"hometeam, htbf, usedh, visteam, winningpitcher",sv
Games,"hometeam, htbf, usedh, visteam, winningpitcher",location
Games,"hometeam, htbf, usedh, visteam, winningpitcher",id
Games,"hometeam, htbf, usedh, visteam, winningpitcher",losingpitcher
Games,"hometeam, htbf, usedh, visteam, winningpitcher",date
Games,"hometeam, htbf, id, visteam, winningpitcher",attendance
Games,"hometeam, htbf, id, visteam, winningpitcher",sv
Games,"hometeam, htbf, id, visteam, winningpitcher",location
Games,"hometeam, htbf, id, visteam, winningpitcher",usedh
Games,"hometeam, htbf, id, visteam, winningpitcher",losingpitcher
Games,"hometeam, htbf, id, visteam, winningpitcher",date
Games,"hometeam, htbf, losingpitcher, visteam, winningpitcher",attendance
Games,"hometeam, htbf, losingpitcher, visteam, winningpitcher",sv
Games,"hometeam, htbf, losingpitcher, visteam, winningpitcher",location
Games,"hometeam, htbf, losingpitcher, visteam, winningpitcher",usedh
Games,"hometeam, htbf, losingpitcher, visteam, winningpitcher",id
Games,"hometeam, htbf, losingpitcher, visteam, winningpitcher",date
Games,"date, hometeam, htbf, visteam, winningpitcher",attendance
Games,"date, hometeam, htbf, visteam, winningpitcher",sv
Games,"date, hometeam, htbf, visteam, winningpitcher",location
Games,"date, hometeam, htbf, visteam, winningpitcher",usedh
Games,"date, hometeam, htbf, visteam, winningpitcher",id
Games,"date, hometeam, htbf, visteam, winningpitcher",losingpitcher
Games,"hometeam, htbf, id, usedh, winningpitcher",attendance
Games,"hometeam, htbf, id, usedh, winningpitcher",sv
Games,"hometeam, htbf, id, usedh, winningpitcher",visteam
Games,"hometeam, htbf, id, usedh, winningpitcher",location
Games,"hometeam, htbf, id, usedh, winningpitcher",losingpitcher
Games,"hometeam, htbf, id, usedh, winningpitcher",date
Games,"hometeam, htbf, losingpitcher, usedh, winningpitcher",attendance
Games,"hometeam, htbf, losingpitcher, usedh, winningpitcher",sv
Games,"hometeam, htbf, losingpitcher, usedh, winningpitcher",visteam
Games,"hometeam, htbf, losingpitcher, usedh, winningpitcher",location
Games,"hometeam, htbf, losingpitcher, usedh, winningpitcher",id
Games,"hometeam, htbf, losingpitcher, usedh, winningpitcher",date
Games,"date, hometeam, htbf, usedh, winningpitcher",attendance
Games,"date, hometeam, htbf, usedh, winningpitcher",sv
Games,"date, hometeam, htbf, usedh, winningpitcher",visteam
Games,"date, hometeam, htbf, usedh, winningpitcher",location
Games,"date, hometeam, htbf, usedh, winningpitcher",id
Games,"date, hometeam, htbf, usedh, winningpitcher",losingpitcher
Games,"hometeam, htbf, id, losingpitcher, winningpitcher",attendance
Games,"hometeam, htbf, id, losingpitcher, winningpitcher",sv
Games,"hometeam, htbf, id, losingpitcher, winningpitcher",visteam
Games,"hometeam, htbf, id, losingpitcher, winningpitcher",location
Games,"hometeam, htbf, id, losingpitcher, winningpitcher",usedh
Games,"hometeam, htbf, id, losingpitcher, winningpitcher",date
Games,"date, hometeam, htbf, id, winningpitcher",attendance
Games,"date, hometeam, htbf, id, winningpitcher",sv
Games,"date, hometeam, htbf, id, winningpitcher",visteam
Games,"date, hometeam, htbf, id, winningpitcher",location
Games,"date, hometeam, htbf, id, winningpitcher",usedh
Games,"date, hometeam, htbf, id, winningpitcher",losingpitcher
Games,"date, hometeam, htbf, losingpitcher, winningpitcher",attendance
Games,"date, hometeam, htbf, losingpitcher, winningpitcher",sv
Games,"date, hometeam, htbf, losingpitcher, winningpitcher",visteam
Games,"date, hometeam, htbf, losingpitcher, winningpitcher",location
Games,"date, hometeam, htbf, losingpitcher, winningpitcher",usedh
Games,"date, hometeam, htbf, losingpitcher, winningpitcher",id
Games,"htbf, location, usedh, visteam, winningpitcher",attendance
Games,"htbf, location, usedh, visteam, winningpitcher",sv
Games,"htbf, location, usedh, visteam, winningpitcher",hometeam
Games,"htbf, location, usedh, visteam, winningpitcher",id
Games,"htbf, location, usedh, visteam, winningpitcher",losingpitcher
Games,"htbf, location, usedh, visteam, winningpitcher",date
Games,"htbf, id, location, visteam, winningpitcher",attendance
Games,"htbf, id, location, visteam, winningpitcher",sv
Games,"htbf, id, location, visteam, winningpitcher",hometeam
Games,"htbf, id, location, visteam, winningpitcher",usedh
Games,"htbf, id, location, visteam, winningpitcher",losingpitcher
Games,"htbf, id, location, visteam, winningpitcher",date
Games,"htbf, location, losingpitcher, visteam, winningpitcher",attendance
Games,"htbf, location, losingpitcher, visteam, winningpitcher",sv
Games,"htbf, location, losingpitcher, visteam, winningpitcher",hometeam
Games,"htbf, location, losingpitcher, visteam, winningpitcher",usedh
Games,"htbf, location, losingpitcher, visteam, winningpitcher",id
Games,"htbf, location, losingpitcher, visteam, winningpitcher",date
Games,"date, htbf, location, visteam, winningpitcher",attendance
Games,"date, htbf, location, visteam, winningpitcher",sv
Games,"date, htbf, location, visteam, winningpitcher",hometeam
Games,"date, htbf, location, visteam, winningpitcher",usedh
Games,"date, htbf, location, visteam, winningpitcher",id
Games,"date, htbf, location, visteam, winningpitcher",losingpitcher
Games,"htbf, id, location, usedh, winningpitcher",attendance
Games,"htbf, id, location, usedh, winningpitcher",sv
Games,"htbf, id, location, usedh, winningpitcher",hometeam
Games,"htbf, id, location, usedh, winningpitcher",visteam
Games,"htbf, id, location, usedh, winningpitcher",losingpitcher
Games,"htbf, id, location, usedh, winningpitcher",date
Games,"htbf, location, losingpitcher, usedh, winningpitcher",attendance
Games,"htbf, location, losingpitcher, usedh, winningpitcher",sv
Games,"htbf, location, losingpitcher, usedh, winningpitcher",hometeam
Games,"htbf, location, losingpitcher, usedh, winningpitcher",visteam
Games,"htbf, location, losingpitcher, usedh, winningpitcher",id
Games,"htbf, location, losingpitcher, usedh, winningpitcher",date
Games,"date, htbf, location, usedh, winningpitcher",attendance
Games,"date, htbf, location, usedh, winningpitcher",sv
Games,"date, htbf, location, usedh, winningpitcher",hometeam
Games,"date, htbf, location, usedh, winningpitcher",visteam
Games,"date, htbf, location, usedh, winningpitcher",id
Games,"date, htbf, location, usedh, winningpitcher",losingpitcher
Games,"htbf, id, location, losingpitcher, winningpitcher",attendance
Games,"htbf, id, location, losingpitcher, winningpitcher",sv
Games,"htbf, id, location, losingpitcher, winningpitcher",hometeam
Games,"htbf, id, location, losingpitcher, winningpitcher",visteam
Games,"htbf, id, location, losingpitcher, winningpitcher",usedh
Games,"htbf, id, location, losingpitcher, winningpitcher",date
Games,"date, htbf, id, location, winningpitcher",attendance
Games,"date, htbf, id, location, winningpitcher",sv
Games,"date, htbf, id, location, winningpitcher",hometeam
Games,"date, htbf, id, location, winningpitcher",visteam
Games,"date, htbf, id, location, winningpitcher",usedh
Games,"date, htbf, id, location, winningpitcher",losingpitcher
Games,"date, htbf, location, losingpitcher, winningpitcher",attendance
Games,"date, htbf, location, losingpitcher, winningpitcher",sv
Games,"date, htbf, location, losingpitcher, winningpitcher",hometeam
Games,"date, htbf, location, losingpitcher, winningpitcher",visteam
Games,"date, htbf, location, losingpitcher, winningpitcher",usedh
Games,"date, htbf, location, losingpitcher, winningpitcher",id
Games,"htbf, id, usedh, visteam, winningpitcher",attendance
Games,"htbf, id, usedh, visteam, winningpitcher",sv
Games,"htbf, id, usedh, visteam, winningpitcher",hometeam
Games,"htbf, id, usedh, visteam, winningpitcher",location
Games,"htbf, id, usedh, visteam, winningpitcher",losingpitcher
Games,"htbf, id, usedh, visteam, winningpitcher",date
Games,"htbf, losingpitcher, usedh, visteam, winningpitcher",attendance
Games,"htbf, losingpitcher, usedh, visteam, winningpitcher",sv
Games,"htbf, losingpitcher, usedh, visteam, winningpitcher",hometeam
Games,"htbf, losingpitcher, usedh, visteam, winningpitcher",location
Games,"htbf, losingpitcher, usedh, visteam, winningpitcher",id
Games,"htbf, losingpitcher, usedh, visteam, winningpitcher",date
Games,"date, htbf, usedh, visteam, winningpitcher",attendance
Games,"date, htbf, usedh, visteam, winningpitcher",sv
Games,"date, htbf, usedh, visteam, winningpitcher",hometeam
Games,"date, htbf, usedh, visteam, winningpitcher",location
Games,"date, htbf, usedh, visteam, winningpitcher",id
Games,"date, htbf, usedh, visteam, winningpitcher",losingpitcher
Games,"htbf, id, losingpitcher, visteam, winningpitcher",attendance
Games,"htbf, id, losingpitcher, visteam, winningpitcher",sv
Games,"htbf, id, losingpitcher, visteam, winningpitcher",hometeam
Games,"htbf, id, losingpitcher, visteam, winningpitcher",location
Games,"htbf, id, losingpitcher, visteam, winningpitcher",usedh
Games,"htbf, id, losingpitcher, visteam, winningpitcher",date
Games,"date, htbf, id, visteam, winningpitcher",attendance
Games,"date, htbf, id, visteam, winningpitcher",sv
Games,"date, htbf, id, visteam, winningpitcher",hometeam
Games,"date, htbf, id, visteam, winningpitcher",location
Games,"date, htbf, id, visteam, winningpitcher",usedh
Games,"date, htbf, id, visteam, winningpitcher",losingpitcher
Games,"date, htbf, losingpitcher, visteam, winningpitcher",attendance
Games,"date, htbf, losingpitcher, visteam, winningpitcher",sv
Games,"date, htbf, losingpitcher, visteam, winningpitcher",hometeam
Games,"date, htbf, losingpitcher, visteam, winningpitcher",location
Games,"date, htbf, losingpitcher, visteam, winningpitcher",usedh
Games,"date, htbf, losingpitcher, visteam, winningpitcher",id
Games,"htbf, id, losingpitcher, usedh, winningpitcher",attendance
Games,"htbf, id, losingpitcher, usedh, winningpitcher",sv
Games,"htbf, id, losingpitcher, usedh, winningpitcher",hometeam
Games,"htbf, id, losingpitcher, usedh, winningpitcher",visteam
Games,"htbf, id, losingpitcher, usedh, winningpitcher",location
Games,"htbf, id, losingpitcher, usedh, winningpitcher",date
Games,"date, htbf, id, usedh, winningpitcher",attendance
Games,"date, htbf, id, usedh, winningpitcher",sv
Games,"date, htbf, id, usedh, winningpitcher",hometeam
Games,"date, htbf, id, usedh, winningpitcher",visteam
Games,"date, htbf, id, usedh, winningpitcher",location
Games,"date, htbf, id, usedh, winningpitcher",losingpitcher
Games,"date, htbf, losingpitcher, usedh, winningpitcher",attendance
Games,"date, htbf, losingpitcher, usedh, winningpitcher",sv
Games,"date, htbf, losingpitcher, usedh, winningpitcher",hometeam
Games,"date, htbf, losingpitcher, usedh, winningpitcher",visteam
Games,"date, htbf, losingpitcher, usedh, winningpitcher",location
Games,"date, htbf, losingpitcher, usedh, winningpitcher",id
Games,"date, htbf, id, losingpitcher, winningpitcher",attendance
Games,"date, htbf, id, losingpitcher, winningpitcher",sv
Games,"date, htbf, id, losingpitcher, winningpitcher",hometeam
Games,"date, htbf, id, losingpitcher, winningpitcher",visteam
Games,"date, htbf, id, losingpitcher, winningpitcher",location
Games,"date, htbf, id, losingpitcher, winningpitcher",usedh
Games,"hometeam, id, location, visteam, winningpitcher",attendance
Games,"hometeam, id, location, visteam, winningpitcher",sv
Games,"hometeam, id, location, visteam, winningpitcher",htbf
Games,"hometeam, id, location, visteam, winningpitcher",usedh
Games,"hometeam, id, location, visteam, winningpitcher",losingpitcher
Games,"hometeam, id, location, visteam, winningpitcher",date
Games,"date, hometeam, location, visteam, winningpitcher",attendance
Games,"date, hometeam, location, visteam, winningpitcher",sv
Games,"date, hometeam, location, visteam, winningpitcher",htbf
Games,"date, hometeam, location, visteam, winningpitcher",usedh
Games,"date, hometeam, location, visteam, winningpitcher",id
Games,"date, hometeam, location, visteam, winningpitcher",losingpitcher
Games,"hometeam, id, location, usedh, winningpitcher",attendance
Games,"hometeam, id, location, usedh, winningpitcher",sv
Games,"hometeam, id, location, usedh, winningpitcher",htbf
Games,"hometeam, id, location, usedh, winningpitcher",visteam
Games,"hometeam, id, location, usedh, winningpitcher",losingpitcher
Games,"hometeam, id, location, usedh, winningpitcher",date
Games,"date, hometeam, location, usedh, winningpitcher",attendance
Games,"date, hometeam, location, usedh, winningpitcher",sv
Games,"date, hometeam, location, usedh, winningpitcher",htbf
Games,"date, hometeam, location, usedh, winningpitcher",visteam
Games,"date, hometeam, location, usedh, winningpitcher",id
Games,"date, hometeam, location, usedh, winningpitcher",losingpitcher
Games,"hometeam, id, location, losingpitcher, winningpitcher",attendance
Games,"hometeam, id, location, losingpitcher, winningpitcher",sv
Games,"hometeam, id, location, losingpitcher, winningpitcher",htbf
Games,"hometeam, id, location, losingpitcher, winningpitcher",visteam
Games,"hometeam, id, location, losingpitcher, winningpitcher",usedh
Games,"hometeam, id, location, losingpitcher, winningpitcher",date
Games,"date, hometeam, id, location, winningpitcher",attendance
Games,"date, hometeam, id, location, winningpitcher",sv
Games,"date, hometeam, id, location, winningpitcher",htbf
Games,"date, hometeam, id, location, winningpitcher",visteam
Games,"date, hometeam, id, location, winningpitcher",usedh
Games,"date, hometeam, id, location, winningpitcher",losingpitcher
Games,"date, hometeam, location, losingpitcher, winningpitcher",attendance
Games,"date, hometeam, location, losingpitcher, winningpitcher",sv
Games,"date, hometeam, location, losingpitcher, winningpitcher",htbf
Games,"date, hometeam, location, losingpitcher, winningpitcher",visteam
Games,"date, hometeam, location, losingpitcher, winningpitcher",usedh
Games,"date, hometeam, location, losingpitcher, winningpitcher",id
Games,"hometeam, id, usedh, visteam, winningpitcher",attendance
Games,"hometeam, id, usedh, visteam, winningpitcher",sv
Games,"hometeam, id, usedh, visteam, winningpitcher",htbf
Games,"hometeam, id, usedh, visteam, winningpitcher",location
Games,"hometeam, id, usedh, visteam, winningpitcher",losingpitcher
Games,"hometeam, id, usedh, visteam, winningpitcher",date
Games,"date, hometeam, usedh, visteam, winningpitcher",attendance
Games,"date, hometeam, usedh, visteam, winningpitcher",sv
Games,"date, hometeam, usedh, visteam, winningpitcher",htbf
Games,"date, hometeam, usedh, visteam, winningpitcher",location
Games,"date, hometeam, usedh, visteam, winningpitcher",id
Games,"date, hometeam, usedh, visteam, winningpitcher",losingpitcher
Games,"hometeam, id, losingpitcher, visteam, winningpitcher",attendance
Games,"hometeam, id, losingpitcher, visteam, winningpitcher",sv
Games,"hometeam, id, losingpitcher, visteam, winningpitcher",htbf
Games,"hometeam, id, losingpitcher, visteam, winningpitcher",location
Games,"hometeam, id, losingpitcher, visteam, winningpitcher",usedh
Games,"hometeam, id, losingpitcher, visteam, winningpitcher",date
Games,"date, hometeam, id, visteam, winningpitcher",attendance
Games,"date, hometeam, id, visteam, winningpitcher",sv
Games,"date, hometeam, id, visteam, winningpitcher",htbf
Games,"date, hometeam, id, visteam, winningpitcher",location
Games,"date, hometeam, id, visteam, winningpitcher",usedh
Games,"date, hometeam, id, visteam, winningpitcher",losingpitcher
Games,"date, hometeam, losingpitcher, visteam, winningpitcher",attendance
Games,"date, hometeam, losingpitcher, visteam, winningpitcher",sv
Games,"date, hometeam, losingpitcher, visteam, winningpitcher",htbf
Games,"date, hometeam, losingpitcher, visteam, winningpitcher",location
Games,"date, hometeam, losingpitcher, visteam, winningpitcher",usedh
Games,"date, hometeam, losingpitcher, visteam, winningpitcher",id
Games,"hometeam, id, losingpitcher, usedh, winningpitcher",attendance
Games,"hometeam, id, losingpitcher, usedh, winningpitcher",sv
Games,"hometeam, id, losingpitcher, usedh, winningpitcher",htbf
Games,"hometeam, id, losingpitcher, usedh, winningpitcher",visteam
Games,"hometeam, id, losingpitcher, usedh, winningpitcher",location
Games,"hometeam, id, losingpitcher, usedh, winningpitcher",date
Games,"date, hometeam, id, usedh, winningpitcher",attendance
Games,"date, hometeam, id, usedh, winningpitcher",sv
Games,"date, hometeam, id, usedh, winningpitcher",htbf
Games,"date, hometeam, id, usedh, winningpitcher",visteam
Games,"date, hometeam, id, usedh, winningpitcher",location
Games,"date, hometeam, id, usedh, winningpitcher",losingpitcher
Games,"date, hometeam, losingpitcher, usedh, winningpitcher",attendance
Games,"date, hometeam, losingpitcher, usedh, winningpitcher",sv
Games,"date, hometeam, losingpitcher, usedh, winningpitcher",htbf
Games,"date, hometeam, losingpitcher, usedh, winningpitcher",visteam
Games,"date, hometeam, losingpitcher, usedh, winningpitcher",location
Games,"date, hometeam, losingpitcher, usedh, winningpitcher",id
Games,"date, hometeam, id, losingpitcher, winningpitcher",attendance
Games,"date, hometeam, id, losingpitcher, winningpitcher",sv
Games,"date, hometeam, id, losingpitcher, winningpitcher",htbf
Games,"date, hometeam, id, losingpitcher, winningpitcher",visteam
Games,"date, hometeam, id, losingpitcher, winningpitcher",location
Games,"date, hometeam, id, losingpitcher, winningpitcher",usedh
Games,"id, location, usedh, visteam, winningpitcher",attendance
Games,"id, location, usedh, visteam, winningpitcher",sv
Games,"id, location, usedh, visteam, winningpitcher",htbf
Games,"id, location, usedh, visteam, winningpitcher",hometeam
Games,"id, location, usedh, visteam, winningpitcher",losingpitcher
Games,"id, location, usedh, visteam, winningpitcher",date
Games,"date, location, usedh, visteam, winningpitcher",attendance
Games,"date, location, usedh, visteam, winningpitcher",sv
Games,"date, location, usedh, visteam, winningpitcher",htbf
Games,"date, location, usedh, visteam, winningpitcher",hometeam
Games,"date, location, usedh, visteam, winningpitcher",id
Games,"date, location, usedh, visteam, winningpitcher",losingpitcher
Games,"id, location, losingpitcher, visteam, winningpitcher",attendance
Games,"id, location, losingpitcher, visteam, winningpitcher",sv
Games,"id, location, losingpitcher, visteam, winningpitcher",htbf
Games,"id, location, losingpitcher, visteam, winningpitcher",hometeam
Games,"id, location, losingpitcher, visteam, winningpitcher",usedh
Games,"id, location, losingpitcher, visteam, winningpitcher",date
Games,"date, id, location, visteam, winningpitcher",attendance
Games,"date, id, location, visteam, winningpitcher",sv
Games,"date, id, location, visteam, winningpitcher",htbf
Games,"date, id, location, visteam, winningpitcher",hometeam
Games,"date, id, location, visteam, winningpitcher",usedh
Games,"date, id, location, visteam, winningpitcher",losingpitcher
Games,"date, location, losingpitcher, visteam, winningpitcher",attendance
Games,"date, location, losingpitcher, visteam, winningpitcher",sv
Games,"date, location, losingpitcher, visteam, winningpitcher",htbf
Games,"date, location, losingpitcher, visteam, winningpitcher",hometeam
Games,"date, location, losingpitcher, visteam, winningpitcher",usedh
Games,"date, location, losingpitcher, visteam, winningpitcher",id
Games,"id, location, losingpitcher, usedh, winningpitcher",attendance
Games,"id, location, losingpitcher, usedh, winningpitcher",sv
Games,"id, location, losingpitcher, usedh, winningpitcher",htbf
Games,"id, location, losingpitcher, usedh, winningpitcher",hometeam
Games,"id, location, losingpitcher, usedh, winningpitcher",visteam
Games,"id, location, losingpitcher, usedh, winningpitcher",date
Games,"date, id, location, usedh, winningpitcher",attendance
Games,"date, id, location, usedh, winningpitcher",sv
Games,"date, id, location, usedh, winningpitcher",htbf
Games,"date, id, location, usedh, winningpitcher",hometeam
Games,"date, id, location, usedh, winningpitcher",visteam
Games,"date, id, location, usedh, winningpitcher",losingpitcher
Games,"date, location, losingpitcher, usedh, winningpitcher",attendance
Games,"date, location, losingpitcher, usedh, winningpitcher",sv
Games,"date, location, losingpitcher, usedh, winningpitcher",htbf
Games,"date, location, losingpitcher, usedh, winningpitcher",hometeam
Games,"date, location, losingpitcher, usedh, winningpitcher",visteam
Games,"date, location, losingpitcher, usedh, winningpitcher",id
Games,"date, id, location, losingpitcher, winningpitcher",attendance
Games,"date, id, location, losingpitcher, winningpitcher",sv
Games,"date, id, location, losingpitcher, winningpitcher",htbf
Games,"date, id, location, losingpitcher, winningpitcher",hometeam
Games,"date, id, location, losingpitcher, winningpitcher",visteam
Games,"date, id, location, losingpitcher, winningpitcher",usedh
Games,"id, losingpitcher, usedh, visteam, winningpitcher",attendance
Games,"id, losingpitcher, usedh, visteam, winningpitcher",sv
Games,"id, losingpitcher, usedh, visteam, winningpitcher",htbf
Games,"id, losingpitcher, usedh, visteam, winningpitcher",hometeam
Games,"id, losingpitcher, usedh, visteam, winningpitcher",location
Games,"id, losingpitcher, usedh, visteam, winningpitcher",date
Games,"date, id, usedh, visteam, winningpitcher",attendance
Games,"date, id, usedh, visteam, winningpitcher",sv
Games,"date, id, usedh, visteam, winningpitcher",htbf
Games,"date, id, usedh, visteam, winningpitcher",hometeam
Games,"date, id, usedh, visteam, winningpitcher",location
Games,"date, id, usedh, visteam, winningpitcher",losingpitcher
Games,"date, losingpitcher, usedh, visteam, winningpitcher",attendance
Games,"date, losingpitcher, usedh, visteam, winningpitcher",sv
Games,"date, losingpitcher, usedh, visteam, winningpitcher",htbf
Games,"date, losingpitcher, usedh, visteam, winningpitcher",hometeam
Games,"date, losingpitcher, usedh, visteam, winningpitcher",location
Games,"date, losingpitcher, usedh, visteam, winningpitcher",id
Games,"date, id, losingpitcher, visteam, winningpitcher",attendance
Games,"date, id, losingpitcher, visteam, winningpitcher",sv
Games,"date, id, losingpitcher, visteam, winningpitcher",htbf
Games,"date, id, losingpitcher, visteam, winningpitcher",hometeam
Games,"date, id, losingpitcher, visteam, winningpitcher",location
Games,"date, id, losingpitcher, visteam, winningpitcher",usedh
Games,"date, id, losingpitcher, usedh, winningpitcher",attendance
Games,"date, id, losingpitcher, usedh, winningpitcher",sv
Games,"date, id, losingpitcher, usedh, winningpitcher",htbf
Games,"date, id, losingpitcher, usedh, winningpitcher",hometeam
Games,"date, id, losingpitcher, usedh, winningpitcher",location
Games,"date, id, losingpitcher, usedh, winningpitcher",visteam
Games,"attendance, hometeam, htbf, location, sv",winningpitcher
Games,"attendance, hometeam, htbf, location, sv",visteam
Games,"attendance, hometeam, htbf, location, sv",usedh
Games,"attendance, hometeam, htbf, location, sv",id
Games,"attendance, hometeam, htbf, location, sv",losingpitcher
Games,"attendance, hometeam, htbf, location, sv",date
Games,"attendance, hometeam, htbf, sv, visteam",winningpitcher
Games,"attendance, hometeam, htbf, sv, visteam",location
Games,"attendance, hometeam, htbf, sv, visteam",usedh
Games,"attendance, hometeam, htbf, sv, visteam",id
Games,"attendance, hometeam, htbf, sv, visteam",losingpitcher
Games,"attendance, hometeam, htbf, sv, visteam",date
Games,"attendance, hometeam, htbf, sv, usedh",winningpitcher
Games,"attendance, hometeam, htbf, sv, usedh",location
Games,"attendance, hometeam, htbf, sv, usedh",visteam
Games,"attendance, hometeam, htbf, sv, usedh",id
Games,"attendance, hometeam, htbf, sv, usedh",losingpitcher
Games,"attendance, hometeam, htbf, sv, usedh",date
Games,"attendance, hometeam, htbf, id, sv",winningpitcher
Games,"attendance, hometeam, htbf, id, sv",location
Games,"attendance, hometeam, htbf, id, sv",visteam
Games,"attendance, hometeam, htbf, id, sv",usedh
Games,"attendance, hometeam, htbf, id, sv",losingpitcher
Games,"attendance, hometeam, htbf, id, sv",date
Games,"attendance, hometeam, htbf, losingpitcher, sv",winningpitcher
Games,"attendance, hometeam, htbf, losingpitcher, sv",location
Games,"attendance, hometeam, htbf, losingpitcher, sv",visteam
Games,"attendance, hometeam, htbf, losingpitcher, sv",usedh
Games,"attendance, hometeam, htbf, losingpitcher, sv",id
Games,"attendance, hometeam, htbf, losingpitcher, sv",date
Games,"attendance, date, hometeam, htbf, sv",winningpitcher
Games,"attendance, date, hometeam, htbf, sv",location
Games,"attendance, date, hometeam, htbf, sv",visteam
Games,"attendance, date, hometeam, htbf, sv",usedh
Games,"attendance, date, hometeam, htbf, sv",id
Games,"attendance, date, hometeam, htbf, sv",losingpitcher
Games,"attendance, htbf, location, sv, visteam",winningpitcher
Games,"attendance, htbf, location, sv, visteam",hometeam
Games,"attendance, htbf, location, sv, visteam",usedh
Games,"attendance, htbf, location, sv, visteam",id
Games,"attendance, htbf, location, sv, visteam",losingpitcher
Games,"attendance, htbf, location, sv, visteam",date
Games,"attendance, htbf, location, sv, usedh",winningpitcher
Games,"attendance, htbf, location, sv, usedh",hometeam
Games,"attendance, htbf, location, sv, usedh",visteam
Games,"attendance, htbf, location, sv, usedh",id
Games,"attendance, htbf, location, sv, usedh",losingpitcher
Games,"attendance, htbf, location, sv, usedh",date
Games,"attendance, htbf, id, location, sv",winningpitcher
Games,"attendance, htbf, id, location, sv",hometeam
Games,"attendance, htbf, id, location, sv",visteam
Games,"attendance, htbf, id, location, sv",usedh
Games,"attendance, htbf, id, location, sv",losingpitcher
Games,"attendance, htbf, id, location, sv",date
Games,"attendance, htbf, location, losingpitcher, sv",winningpitcher
Games,"attendance, htbf, location, losingpitcher, sv",hometeam
Games,"attendance, htbf, location, losingpitcher, sv",visteam
Games,"attendance, htbf, location, losingpitcher, sv",usedh
Games,"attendance, htbf, location, losingpitcher, sv",id
Games,"attendance, htbf, location, losingpitcher, sv",date
Games,"attendance, date, htbf, location, sv",winningpitcher
Games,"attendance, date, htbf, location, sv",hometeam
Games,"attendance, date, htbf, location, sv",visteam
Games,"attendance, date, htbf, location, sv",usedh
Games,"attendance, date, htbf, location, sv",id
Games,"attendance, date, htbf, location, sv",losingpitcher
Games,"attendance, htbf, id, sv, visteam",winningpitcher
Games,"attendance, htbf, id, sv, visteam",hometeam
Games,"attendance, htbf, id, sv, visteam",location
Games,"attendance, htbf, id, sv, visteam",usedh
Games,"attendance, htbf, id, sv, visteam",losingpitcher
Games,"attendance, htbf, id, sv, visteam",date
Games,"attendance, htbf, losingpitcher, sv, visteam",winningpitcher
Games,"attendance, htbf, losingpitcher, sv, visteam",hometeam
Games,"attendance, htbf, losingpitcher, sv, visteam",location
Games,"attendance, htbf, losingpitcher, sv, visteam",usedh
Games,"attendance, htbf, losingpitcher, sv, visteam",id
Games,"attendance, htbf, losingpitcher, sv, visteam",date
Games,"attendance, date, htbf, sv, visteam",winningpitcher
Games,"attendance, date, htbf, sv, visteam",hometeam
Games,"attendance, date, htbf, sv, visteam",location
Games,"attendance, date, htbf, sv, visteam",usedh
Games,"attendance, date, htbf, sv, visteam",id
Games,"attendance, date, htbf, sv, visteam",losingpitcher
Games,"attendance, htbf, id, sv, usedh",winningpitcher
Games,"attendance, htbf, id, sv, usedh",hometeam
Games,"attendance, htbf, id, sv, usedh",location
Games,"attendance, htbf, id, sv, usedh",visteam
Games,"attendance, htbf, id, sv, usedh",losingpitcher
Games,"attendance, htbf, id, sv, usedh",date
Games,"attendance, htbf, losingpitcher, sv, usedh",winningpitcher
Games,"attendance, htbf, losingpitcher, sv, usedh",hometeam
Games,"attendance, htbf, losingpitcher, sv, usedh",location
Games,"attendance, htbf, losingpitcher, sv, usedh",visteam
Games,"attendance, htbf, losingpitcher, sv, usedh",id
Games,"attendance, htbf, losingpitcher, sv, usedh",date
Games,"attendance, date, htbf, sv, usedh",winningpitcher
Games,"attendance, date, htbf, sv, usedh",hometeam
Games,"attendance, date, htbf, sv, usedh",location
Games,"attendance, date, htbf, sv, usedh",visteam
Games,"attendance, date, htbf, sv, usedh",id
Games,"attendance, date, htbf, sv, usedh",losingpitcher
Games,"attendance, htbf, id, losingpitcher, sv",winningpitcher
Games,"attendance, htbf, id, losingpitcher, sv",hometeam
Games,"attendance, htbf, id, losingpitcher, sv",location
Games,"attendance, htbf, id, losingpitcher, sv",visteam
Games,"attendance, htbf, id, losingpitcher, sv",usedh
Games,"attendance, htbf, id, losingpitcher, sv",date
Games,"attendance, date, htbf, id, sv",winningpitcher
Games,"attendance, date, htbf, id, sv",hometeam
Games,"attendance, date, htbf, id, sv",location
Games,"attendance, date, htbf, id, sv",visteam
Games,"attendance, date, htbf, id, sv",usedh
Games,"attendance, date, htbf, id, sv",losingpitcher
Games,"attendance, date, htbf, losingpitcher, sv",winningpitcher
Games,"attendance, date, htbf, losingpitcher, sv",hometeam
Games,"attendance, date, htbf, losingpitcher, sv",location
Games,"attendance, date, htbf, losingpitcher, sv",visteam
Games,"attendance, date, htbf, losingpitcher, sv",usedh
Games,"attendance, date, htbf, losingpitcher, sv",id
Games,"attendance, hometeam, id, location, sv",winningpitcher
Games,"attendance, hometeam, id, location, sv",htbf
Games,"attendance, hometeam, id, location, sv",visteam
Games,"attendance, hometeam, id, location, sv",usedh
Games,"attendance, hometeam, id, location, sv",losingpitcher
Games,"attendance, hometeam, id, location, sv",date
Games,"attendance, hometeam, location, losingpitcher, sv",winningpitcher
Games,"attendance, hometeam, location, losingpitcher, sv",htbf
Games,"attendance, hometeam, location, losingpitcher, sv",visteam
Games,"attendance, hometeam, location, losingpitcher, sv",usedh
Games,"attendance, hometeam, location, losingpitcher, sv",id
Games,"attendance, hometeam, location, losingpitcher, sv",date
Games,"attendance, date, hometeam, location, sv",winningpitcher
Games,"attendance, date, hometeam, location, sv",htbf
Games,"attendance, date, hometeam, location, sv",visteam
Games,"attendance, date, hometeam, location, sv",usedh
Games,"attendance, date, hometeam, location, sv",id
Games,"attendance, date, hometeam, location, sv",losingpitcher
Games,"attendance, hometeam, id, sv, visteam",winningpitcher
Games,"attendance, hometeam, id, sv, visteam",htbf
Games,"attendance, hometeam, id, sv, visteam",location
Games,"attendance, hometeam, id, sv, visteam",usedh
Games,"attendance, hometeam, id, sv, visteam",losingpitcher
Games,"attendance, hometeam, id, sv, visteam",date
Games,"attendance, hometeam, losingpitcher, sv, visteam",winningpitcher
Games,"attendance, hometeam, losingpitcher, sv, visteam",htbf
Games,"attendance, hometeam, losingpitcher, sv, visteam",location
Games,"attendance, hometeam, losingpitcher, sv, visteam",usedh
Games,"attendance, hometeam, losingpitcher, sv, visteam",id
Games,"attendance, hometeam, losingpitcher, sv, visteam",date
Games,"attendance, date, hometeam, sv, visteam",winningpitcher
Games,"attendance, date, hometeam, sv, visteam",htbf
Games,"attendance, date, hometeam, sv, visteam",location
Games,"attendance, date, hometeam, sv, visteam",usedh
Games,"attendance, date, hometeam, sv, visteam",id
Games,"attendance, date, hometeam, sv, visteam",losingpitcher
Games,"attendance, hometeam, id, sv, usedh",winningpitcher
Games,"attendance, hometeam, id, sv, usedh",htbf
Games,"attendance, hometeam, id, sv, usedh",location
Games,"attendance, hometeam, id, sv, usedh",visteam
Games,"attendance, hometeam, id, sv, usedh",losingpitcher
Games,"attendance, hometeam, id, sv, usedh",date
Games,"attendance, hometeam, losingpitcher, sv, usedh",winningpitcher
Games,"attendance, hometeam, losingpitcher, sv, usedh",htbf
Games,"attendance, hometeam, losingpitcher, sv, usedh",location
Games,"attendance, hometeam, losingpitcher, sv, usedh",visteam
Games,"attendance, hometeam, losingpitcher, sv, usedh",id
Games,"attendance, hometeam, losingpitcher, sv, usedh",date
Games,"attendance, date, hometeam, sv, usedh",winningpitcher
Games,"attendance, date, hometeam, sv, usedh",htbf
Games,"attendance, date, hometeam, sv, usedh",location
Games,"attendance, date, hometeam, sv, usedh",visteam
Games,"attendance, date, hometeam, sv, usedh",id
Games,"attendance, date, hometeam, sv, usedh",losingpitcher
Games,"attendance, hometeam, id, losingpitcher, sv",winningpitcher
Games,"attendance, hometeam, id, losingpitcher, sv",htbf
Games,"attendance, hometeam, id, losingpitcher, sv",location
Games,"attendance, hometeam, id, losingpitcher, sv",visteam
Games,"attendance, hometeam, id, losingpitcher, sv",usedh
Games,"attendance, hometeam, id, losingpitcher, sv",date
Games,"attendance, date, hometeam, id, sv",winningpitcher
Games,"attendance, date, hometeam, id, sv",htbf
Games,"attendance, date, hometeam, id, sv",location
Games,"attendance, date, hometeam, id, sv",visteam
Games,"attendance, date, hometeam, id, sv",usedh
Games,"attendance, date, hometeam, id, sv",losingpitcher
Games,"attendance, date, hometeam, losingpitcher, sv",winningpitcher
Games,"attendance, date, hometeam, losingpitcher, sv",htbf
Games,"attendance, date, hometeam, losingpitcher, sv",location
Games,"attendance, date, hometeam, losingpitcher, sv",visteam
Games,"attendance, date, hometeam, losingpitcher, sv",usedh
Games,"attendance, date, hometeam, losingpitcher, sv",id
Games,"attendance, id, location, sv, visteam",winningpitcher
Games,"attendance, id, location, sv, visteam",htbf
Games,"attendance, id, location, sv, visteam",hometeam
Games,"attendance, id, location, sv, visteam",usedh
Games,"attendance, id, location, sv, visteam",losingpitcher
Games,"attendance, id, location, sv, visteam",date
Games,"attendance, location, losingpitcher, sv, visteam",winningpitcher
Games,"attendance, location, losingpitcher, sv, visteam",htbf
Games,"attendance, location, losingpitcher, sv, visteam",hometeam
Games,"attendance, location, losingpitcher, sv, visteam",usedh
Games,"attendance, location, losingpitcher, sv, visteam",id
Games,"attendance, location, losingpitcher, sv, visteam",date
Games,"attendance, date, location, sv, visteam",winningpitcher
Games,"attendance, date, location, sv, visteam",htbf
Games,"attendance, date, location, sv, visteam",hometeam
Games,"attendance, date, location, sv, visteam",usedh
Games,"attendance, date, location, sv, visteam",id
Games,"attendance, date, location, sv, visteam",losingpitcher
Games,"attendance, id, location, sv, usedh",winningpitcher
Games,"attendance, id, location, sv, usedh",htbf
Games,"attendance, id, location, sv, usedh",hometeam
Games,"attendance, id, location, sv, usedh",visteam
Games,"attendance, id, location, sv, usedh",losingpitcher
Games,"attendance, id, location, sv, usedh",date
Games,"attendance, location, losingpitcher, sv, usedh",winningpitcher
Games,"attendance, location, losingpitcher, sv, usedh",htbf
Games,"attendance, location, losingpitcher, sv, usedh",hometeam
Games,"attendance, location, losingpitcher, sv, usedh",visteam
Games,"attendance, location, losingpitcher, sv, usedh",id
Games,"attendance, location, losingpitcher, sv, usedh",date
Games,"attendance, date, location, sv, usedh",winningpitcher
Games,"attendance, date, location, sv, usedh",htbf
Games,"attendance, date, location, sv, usedh",hometeam
Games,"attendance, date, location, sv, usedh",visteam
Games,"attendance, date, location, sv, usedh",id
Games,"attendance, date, location, sv, usedh",losingpitcher
Games,"attendance, id, location, losingpitcher, sv",winningpitcher
Games,"attendance, id, location, losingpitcher, sv",htbf
Games,"attendance, id, location, losingpitcher, sv",hometeam
Games,"attendance, id, location, losingpitcher, sv",visteam
Games,"attendance, id, location, losingpitcher, sv",usedh
Games,"attendance, id, location, losingpitcher, sv",date
Games,"attendance, date, id, location, sv",winningpitcher
Games,"attendance, date, id, location, sv",htbf
Games,"attendance, date, id, location, sv",hometeam
Games,"attendance, date, id, location, sv",visteam
Games,"attendance, date, id, location, sv",usedh
Games,"attendance, date, id, location, sv",losingpitcher
Games,"attendance, date, location, losingpitcher, sv",winningpitcher
Games,"attendance, date, location, losingpitcher, sv",htbf
Games,"attendance, date, location, losingpitcher, sv",hometeam
Games,"attendance, date, location, losingpitcher, sv",visteam
Games,"attendance, date, location, losingpitcher, sv",usedh
Games,"attendance, date, location, losingpitcher, sv",id
Games,"attendance, id, sv, usedh, visteam",winningpitcher
Games,"attendance, id, sv, usedh, visteam",htbf
Games,"attendance, id, sv, usedh, visteam",hometeam
Games,"attendance, id, sv, usedh, visteam",location
Games,"attendance, id, sv, usedh, visteam",losingpitcher
Games,"attendance, id, sv, usedh, visteam",date
Games,"attendance, losingpitcher, sv, usedh, visteam",winningpitcher
Games,"attendance, losingpitcher, sv, usedh, visteam",htbf
Games,"attendance, losingpitcher, sv, usedh, visteam",hometeam
Games,"attendance, losingpitcher, sv, usedh, visteam",location
Games,"attendance, losingpitcher, sv, usedh, visteam",id
Games,"attendance, losingpitcher, sv, usedh, visteam",date
Games,"attendance, date, sv, usedh, visteam",winningpitcher
Games,"attendance, date, sv, usedh, visteam",htbf
Games,"attendance, date, sv, usedh, visteam",hometeam
Games,"attendance, date, sv, usedh, visteam",location
Games,"attendance, date, sv, usedh, visteam",id
Games,"attendance, date, sv, usedh, visteam",losingpitcher
Games,"attendance, id, losingpitcher, sv, visteam",winningpitcher
Games,"attendance, id, losingpitcher, sv, visteam",htbf
Games,"attendance, id, losingpitcher, sv, visteam",hometeam
Games,"attendance, id, losingpitcher, sv, visteam",location
Games,"attendance, id, losingpitcher, sv, visteam",usedh
Games,"attendance, id, losingpitcher, sv, visteam",date
Games,"attendance, date, id, sv, visteam",winningpitcher
Games,"attendance, date, id, sv, visteam",htbf
Games,"attendance, date, id, sv, visteam",hometeam
Games,"attendance, date, id, sv, visteam",location
Games,"attendance, date, id, sv, visteam",usedh
Games,"attendance, date, id, sv, visteam",losingpitcher
Games,"attendance, date, losingpitcher, sv, visteam",winningpitcher
Games,"attendance, date, losingpitcher, sv, visteam",htbf
Games,"attendance, date, losingpitcher, sv, visteam",hometeam
Games,"attendance, date, losingpitcher, sv, visteam",location
Games,"attendance, date, losingpitcher, sv, visteam",usedh
Games,"attendance, date, losingpitcher, sv, visteam",id
Games,"attendance, id, losingpitcher, sv, usedh",winningpitcher
Games,"attendance, id, losingpitcher, sv, usedh",htbf
Games,"attendance, id, losingpitcher, sv, usedh",hometeam
Games,"attendance, id, losingpitcher, sv, usedh",location
Games,"attendance, id, losingpitcher, sv, usedh",visteam
Games,"attendance, id, losingpitcher, sv, usedh",date
Games,"attendance, date, id, sv, usedh",winningpitcher
Games,"attendance, date, id, sv, usedh",htbf
Games,"attendance, date, id, sv, usedh",hometeam
Games,"attendance, date, id, sv, usedh",location
Games,"attendance, date, id, sv, usedh",visteam
Games,"attendance, date, id, sv, usedh",losingpitcher
Games,"attendance, date, losingpitcher, sv, usedh",winningpitcher
Games,"attendance, date, losingpitcher, sv, usedh",htbf
Games,"attendance, date, losingpitcher, sv, usedh",hometeam
Games,"attendance, date, losingpitcher, sv, usedh",location
Games,"attendance, date, losingpitcher, sv, usedh",visteam
Games,"attendance, date, losingpitcher, sv, usedh",id
Games,"attendance, date, id, losingpitcher, sv",winningpitcher
Games,"attendance, date, id, losingpitcher, sv",htbf
Games,"attendance, date, id, losingpitcher, sv",hometeam
Games,"attendance, date, id, losingpitcher, sv",location
Games,"attendance, date, id, losingpitcher, sv",visteam
Games,"attendance, date, id, losingpitcher, sv",usedh
Games,"attendance, hometeam, htbf, location, visteam",usedh
Games,"attendance, hometeam, htbf, id, location",winningpitcher
Games,"attendance, hometeam, htbf, id, location",sv
Games,"attendance, hometeam, htbf, id, location",visteam
Games,"attendance, hometeam, htbf, id, location",usedh
Games,"attendance, hometeam, htbf, id, location",losingpitcher
Games,"attendance, hometeam, htbf, id, location",date
Games,"attendance, hometeam, htbf, location, losingpitcher",winningpitcher
Games,"attendance, hometeam, htbf, location, losingpitcher",sv
Games,"attendance, hometeam, htbf, location, losingpitcher",visteam
Games,"attendance, hometeam, htbf, location, losingpitcher",usedh
Games,"attendance, hometeam, htbf, location, losingpitcher",id
Games,"attendance, hometeam, htbf, location, losingpitcher",date
Games,"attendance, date, hometeam, htbf, location",winningpitcher
Games,"attendance, date, hometeam, htbf, location",sv
Games,"attendance, date, hometeam, htbf, location",visteam
Games,"attendance, date, hometeam, htbf, location",usedh
Games,"attendance, date, hometeam, htbf, location",id
Games,"attendance, date, hometeam, htbf, location",losingpitcher
Games,"attendance, hometeam, htbf, usedh, visteam",location
Games,"attendance, hometeam, htbf, id, visteam",winningpitcher
Games,"attendance, hometeam, htbf, id, visteam",sv
Games,"attendance, hometeam, htbf, id, visteam",location
Games,"attendance, hometeam, htbf, id, visteam",usedh
Games,"attendance, hometeam, htbf, id, visteam",losingpitcher
Games,"attendance, hometeam, htbf, id, visteam",date
Games,"attendance, hometeam, htbf, losingpitcher, visteam",winningpitcher
Games,"attendance, hometeam, htbf, losingpitcher, visteam",sv
Games,"attendance, hometeam, htbf, losingpitcher, visteam",location
Games,"attendance, hometeam, htbf, losingpitcher, visteam",usedh
Games,"attendance, hometeam, htbf, losingpitcher, visteam",id
Games,"attendance, hometeam, htbf, losingpitcher, visteam",date
Games,"attendance, date, hometeam, htbf, visteam",winningpitcher
Games,"attendance, date, hometeam, htbf, visteam",sv
Games,"attendance, date, hometeam, htbf, visteam",location
Games,"attendance, date, hometeam, htbf, visteam",usedh
Games,"attendance, date, hometeam, htbf, visteam",id
Games,"attendance, date, hometeam, htbf, visteam",losingpitcher
Games,"attendance, hometeam, htbf, id, usedh",winningpitcher
Games,"attendance, hometeam, htbf, id, usedh",sv
Games,"attendance, hometeam, htbf, id, usedh",location
Games,"attendance, hometeam, htbf, id, usedh",visteam
Games,"attendance, hometeam, htbf, id, usedh",losingpitcher
Games,"attendance, hometeam, htbf, id, usedh",date
Games,"attendance, hometeam, htbf, losingpitcher, usedh",winningpitcher
Games,"attendance, hometeam, htbf, losingpitcher, usedh",sv
Games,"attendance, hometeam, htbf, losingpitcher, usedh",location
Games,"attendance, hometeam, htbf, losingpitcher, usedh",visteam
Games,"attendance, hometeam, htbf, losingpitcher, usedh",id
Games,"attendance, hometeam, htbf, losingpitcher, usedh",date
Games,"attendance, date, hometeam, htbf, usedh",winningpitcher
Games,"attendance, date, hometeam, htbf, usedh",sv
Games,"attendance, date, hometeam, htbf, usedh",location
Games,"attendance, date, hometeam, htbf, usedh",visteam
Games,"attendance, date, hometeam, htbf, usedh",id
Games,"attendance, date, hometeam, htbf, usedh",losingpitcher
Games,"attendance, hometeam, htbf, id, losingpitcher",winningpitcher
Games,"attendance, hometeam, htbf, id, losingpitcher",sv
Games,"attendance, hometeam, htbf, id, losingpitcher",location
Games,"attendance, hometeam, htbf, id, losingpitcher",visteam
Games,"attendance, hometeam, htbf, id, losingpitcher",usedh
Games,"attendance, hometeam, htbf, id, losingpitcher",date
Games,"attendance, date, hometeam, htbf, id",winningpitcher
Games,"attendance, date, hometeam, htbf, id",sv
Games,"attendance, date, hometeam, htbf, id",location
Games,"attendance, date, hometeam, htbf, id",visteam
Games,"attendance, date, hometeam, htbf, id",usedh
Games,"attendance, date, hometeam, htbf, id",losingpitcher
Games,"attendance, date, hometeam, htbf, losingpitcher",winningpitcher
Games,"attendance, date, hometeam, htbf, losingpitcher",sv
Games,"attendance, date, hometeam, htbf, losingpitcher",location
Games,"attendance, date, hometeam, htbf, losingpitcher",visteam
Games,"attendance, date, hometeam, htbf, losingpitcher",usedh
Games,"attendance, date, hometeam, htbf, losingpitcher",id
Games,"attendance, htbf, location, usedh, visteam",hometeam
Games,"attendance, htbf, id, location, visteam",winningpitcher
Games,"attendance, htbf, id, location, visteam",sv
Games,"attendance, htbf, id, location, visteam",hometeam
Games,"attendance, htbf, id, location, visteam",usedh
Games,"attendance, htbf, id, location, visteam",losingpitcher
Games,"attendance, htbf, id, location, visteam",date
Games,"attendance, htbf, location, losingpitcher, visteam",winningpitcher
Games,"attendance, htbf, location, losingpitcher, visteam",sv
Games,"attendance, htbf, location, losingpitcher, visteam",hometeam
Games,"attendance, htbf, location, losingpitcher, visteam",usedh
Games,"attendance, htbf, location, losingpitcher, visteam",id
Games,"attendance, htbf, location, losingpitcher, visteam",date
Games,"attendance, date, htbf, location, visteam",winningpitcher
Games,"attendance, date, htbf, location, visteam",sv
Games,"attendance, date, htbf, location, visteam",hometeam
Games,"attendance, date, htbf, location, visteam",usedh
Games,"attendance, date, htbf, location, visteam",id
Games,"attendance, date, htbf, location, visteam",losingpitcher
Games,"attendance, htbf, id, location, usedh",winningpitcher
Games,"attendance, htbf, id, location, usedh",sv
Games,"attendance, htbf, id, location, usedh",hometeam
Games,"attendance, htbf, id, location, usedh",visteam
Games,"attendance, htbf, id, location, usedh",losingpitcher
Games,"attendance, htbf, id, location, usedh",date
Games,"attendance, htbf, location, losingpitcher, usedh",winningpitcher
Games,"attendance, htbf, location, losingpitcher, usedh",sv
Games,"attendance, htbf, location, losingpitcher, usedh",hometeam
Games,"attendance, htbf, location, losingpitcher, usedh",visteam
Games,"attendance, htbf, location, losingpitcher, usedh",id
Games,"attendance, htbf, location, losingpitcher, usedh",date
Games,"attendance, date, htbf, location, usedh",winningpitcher
Games,"attendance, date, htbf, location, usedh",sv
Games,"attendance, date, htbf, location, usedh",hometeam
Games,"attendance, date, htbf, location, usedh",visteam
Games,"attendance, date, htbf, location, usedh",id
Games,"attendance, date, htbf, location, usedh",losingpitcher
Games,"attendance, htbf, id, location, losingpitcher",winningpitcher
Games,"attendance, htbf, id, location, losingpitcher",sv
Games,"attendance, htbf, id, location, losingpitcher",hometeam
Games,"attendance, htbf, id, location, losingpitcher",visteam
Games,"attendance, htbf, id, location, losingpitcher",usedh
Games,"attendance, htbf, id, location, losingpitcher",date
Games,"attendance, date, htbf, id, location",winningpitcher
Games,"attendance, date, htbf, id, location",sv
Games,"attendance, date, htbf, id, location",hometeam
Games,"attendance, date, htbf, id, location",visteam
Games,"attendance, date, htbf, id, location",usedh
Games,"attendance, date, htbf, id, location",losingpitcher
Games,"attendance, date, htbf, location, losingpitcher",winningpitcher
Games,"attendance, date, htbf, location, losingpitcher",sv
Games,"attendance, date, htbf, location, losingpitcher",hometeam
Games,"attendance, date, htbf, location, losingpitcher",visteam
Games,"attendance, date, htbf, location, losingpitcher",usedh
Games,"attendance, date, htbf, location, losingpitcher",id
Games,"attendance, htbf, id, usedh, visteam",winningpitcher
Games,"attendance, htbf, id, usedh, visteam",sv
Games,"attendance, htbf, id, usedh, visteam",hometeam
Games,"attendance, htbf, id, usedh, visteam",location
Games,"attendance, htbf, id, usedh, visteam",losingpitcher
Games,"attendance, htbf, id, usedh, visteam",date
Games,"attendance, htbf, losingpitcher, usedh, visteam",winningpitcher
Games,"attendance, htbf, losingpitcher, usedh, visteam",sv
Games,"attendance, htbf, losingpitcher, usedh, visteam",hometeam
Games,"attendance, htbf, losingpitcher, usedh, visteam",location
Games,"attendance, htbf, losingpitcher, usedh, visteam",id
Games,"attendance, htbf, losingpitcher, usedh, visteam",date
Games,"attendance, date, htbf, usedh, visteam",winningpitcher
Games,"attendance, date, htbf, usedh, visteam",sv
Games,"attendance, date, htbf, usedh, visteam",hometeam
Games,"attendance, date, htbf, usedh, visteam",location
Games,"attendance, date, htbf, usedh, visteam",id
Games,"attendance, date, htbf, usedh, visteam",losingpitcher
Games,"attendance, htbf, id, losingpitcher, visteam",winningpitcher
Games,"attendance, htbf, id, losingpitcher, visteam",sv
Games,"attendance, htbf, id, losingpitcher, visteam",hometeam
Games,"attendance, htbf, id, losingpitcher, visteam",location
Games,"attendance, htbf, id, losingpitcher, visteam",usedh
Games,"attendance, htbf, id, losingpitcher, visteam",date
Games,"attendance, date, htbf, id, visteam",winningpitcher
Games,"attendance, date, htbf, id, visteam",sv
Games,"attendance, date, htbf, id, visteam",hometeam
Games,"attendance, date, htbf, id, visteam",location
Games,"attendance, date, htbf, id, visteam",usedh
Games,"attendance, date, htbf, id, visteam",losingpitcher
Games,"attendance, date, htbf, losingpitcher, visteam",winningpitcher
Games,"attendance, date, htbf, losingpitcher, visteam",sv
Games,"attendance, date, htbf, losingpitcher, visteam",hometeam
Games,"attendance, date, htbf, losingpitcher, visteam",location
Games,"attendance, date, htbf, losingpitcher, visteam",usedh
Games,"attendance, date, htbf, losingpitcher, visteam",id
Games,"attendance, htbf, id, losingpitcher, usedh",winningpitcher
Games,"attendance, htbf, id, losingpitcher, usedh",sv
Games,"attendance, htbf, id, losingpitcher, usedh",hometeam
Games,"attendance, htbf, id, losingpitcher, usedh",location
Games,"attendance, htbf, id, losingpitcher, usedh",visteam
Games,"attendance, htbf, id, losingpitcher, usedh",date
Games,"attendance, date, htbf, id, usedh",winningpitcher
Games,"attendance, date, htbf, id, usedh",sv
Games,"attendance, date, htbf, id, usedh",hometeam
Games,"attendance, date, htbf, id, usedh",location
Games,"attendance, date, htbf, id, usedh",visteam
Games,"attendance, date, htbf, id, usedh",losingpitcher
Games,"attendance, date, htbf, losingpitcher, usedh",winningpitcher
Games,"attendance, date, htbf, losingpitcher, usedh",sv
Games,"attendance, date, htbf, losingpitcher, usedh",hometeam
Games,"attendance, date, htbf, losingpitcher, usedh",location
Games,"attendance, date, htbf, losingpitcher, usedh",visteam
Games,"attendance, date, htbf, losingpitcher, usedh",id
Games,"attendance, date, htbf, id, losingpitcher",winningpitcher
Games,"attendance, date, htbf, id, losingpitcher",sv
Games,"attendance, date, htbf, id, losingpitcher",hometeam
Games,"attendance, date, htbf, id, losingpitcher",location
Games,"attendance, date, htbf, id, losingpitcher",visteam
Games,"attendance, date, htbf, id, losingpitcher",usedh
Games,"attendance, hometeam, id, location, visteam",winningpitcher
Games,"attendance, hometeam, id, location, visteam",sv
Games,"attendance, hometeam, id, location, visteam",htbf
Games,"attendance, hometeam, id, location, visteam",usedh
Games,"attendance, hometeam, id, location, visteam",losingpitcher
Games,"attendance, hometeam, id, location, visteam",date
Games,"attendance, hometeam, location, losingpitcher, visteam",winningpitcher
Games,"attendance, hometeam, location, losingpitcher, visteam",sv
Games,"attendance, hometeam, location, losingpitcher, visteam",htbf
Games,"attendance, hometeam, location, losingpitcher, visteam",usedh
Games,"attendance, hometeam, location, losingpitcher, visteam",id
Games,"attendance, hometeam, location, losingpitcher, visteam",date
Games,"attendance, date, hometeam, location, visteam",usedh
Games,"attendance, hometeam, id, location, usedh",winningpitcher
Games,"attendance, hometeam, id, location, usedh",sv
Games,"attendance, hometeam, id, location, usedh",htbf
Games,"attendance, hometeam, id, location, usedh",visteam
Games,"attendance, hometeam, id, location, usedh",losingpitcher
Games,"attendance, hometeam, id, location, usedh",date
Games,"attendance, date, hometeam, location, usedh",visteam
Games,"attendance, hometeam, id, location, losingpitcher",winningpitcher
Games,"attendance, hometeam, id, location, losingpitcher",sv
Games,"attendance, hometeam, id, location, losingpitcher",htbf
Games,"attendance, hometeam, id, location, losingpitcher",visteam
Games,"attendance, hometeam, id, location, losingpitcher",usedh
Games,"attendance, hometeam, id, location, losingpitcher",date
Games,"attendance, date, hometeam, id, location",winningpitcher
Games,"attendance, date, hometeam, id, location",sv
Games,"attendance, date, hometeam, id, location",htbf
Games,"attendance, date, hometeam, id, location",visteam
Games,"attendance, date, hometeam, id, location",usedh
Games,"attendance, date, hometeam, id, location",losingpitcher
Games,"attendance, date, hometeam, location, losingpitcher",winningpitcher
Games,"attendance, date, hometeam, location, losingpitcher",sv
Games,"attendance, date, hometeam, location, losingpitcher",htbf
Games,"attendance, date, hometeam, location, losingpitcher",visteam
Games,"attendance, date, hometeam, location, losingpitcher",usedh
Games,"attendance, date, hometeam, location, losingpitcher",id
Games,"attendance, hometeam, id, usedh, visteam",winningpitcher
Games,"attendance, hometeam, id, usedh, visteam",sv
Games,"attendance, hometeam, id, usedh, visteam",htbf
Games,"attendance, hometeam, id, usedh, visteam",location
Games,"attendance, hometeam, id, usedh, visteam",losingpitcher
Games,"attendance, hometeam, id, usedh, visteam",date
Games,"attendance, hometeam, losingpitcher, usedh, visteam",winningpitcher
Games,"attendance, hometeam, losingpitcher, usedh, visteam",sv
Games,"attendance, hometeam, losingpitcher, usedh, visteam",htbf
Games,"attendance, hometeam, losingpitcher, usedh, visteam",location
Games,"attendance, hometeam, losingpitcher, usedh, visteam",id
Games,"attendance, hometeam, losingpitcher, usedh, visteam",date
Games,"attendance, date, hometeam, usedh, visteam",location
Games,"attendance, hometeam, id, losingpitcher, visteam",winningpitcher
Games,"attendance, hometeam, id, losingpitcher, visteam",sv
Games,"attendance, hometeam, id, losingpitcher, visteam",htbf
Games,"attendance, hometeam, id, losingpitcher, visteam",location
Games,"attendance, hometeam, id, losingpitcher, visteam",usedh
Games,"attendance, hometeam, id, losingpitcher, visteam",date
Games,"attendance, date, hometeam, id, visteam",winningpitcher
Games,"attendance, date, hometeam, id, visteam",sv
Games,"attendance, date, hometeam, id, visteam",htbf
Games,"attendance, date, hometeam, id, visteam",location
Games,"attendance, date, hometeam, id, visteam",usedh
Games,"attendance, date, hometeam, id, visteam",losingpitcher
Games,"attendance, date, hometeam, losingpitcher, visteam",winningpitcher
Games,"attendance, date, hometeam, losingpitcher, visteam",sv
Games,"attendance, date, hometeam, losingpitcher, visteam",htbf
Games,"attendance, date, hometeam, losingpitcher, visteam",location
Games,"attendance, date, hometeam, losingpitcher, visteam",usedh
Games,"attendance, date, hometeam, losingpitcher, visteam",id
Games,"attendance, hometeam, id, losingpitcher, usedh",winningpitcher
Games,"attendance, hometeam, id, losingpitcher, usedh",sv
Games,"attendance, hometeam, id, losingpitcher, usedh",htbf
Games,"attendance, hometeam, id, losingpitcher, usedh",location
Games,"attendance, hometeam, id, losingpitcher, usedh",visteam
Games,"attendance, hometeam, id, losingpitcher, usedh",date
Games,"attendance, date, hometeam, id, usedh",winningpitcher
Games,"attendance, date, hometeam, id, usedh",sv
Games,"attendance, date, hometeam, id, usedh",htbf
Games,"attendance, date, hometeam, id, usedh",location
Games,"attendance, date, hometeam, id, usedh",visteam
Games,"attendance, date, hometeam, id, usedh",losingpitcher
Games,"attendance, date, hometeam, losingpitcher, usedh",winningpitcher
Games,"attendance, date, hometeam, losingpitcher, usedh",sv
Games,"attendance, date, hometeam, losingpitcher, usedh",htbf
Games,"attendance, date, hometeam, losingpitcher, usedh",location
Games,"attendance, date, hometeam, losingpitcher, usedh",visteam
Games,"attendance, date, hometeam, losingpitcher, usedh",id
Games,"attendance, date, hometeam, id, losingpitcher",winningpitcher
Games,"attendance, date, hometeam, id, losingpitcher",sv
Games,"attendance, date, hometeam, id, losingpitcher",htbf
Games,"attendance, date, hometeam, id, losingpitcher",location
Games,"attendance, date, hometeam, id, losingpitcher",visteam
Games,"attendance, date, hometeam, id, losingpitcher",usedh
Games,"attendance, id, location, usedh, visteam",winningpitcher
Games,"attendance, id, location, usedh, visteam",sv
Games,"attendance, id, location, usedh, visteam",htbf
Games,"attendance, id, location, usedh, visteam",hometeam
Games,"attendance, id, location, usedh, visteam",losingpitcher
Games,"attendance, id, location, usedh, visteam",date
Games,"attendance, location, losingpitcher, usedh, visteam",winningpitcher
Games,"attendance, location, losingpitcher, usedh, visteam",sv
Games,"attendance, location, losingpitcher, usedh, visteam",htbf
Games,"attendance, location, losingpitcher, usedh, visteam",hometeam
Games,"attendance, location, losingpitcher, usedh, visteam",id
Games,"attendance, location, losingpitcher, usedh, visteam",date
Games,"attendance, date, location, usedh, visteam",hometeam
Games,"attendance, id, location, losingpitcher, visteam",winningpitcher
Games,"attendance, id, location, losingpitcher, visteam",sv
Games,"attendance, id, location, losingpitcher, visteam",htbf
Games,"attendance, id, location, losingpitcher, visteam",hometeam
Games,"attendance, id, location, losingpitcher, visteam",usedh
Games,"attendance, id, location, losingpitcher, visteam",date
Games,"attendance, date, id, location, visteam",winningpitcher
Games,"attendance, date, id, location, visteam",sv
Games,"attendance, date, id, location, visteam",htbf
Games,"attendance, date, id, location, visteam",hometeam
Games,"attendance, date, id, location, visteam",usedh
Games,"attendance, date, id, location, visteam",losingpitcher
Games,"attendance, date, location, losingpitcher, visteam",winningpitcher
Games,"attendance, date, location, losingpitcher, visteam",sv
Games,"attendance, date, location, losingpitcher, visteam",htbf
Games,"attendance, date, location, losingpitcher, visteam",hometeam
Games,"attendance, date, location, losingpitcher, visteam",usedh
Games,"attendance, date, location, losingpitcher, visteam",id
Games,"attendance, id, location, losingpitcher, usedh",winningpitcher
Games,"attendance, id, location, losingpitcher, usedh",sv
Games,"attendance, id, location, losingpitcher, usedh",htbf
Games,"attendance, id, location, losingpitcher, usedh",hometeam
Games,"attendance, id, location, losingpitcher, usedh",visteam
Games,"attendance, id, location, losingpitcher, usedh",date
Games,"attendance, date, id, location, usedh",winningpitcher
Games,"attendance, date, id, location, usedh",sv
Games,"attendance, date, id, location, usedh",htbf
Games,"attendance, date, id, location, usedh",hometeam
Games,"attendance, date, id, location, usedh",visteam
Games,"attendance, date, id, location, usedh",losingpitcher
Games,"attendance, date, location, losingpitcher, usedh",winningpitcher
Games,"attendance, date, location, losingpitcher, usedh",sv
Games,"attendance, date, location, losingpitcher, usedh",htbf
Games,"attendance, date, location, losingpitcher, usedh",hometeam
Games,"attendance, date, location, losingpitcher, usedh",visteam
Games,"attendance, date, location, losingpitcher, usedh",id
Games,"attendance, date, id, location, losingpitcher",winningpitcher
Games,"attendance, date, id, location, losingpitcher",sv
Games,"attendance, date, id, location, losingpitcher",htbf
Games,"attendance, date, id, location, losingpitcher",hometeam
Games,"attendance, date, id, location, losingpitcher",visteam
Games,"attendance, date, id, location, losingpitcher",usedh
Games,"attendance, id, losingpitcher, usedh, visteam",winningpitcher
Games,"attendance, id, losingpitcher, usedh, visteam",sv
Games,"attendance, id, losingpitcher, usedh, visteam",htbf
Games,"attendance, id, losingpitcher, usedh, visteam",hometeam
Games,"attendance, id, losingpitcher, usedh, visteam",location
Games,"attendance, id, losingpitcher, usedh, visteam",date
Games,"attendance, date, id, usedh, visteam",winningpitcher
Games,"attendance, date, id, usedh, visteam",sv
Games,"attendance, date, id, usedh, visteam",htbf
Games,"attendance, date, id, usedh, visteam",hometeam
Games,"attendance, date, id, usedh, visteam",location
Games,"attendance, date, id, usedh, visteam",losingpitcher
Games,"attendance, date, losingpitcher, usedh, visteam",winningpitcher
Games,"attendance, date, losingpitcher, usedh, visteam",sv
Games,"attendance, date, losingpitcher, usedh, visteam",htbf
Games,"attendance, date, losingpitcher, usedh, visteam",hometeam
Games,"attendance, date, losingpitcher, usedh, visteam",location
Games,"attendance, date, losingpitcher, usedh, visteam",id
Games,"attendance, date, id, losingpitcher, visteam",winningpitcher
Games,"attendance, date, id, losingpitcher, visteam",sv
Games,"attendance, date, id, losingpitcher, visteam",htbf
Games,"attendance, date, id, losingpitcher, visteam",hometeam
Games,"attendance, date, id, losingpitcher, visteam",location
Games,"attendance, date, id, losingpitcher, visteam",usedh
Games,"attendance, date, id, losingpitcher, usedh",winningpitcher
Games,"attendance, date, id, losingpitcher, usedh",sv
Games,"attendance, date, id, losingpitcher, usedh",htbf
Games,"attendance, date, id, losingpitcher, usedh",hometeam
Games,"attendance, date, id, losingpitcher, usedh",location
Games,"attendance, date, id, losingpitcher, usedh",visteam
Games,"hometeam, htbf, location, sv, visteam",winningpitcher
Games,"hometeam, htbf, location, sv, visteam",attendance
Games,"hometeam, htbf, location, sv, visteam",usedh
Games,"hometeam, htbf, location, sv, visteam",id
Games,"hometeam, htbf, location, sv, visteam",losingpitcher
Games,"hometeam, htbf, location, sv, visteam",date
Games,"hometeam, htbf, location, sv, usedh",winningpitcher
Games,"hometeam, htbf, location, sv, usedh",attendance
Games,"hometeam, htbf, location, sv, usedh",visteam
Games,"hometeam, htbf, location, sv, usedh",id
Games,"hometeam, htbf, location, sv, usedh",losingpitcher
Games,"hometeam, htbf, location, sv, usedh",date
Games,"hometeam, htbf, id, location, sv",winningpitcher
Games,"hometeam, htbf, id, location, sv",attendance
Games,"hometeam, htbf, id, location, sv",visteam
Games,"hometeam, htbf, id, location, sv",usedh
Games,"hometeam, htbf, id, location, sv",losingpitcher
Games,"hometeam, htbf, id, location, sv",date
Games,"hometeam, htbf, location, losingpitcher, sv",winningpitcher
Games,"hometeam, htbf, location, losingpitcher, sv",attendance
Games,"hometeam, htbf, location, losingpitcher, sv",visteam
Games,"hometeam, htbf, location, losingpitcher, sv",usedh
Games,"hometeam, htbf, location, losingpitcher, sv",id
Games,"hometeam, htbf, location, losingpitcher, sv",date
Games,"date, hometeam, htbf, location, sv",winningpitcher
Games,"date, hometeam, htbf, location, sv",attendance
Games,"date, hometeam, htbf, location, sv",visteam
Games,"date, hometeam, htbf, location, sv",usedh
Games,"date, hometeam, htbf, location, sv",id
Games,"date, hometeam, htbf, location, sv",losingpitcher
Games,"hometeam, htbf, sv, usedh, visteam",winningpitcher
Games,"hometeam, htbf, sv, usedh, visteam",attendance
Games,"hometeam, htbf, sv, usedh, visteam",location
Games,"hometeam, htbf, sv, usedh, visteam",id
Games,"hometeam, htbf, sv, usedh, visteam",losingpitcher
Games,"hometeam, htbf, sv, usedh, visteam",date
Games,"hometeam, htbf, id, sv, visteam",winningpitcher
Games,"hometeam, htbf, id, sv, visteam",attendance
Games,"hometeam, htbf, id, sv, visteam",location
Games,"hometeam, htbf, id, sv, visteam",usedh
Games,"hometeam, htbf, id, sv, visteam",losingpitcher
Games,"hometeam, htbf, id, sv, visteam",date
Games,"hometeam, htbf, losingpitcher, sv, visteam",winningpitcher
Games,"hometeam, htbf, losingpitcher, sv, visteam",attendance
Games,"hometeam, htbf, losingpitcher, sv, visteam",location
Games,"hometeam, htbf, losingpitcher, sv, visteam",usedh
Games,"hometeam, htbf, losingpitcher, sv, visteam",id
Games,"hometeam, htbf, losingpitcher, sv, visteam",date
Games,"date, hometeam, htbf, sv, visteam",winningpitcher
Games,"date, hometeam, htbf, sv, visteam",attendance
Games,"date, hometeam, htbf, sv, visteam",location
Games,"date, hometeam, htbf, sv, visteam",usedh
Games,"date, hometeam, htbf, sv, visteam",id
Games,"date, hometeam, htbf, sv, visteam",losingpitcher
Games,"hometeam, htbf, id, sv, usedh",winningpitcher
Games,"hometeam, htbf, id, sv, usedh",attendance
Games,"hometeam, htbf, id, sv, usedh",visteam
Games,"hometeam, htbf, id, sv, usedh",location
Games,"hometeam, htbf, id, sv, usedh",losingpitcher
Games,"hometeam, htbf, id, sv, usedh",date
Games,"hometeam, htbf, losingpitcher, sv, usedh",winningpitcher
Games,"hometeam, htbf, losingpitcher, sv, usedh",attendance
Games,"hometeam, htbf, losingpitcher, sv, usedh",visteam
Games,"hometeam, htbf, losingpitcher, sv, usedh",location
Games,"hometeam, htbf, losingpitcher, sv, usedh",id
Games,"hometeam, htbf, losingpitcher, sv, usedh",date
Games,"date, hometeam, htbf, sv, usedh",winningpitcher
Games,"date, hometeam, htbf, sv, usedh",attendance
Games,"date, hometeam, htbf, sv, usedh",visteam
Games,"date, hometeam, htbf, sv, usedh",location
Games,"date, hometeam, htbf, sv, usedh",id
Games,"date, hometeam, htbf, sv, usedh",losingpitcher
Games,"hometeam, htbf, id, losingpitcher, sv",winningpitcher
Games,"hometeam, htbf, id, losingpitcher, sv",attendance
Games,"hometeam, htbf, id, losingpitcher, sv",visteam
Games,"hometeam, htbf, id, losingpitcher, sv",location
Games,"hometeam, htbf, id, losingpitcher, sv",usedh
Games,"hometeam, htbf, id, losingpitcher, sv",date
Games,"date, hometeam, htbf, id, sv",winningpitcher
Games,"date, hometeam, htbf, id, sv",attendance
Games,"date, hometeam, htbf, id, sv",visteam
Games,"date, hometeam, htbf, id, sv",location
Games,"date, hometeam, htbf, id, sv",usedh
Games,"date, hometeam, htbf, id, sv",losingpitcher
Games,"date, hometeam, htbf, losingpitcher, sv",winningpitcher
Games,"date, hometeam, htbf, losingpitcher, sv",attendance
Games,"date, hometeam, htbf, losingpitcher, sv",visteam
Games,"date, hometeam, htbf, losingpitcher, sv",location
Games,"date, hometeam, htbf, losingpitcher, sv",usedh
Games,"date, hometeam, htbf, losingpitcher, sv",id
Games,"htbf, location, sv, usedh, visteam",winningpitcher
Games,"htbf, location, sv, usedh, visteam",attendance
Games,"htbf, location, sv, usedh, visteam",hometeam
Games,"htbf, location, sv, usedh, visteam",id
Games,"htbf, location, sv, usedh, visteam",losingpitcher
Games,"htbf, location, sv, usedh, visteam",date
Games,"htbf, id, location, sv, visteam",winningpitcher
Games,"htbf, id, location, sv, visteam",attendance
Games,"htbf, id, location, sv, visteam",hometeam
Games,"htbf, id, location, sv, visteam",usedh
Games,"htbf, id, location, sv, visteam",losingpitcher
Games,"htbf, id, location, sv, visteam",date
Games,"htbf, location, losingpitcher, sv, visteam",winningpitcher
Games,"htbf, location, losingpitcher, sv, visteam",attendance
Games,"htbf, location, losingpitcher, sv, visteam",hometeam
Games,"htbf, location, losingpitcher, sv, visteam",usedh
Games,"htbf, location, losingpitcher, sv, visteam",id
Games,"htbf, location, losingpitcher, sv, visteam",date
Games,"date, htbf, location, sv, visteam",winningpitcher
Games,"date, htbf, location, sv, visteam",attendance
Games,"date, htbf, location, sv, visteam",hometeam
Games,"date, htbf, location, sv, visteam",usedh
Games,"date, htbf, location, sv, visteam",id
Games,"date, htbf, location, sv, visteam",losingpitcher
Games,"htbf, id, location, sv, usedh",winningpitcher
Games,"htbf, id, location, sv, usedh",attendance
Games,"htbf, id, location, sv, usedh",hometeam
Games,"htbf, id, location, sv, usedh",visteam
Games,"htbf, id, location, sv, usedh",losingpitcher
Games,"htbf, id, location, sv, usedh",date
Games,"htbf, location, losingpitcher, sv, usedh",winningpitcher
Games,"htbf, location, losingpitcher, sv, usedh",attendance
Games,"htbf, location, losingpitcher, sv, usedh",hometeam
Games,"htbf, location, losingpitcher, sv, usedh",visteam
Games,"htbf, location, losingpitcher, sv, usedh",id
Games,"htbf, location, losingpitcher, sv, usedh",date
Games,"date, htbf, location, sv, usedh",winningpitcher
Games,"date, htbf, location, sv, usedh",attendance
Games,"date, htbf, location, sv, usedh",hometeam
Games,"date, htbf, location, sv, usedh",visteam
Games,"date, htbf, location, sv, usedh",id
Games,"date, htbf, location, sv, usedh",losingpitcher
Games,"htbf, id, location, losingpitcher, sv",winningpitcher
Games,"htbf, id, location, losingpitcher, sv",attendance
Games,"htbf, id, location, losingpitcher, sv",hometeam
Games,"htbf, id, location, losingpitcher, sv",visteam
Games,"htbf, id, location, losingpitcher, sv",usedh
Games,"htbf, id, location, losingpitcher, sv",date
Games,"date, htbf, id, location, sv",winningpitcher
Games,"date, htbf, id, location, sv",attendance
Games,"date, htbf, id, location, sv",hometeam
Games,"date, htbf, id, location, sv",visteam
Games,"date, htbf, id, location, sv",usedh
Games,"date, htbf, id, location, sv",losingpitcher
Games,"date, htbf, location, losingpitcher, sv",winningpitcher
Games,"date, htbf, location, losingpitcher, sv",attendance
Games,"date, htbf, location, losingpitcher, sv",hometeam
Games,"date, htbf, location, losingpitcher, sv",visteam
Games,"date, htbf, location, losingpitcher, sv",usedh
Games,"date, htbf, location, losingpitcher, sv",id
Games,"htbf, id, sv, usedh, visteam",winningpitcher
Games,"htbf, id, sv, usedh, visteam",attendance
Games,"htbf, id, sv, usedh, visteam",hometeam
Games,"htbf, id, sv, usedh, visteam",location
Games,"htbf, id, sv, usedh, visteam",losingpitcher
Games,"htbf, id, sv, usedh, visteam",date
Games,"htbf, losingpitcher, sv, usedh, visteam",winningpitcher
Games,"htbf, losingpitcher, sv, usedh, visteam",attendance
Games,"htbf, losingpitcher, sv, usedh, visteam",hometeam
Games,"htbf, losingpitcher, sv, usedh, visteam",location
Games,"htbf, losingpitcher, sv, usedh, visteam",id
Games,"htbf, losingpitcher, sv, usedh, visteam",date
Games,"date, htbf, sv, usedh, visteam",winningpitcher
Games,"date, htbf, sv, usedh, visteam",attendance
Games,"date, htbf, sv, usedh, visteam",hometeam
Games,"date, htbf, sv, usedh, visteam",location
Games,"date, htbf, sv, usedh, visteam",id
Games,"date, htbf, sv, usedh, visteam",losingpitcher
Games,"htbf, id, losingpitcher, sv, visteam",winningpitcher
Games,"htbf, id, losingpitcher, sv, visteam",attendance
Games,"htbf, id, losingpitcher, sv, visteam",hometeam
Games,"htbf, id, losingpitcher, sv, visteam",location
Games,"htbf, id, losingpitcher, sv, visteam",usedh
Games,"htbf, id, losingpitcher, sv, visteam",date
Games,"date, htbf, id, sv, visteam",winningpitcher
Games,"date, htbf, id, sv, visteam",attendance
Games,"date, htbf, id, sv, visteam",hometeam
Games,"date, htbf, id, sv, visteam",location
Games,"date, htbf, id, sv, visteam",usedh
Games,"date, htbf, id, sv, visteam",losingpitcher
Games,"date, htbf, losingpitcher, sv, visteam",winningpitcher
Games,"date, htbf, losingpitcher, sv, visteam",attendance
Games,"date, htbf, losingpitcher, sv, visteam",hometeam
Games,"date, htbf, losingpitcher, sv, visteam",location
Games,"date, htbf, losingpitcher, sv, visteam",usedh
Games,"date, htbf, losingpitcher, sv, visteam",id
Games,"htbf, id, losingpitcher, sv, usedh",winningpitcher
Games,"htbf, id, losingpitcher, sv, usedh",attendance
Games,"htbf, id, losingpitcher, sv, usedh",hometeam
Games,"htbf, id, losingpitcher, sv, usedh",visteam
Games,"htbf, id, losingpitcher, sv, usedh",location
Games,"htbf, id, losingpitcher, sv, usedh",date
Games,"date, htbf, id, sv, usedh",winningpitcher
Games,"date, htbf, id, sv, usedh",attendance
Games,"date, htbf, id, sv, usedh",hometeam
Games,"date, htbf, id, sv, usedh",visteam
Games,"date, htbf, id, sv, usedh",location
Games,"date, htbf, id, sv, usedh",losingpitcher
Games,"date, htbf, losingpitcher, sv, usedh",winningpitcher
Games,"date, htbf, losingpitcher, sv, usedh",attendance
Games,"date, htbf, losingpitcher, sv, usedh",hometeam
Games,"date, htbf, losingpitcher, sv, usedh",visteam
Games,"date, htbf, losingpitcher, sv, usedh",location
Games,"date, htbf, losingpitcher, sv, usedh",id
Games,"date, htbf, id, losingpitcher, sv",winningpitcher
Games,"date, htbf, id, losingpitcher, sv",attendance
Games,"date, htbf, id, losingpitcher, sv",hometeam
Games,"date, htbf, id, losingpitcher, sv",visteam
Games,"date, htbf, id, losingpitcher, sv",location
Games,"date, htbf, id, losingpitcher, sv",usedh
Games,"hometeam, id, location, sv, visteam",winningpitcher
Games,"hometeam, id, location, sv, visteam",attendance
Games,"hometeam, id, location, sv, visteam",htbf
Games,"hometeam, id, location, sv, visteam",usedh
Games,"hometeam, id, location, sv, visteam",losingpitcher
Games,"hometeam, id, location, sv, visteam",date
Games,"hometeam, location, losingpitcher, sv, visteam",winningpitcher
Games,"hometeam, location, losingpitcher, sv, visteam",attendance
Games,"hometeam, location, losingpitcher, sv, visteam",htbf
Games,"hometeam, location, losingpitcher, sv, visteam",usedh
Games,"hometeam, location, losingpitcher, sv, visteam",id
Games,"hometeam, location, losingpitcher, sv, visteam",date
Games,"date, hometeam, location, sv, visteam",usedh
Games,"hometeam, id, location, sv, usedh",winningpitcher
Games,"hometeam, id, location, sv, usedh",attendance
Games,"hometeam, id, location, sv, usedh",htbf
Games,"hometeam, id, location, sv, usedh",visteam
Games,"hometeam, id, location, sv, usedh",losingpitcher
Games,"hometeam, id, location, sv, usedh",date
Games,"hometeam, location, losingpitcher, sv, usedh",winningpitcher
Games,"hometeam, location, losingpitcher, sv, usedh",attendance
Games,"hometeam, location, losingpitcher, sv, usedh",htbf
Games,"hometeam, location, losingpitcher, sv, usedh",visteam
Games,"hometeam, location, losingpitcher, sv, usedh",id
Games,"hometeam, location, losingpitcher, sv, usedh",date
Games,"date, hometeam, location, sv, usedh",visteam
Games,"hometeam, id, location, losingpitcher, sv",winningpitcher
Games,"hometeam, id, location, losingpitcher, sv",attendance
Games,"hometeam, id, location, losingpitcher, sv",htbf
Games,"hometeam, id, location, losingpitcher, sv",visteam
Games,"hometeam, id, location, losingpitcher, sv",usedh
Games,"hometeam, id, location, losingpitcher, sv",date
Games,"date, hometeam, id, location, sv",winningpitcher
Games,"date, hometeam, id, location, sv",attendance
Games,"date, hometeam, id, location, sv",htbf
Games,"date, hometeam, id, location, sv",visteam
Games,"date, hometeam, id, location, sv",usedh
Games,"date, hometeam, id, location, sv",losingpitcher
Games,"date, hometeam, location, losingpitcher, sv",winningpitcher
Games,"date, hometeam, location, losingpitcher, sv",attendance
Games,"date, hometeam, location, losingpitcher, sv",htbf
Games,"date, hometeam, location, losingpitcher, sv",visteam
Games,"date, hometeam, location, losingpitcher, sv",usedh
Games,"date, hometeam, location, losingpitcher, sv",id
Games,"hometeam, id, sv, usedh, visteam",winningpitcher
Games,"hometeam, id, sv, usedh, visteam",attendance
Games,"hometeam, id, sv, usedh, visteam",htbf
Games,"hometeam, id, sv, usedh, visteam",location
Games,"hometeam, id, sv, usedh, visteam",losingpitcher
Games,"hometeam, id, sv, usedh, visteam",date
Games,"hometeam, losingpitcher, sv, usedh, visteam",winningpitcher
Games,"hometeam, losingpitcher, sv, usedh, visteam",attendance
Games,"hometeam, losingpitcher, sv, usedh, visteam",htbf
Games,"hometeam, losingpitcher, sv, usedh, visteam",location
Games,"hometeam, losingpitcher, sv, usedh, visteam",id
Games,"hometeam, losingpitcher, sv, usedh, visteam",date
Games,"date, hometeam, sv, usedh, visteam",location
Games,"hometeam, id, losingpitcher, sv, visteam",winningpitcher
Games,"hometeam, id, losingpitcher, sv, visteam",attendance
Games,"hometeam, id, losingpitcher, sv, visteam",htbf
Games,"hometeam, id, losingpitcher, sv, visteam",location
Games,"hometeam, id, losingpitcher, sv, visteam",usedh
Games,"hometeam, id, losingpitcher, sv, visteam",date
Games,"date, hometeam, id, sv, visteam",winningpitcher
Games,"date, hometeam, id, sv, visteam",attendance
Games,"date, hometeam, id, sv, visteam",htbf
Games,"date, hometeam, id, sv, visteam",location
Games,"date, hometeam, id, sv, visteam",usedh
Games,"date, hometeam, id, sv, visteam",losingpitcher
Games,"date, hometeam, losingpitcher, sv, visteam",winningpitcher
Games,"date, hometeam, losingpitcher, sv, visteam",attendance
Games,"date, hometeam, losingpitcher, sv, visteam",htbf
Games,"date, hometeam, losingpitcher, sv, visteam",location
Games,"date, hometeam, losingpitcher, sv, visteam",usedh
Games,"date, hometeam, losingpitcher, sv, visteam",id
Games,"hometeam, id, losingpitcher, sv, usedh",winningpitcher
Games,"hometeam, id, losingpitcher, sv, usedh",attendance
Games,"hometeam, id, losingpitcher, sv, usedh",htbf
Games,"hometeam, id, losingpitcher, sv, usedh",visteam
Games,"hometeam, id, losingpitcher, sv, usedh",location
Games,"hometeam, id, losingpitcher, sv, usedh",date
Games,"date, hometeam, id, sv, usedh",winningpitcher
Games,"date, hometeam, id, sv, usedh",attendance
Games,"date, hometeam, id, sv, usedh",htbf
Games,"date, hometeam, id, sv, usedh",visteam
Games,"date, hometeam, id, sv, usedh",location
Games,"date, hometeam, id, sv, usedh",losingpitcher
Games,"date, hometeam, losingpitcher, sv, usedh",winningpitcher
Games,"date, hometeam, losingpitcher, sv, usedh",attendance
Games,"date, hometeam, losingpitcher, sv, usedh",htbf
Games,"date, hometeam, losingpitcher, sv, usedh",visteam
Games,"date, hometeam, losingpitcher, sv, usedh",location
Games,"date, hometeam, losingpitcher, sv, usedh",id
Games,"date, hometeam, id, losingpitcher, sv",winningpitcher
Games,"date, hometeam, id, losingpitcher, sv",attendance
Games,"date, hometeam, id, losingpitcher, sv",htbf
Games,"date, hometeam, id, losingpitcher, sv",visteam
Games,"date, hometeam, id, losingpitcher, sv",location
Games,"date, hometeam, id, losingpitcher, sv",usedh
Games,"id, location, sv, usedh, visteam",winningpitcher
Games,"id, location, sv, usedh, visteam",attendance
Games,"id, location, sv, usedh, visteam",htbf
Games,"id, location, sv, usedh, visteam",hometeam
Games,"id, location, sv, usedh, visteam",losingpitcher
Games,"id, location, sv, usedh, visteam",date
Games,"location, losingpitcher, sv, usedh, visteam",winningpitcher
Games,"location, losingpitcher, sv, usedh, visteam",attendance
Games,"location, losingpitcher, sv, usedh, visteam",htbf
Games,"location, losingpitcher, sv, usedh, visteam",hometeam
Games,"location, losingpitcher, sv, usedh, visteam",id
Games,"location, losingpitcher, sv, usedh, visteam",date
Games,"date, location, sv, usedh, visteam",hometeam
Games,"id, location, losingpitcher, sv, visteam",winningpitcher
Games,"id, location, losingpitcher, sv, visteam",attendance
Games,"id, location, losingpitcher, sv, visteam",htbf
Games,"id, location, losingpitcher, sv, visteam",hometeam
Games,"id, location, losingpitcher, sv, visteam",usedh
Games,"id, location, losingpitcher, sv, visteam",date
Games,"date, id, location, sv, visteam",winningpitcher
Games,"date, id, location, sv, visteam",attendance
Games,"date, id, location, sv, visteam",htbf
Games,"date, id, location, sv, visteam",hometeam
Games,"date, id, location, sv, visteam",usedh
Games,"date, id, location, sv, visteam",losingpitcher
Games,"date, location, losingpitcher, sv, visteam",winningpitcher
Games,"date, location, losingpitcher, sv, visteam",attendance
Games,"date, location, losingpitcher, sv, visteam",htbf
Games,"date, location, losingpitcher, sv, visteam",hometeam
Games,"date, location, losingpitcher, sv, visteam",usedh
Games,"date, location, losingpitcher, sv, visteam",id
Games,"id, location, losingpitcher, sv, usedh",winningpitcher
Games,"id, location, losingpitcher, sv, usedh",attendance
Games,"id, location, losingpitcher, sv, usedh",htbf
Games,"id, location, losingpitcher, sv, usedh",hometeam
Games,"id, location, losingpitcher, sv, usedh",visteam
Games,"id, location, losingpitcher, sv, usedh",date
Games,"date, id, location, sv, usedh",winningpitcher
Games,"date, id, location, sv, usedh",attendance
Games,"date, id, location, sv, usedh",htbf
Games,"date, id, location, sv, usedh",hometeam
Games,"date, id, location, sv, usedh",visteam
Games,"date, id, location, sv, usedh",losingpitcher
Games,"date, location, losingpitcher, sv, usedh",winningpitcher
Games,"date, location, losingpitcher, sv, usedh",attendance
Games,"date, location, losingpitcher, sv, usedh",htbf
Games,"date, location, losingpitcher, sv, usedh",hometeam
Games,"date, location, losingpitcher, sv, usedh",visteam
Games,"date, location, losingpitcher, sv, usedh",id
Games,"date, id, location, losingpitcher, sv",winningpitcher
Games,"date, id, location, losingpitcher, sv",attendance
Games,"date, id, location, losingpitcher, sv",htbf
Games,"date, id, location, losingpitcher, sv",hometeam
Games,"date, id, location, losingpitcher, sv",visteam
Games,"date, id, location, losingpitcher, sv",usedh
Games,"id, losingpitcher, sv, usedh, visteam",winningpitcher
Games,"id, losingpitcher, sv, usedh, visteam",attendance
Games,"id, losingpitcher, sv, usedh, visteam",htbf
Games,"id, losingpitcher, sv, usedh, visteam",hometeam
Games,"id, losingpitcher, sv, usedh, visteam",location
Games,"id, losingpitcher, sv, usedh, visteam",date
Games,"date, id, sv, usedh, visteam",winningpitcher
Games,"date, id, sv, usedh, visteam",attendance
Games,"date, id, sv, usedh, visteam",htbf
Games,"date, id, sv, usedh, visteam",hometeam
Games,"date, id, sv, usedh, visteam",location
Games,"date, id, sv, usedh, visteam",losingpitcher
Games,"date, losingpitcher, sv, usedh, visteam",winningpitcher
Games,"date, losingpitcher, sv, usedh, visteam",attendance
Games,"date, losingpitcher, sv, usedh, visteam",htbf
Games,"date, losingpitcher, sv, usedh, visteam",hometeam
Games,"date, losingpitcher, sv, usedh, visteam",location
Games,"date, losingpitcher, sv, usedh, visteam",id
Games,"date, id, losingpitcher, sv, visteam",winningpitcher
Games,"date, id, losingpitcher, sv, visteam",attendance
Games,"date, id, losingpitcher, sv, visteam",htbf
Games,"date, id, losingpitcher, sv, visteam",hometeam
Games,"date, id, losingpitcher, sv, visteam",location
Games,"date, id, losingpitcher, sv, visteam",usedh
Games,"date, id, losingpitcher, sv, usedh",winningpitcher
Games,"date, id, losingpitcher, sv, usedh",attendance
Games,"date, id, losingpitcher, sv, usedh",htbf
Games,"date, id, losingpitcher, sv, usedh",hometeam
Games,"date, id, losingpitcher, sv, usedh",location
Games,"date, id, losingpitcher, sv, usedh",visteam
Games,"hometeam, htbf, id, location, visteam",winningpitcher
Games,"hometeam, htbf, id, location, visteam",attendance
Games,"hometeam, htbf, id, location, visteam",sv
Games,"hometeam, htbf, id, location, visteam",usedh
Games,"hometeam, htbf, id, location, visteam",losingpitcher
Games,"hometeam, htbf, id, location, visteam",date
Games,"hometeam, htbf, location, losingpitcher, visteam",winningpitcher
Games,"hometeam, htbf, location, losingpitcher, visteam",attendance
Games,"hometeam, htbf, location, losingpitcher, visteam",sv
Games,"hometeam, htbf, location, losingpitcher, visteam",usedh
Games,"hometeam, htbf, location, losingpitcher, visteam",id
Games,"hometeam, htbf, location, losingpitcher, visteam",date
Games,"date, hometeam, htbf, location, visteam",winningpitcher
Games,"date, hometeam, htbf, location, visteam",attendance
Games,"date, hometeam, htbf, location, visteam",sv
Games,"date, hometeam, htbf, location, visteam",usedh
Games,"date, hometeam, htbf, location, visteam",id
Games,"date, hometeam, htbf, location, visteam",losingpitcher
Games,"hometeam, htbf, id, location, usedh",winningpitcher
Games,"hometeam, htbf, id, location, usedh",attendance
Games,"hometeam, htbf, id, location, usedh",sv
Games,"hometeam, htbf, id, location, usedh",visteam
Games,"hometeam, htbf, id, location, usedh",losingpitcher
Games,"hometeam, htbf, id, location, usedh",date
Games,"hometeam, htbf, location, losingpitcher, usedh",winningpitcher
Games,"hometeam, htbf, location, losingpitcher, usedh",attendance
Games,"hometeam, htbf, location, losingpitcher, usedh",sv
Games,"hometeam, htbf, location, losingpitcher, usedh",visteam
Games,"hometeam, htbf, location, losingpitcher, usedh",id
Games,"hometeam, htbf, location, losingpitcher, usedh",date
Games,"date, hometeam, htbf, location, usedh",winningpitcher
Games,"date, hometeam, htbf, location, usedh",attendance
Games,"date, hometeam, htbf, location, usedh",sv
Games,"date, hometeam, htbf, location, usedh",visteam
Games,"date, hometeam, htbf, location, usedh",id
Games,"date, hometeam, htbf, location, usedh",losingpitcher
Games,"hometeam, htbf, id, location, losingpitcher",winningpitcher
Games,"hometeam, htbf, id, location, losingpitcher",attendance
Games,"hometeam, htbf, id, location, losingpitcher",sv
Games,"hometeam, htbf, id, location, losingpitcher",visteam
Games,"hometeam, htbf, id, location, losingpitcher",usedh
Games,"hometeam, htbf, id, location, losingpitcher",date
Games,"date, hometeam, htbf, id, location",winningpitcher
Games,"date, hometeam, htbf, id, location",attendance
Games,"date, hometeam, htbf, id, location",sv
Games,"date, hometeam, htbf, id, location",visteam
Games,"date, hometeam, htbf, id, location",usedh
Games,"date, hometeam, htbf, id, location",losingpitcher
Games,"date, hometeam, htbf, location, losingpitcher",winningpitcher
Games,"date, hometeam, htbf, location, losingpitcher",attendance
Games,"date, hometeam, htbf, location, losingpitcher",sv
Games,"date, hometeam, htbf, location, losingpitcher",visteam
Games,"date, hometeam, htbf, location, losingpitcher",usedh
Games,"date, hometeam, htbf, location, losingpitcher",id
Games,"hometeam, htbf, id, usedh, visteam",winningpitcher
Games,"hometeam, htbf, id, usedh, visteam",attendance
Games,"hometeam, htbf, id, usedh, visteam",sv
Games,"hometeam, htbf, id, usedh, visteam",location
Games,"hometeam, htbf, id, usedh, visteam",losingpitcher
Games,"hometeam, htbf, id, usedh, visteam",date
Games,"hometeam, htbf, losingpitcher, usedh, visteam",winningpitcher
Games,"hometeam, htbf, losingpitcher, usedh, visteam",attendance
Games,"hometeam, htbf, losingpitcher, usedh, visteam",sv
Games,"hometeam, htbf, losingpitcher, usedh, visteam",location
Games,"hometeam, htbf, losingpitcher, usedh, visteam",id
Games,"hometeam, htbf, losingpitcher, usedh, visteam",date
Games,"date, hometeam, htbf, usedh, visteam",winningpitcher
Games,"date, hometeam, htbf, usedh, visteam",attendance
Games,"date, hometeam, htbf, usedh, visteam",sv
Games,"date, hometeam, htbf, usedh, visteam",location
Games,"date, hometeam, htbf, usedh, visteam",id
Games,"date, hometeam, htbf, usedh, visteam",losingpitcher
Games,"hometeam, htbf, id, losingpitcher, visteam",winningpitcher
Games,"hometeam, htbf, id, losingpitcher, visteam",attendance
Games,"hometeam, htbf, id, losingpitcher, visteam",sv
Games,"hometeam, htbf, id, losingpitcher, visteam",location
Games,"hometeam, htbf, id, losingpitcher, visteam",usedh
Games,"hometeam, htbf, id, losingpitcher, visteam",date
Games,"date, hometeam, htbf, id, visteam",winningpitcher
Games,"date, hometeam, htbf, id, visteam",attendance
Games,"date, hometeam, htbf, id, visteam",sv
Games,"date, hometeam, htbf, id, visteam",location
Games,"date, hometeam, htbf, id, visteam",usedh
Games,"date, hometeam, htbf, id, visteam",losingpitcher
Games,"date, hometeam, htbf, losingpitcher, visteam",winningpitcher
Games,"date, hometeam, htbf, losingpitcher, visteam",attendance
Games,"date, hometeam, htbf, losingpitcher, visteam",sv
Games,"date, hometeam, htbf, losingpitcher, visteam",location
Games,"date, hometeam, htbf, losingpitcher, visteam",usedh
Games,"date, hometeam, htbf, losingpitcher, visteam",id
Games,"hometeam, htbf, id, losingpitcher, usedh",winningpitcher
Games,"hometeam, htbf, id, losingpitcher, usedh",attendance
Games,"hometeam, htbf, id, losingpitcher, usedh",sv
Games,"hometeam, htbf, id, losingpitcher, usedh",visteam
Games,"hometeam, htbf, id, losingpitcher, usedh",location
Games,"hometeam, htbf, id, losingpitcher, usedh",date
Games,"date, hometeam, htbf, id, usedh",winningpitcher
Games,"date, hometeam, htbf, id, usedh",attendance
Games,"date, hometeam, htbf, id, usedh",sv
Games,"date, hometeam, htbf, id, usedh",visteam
Games,"date, hometeam, htbf, id, usedh",location
Games,"date, hometeam, htbf, id, usedh",losingpitcher
Games,"date, hometeam, htbf, losingpitcher, usedh",winningpitcher
Games,"date, hometeam, htbf, losingpitcher, usedh",attendance
Games,"date, hometeam, htbf, losingpitcher, usedh",sv
Games,"date, hometeam, htbf, losingpitcher, usedh",visteam
Games,"date, hometeam, htbf, losingpitcher, usedh",location
Games,"date, hometeam, htbf, losingpitcher, usedh",id
Games,"date, hometeam, htbf, id, losingpitcher",winningpitcher
Games,"date, hometeam, htbf, id, losingpitcher",attendance
Games,"date, hometeam, htbf, id, losingpitcher",sv
Games,"date, hometeam, htbf, id, losingpitcher",visteam
Games,"date, hometeam, htbf, id, losingpitcher",location
Games,"date, hometeam, htbf, id, losingpitcher",usedh
Games,"htbf, id, location, usedh, visteam",winningpitcher
Games,"htbf, id, location, usedh, visteam",attendance
Games,"htbf, id, location, usedh, visteam",sv
Games,"htbf, id, location, usedh, visteam",hometeam
Games,"htbf, id, location, usedh, visteam",losingpitcher
Games,"htbf, id, location, usedh, visteam",date
Games,"htbf, location, losingpitcher, usedh, visteam",winningpitcher
Games,"htbf, location, losingpitcher, usedh, visteam",attendance
Games,"htbf, location, losingpitcher, usedh, visteam",sv
Games,"htbf, location, losingpitcher, usedh, visteam",hometeam
Games,"htbf, location, losingpitcher, usedh, visteam",id
Games,"htbf, location, losingpitcher, usedh, visteam",date
Games,"date, htbf, location, usedh, visteam",winningpitcher
Games,"date, htbf, location, usedh, visteam",attendance
Games,"date, htbf, location, usedh, visteam",sv
Games,"date, htbf, location, usedh, visteam",hometeam
Games,"date, htbf, location, usedh, visteam",id
Games,"date, htbf, location, usedh, visteam",losingpitcher
Games,"htbf, id, location, losingpitcher, visteam",winningpitcher
Games,"htbf, id, location, losingpitcher, visteam",attendance
Games,"htbf, id, location, losingpitcher, visteam",sv
Games,"htbf, id, location, losingpitcher, visteam",hometeam
Games,"htbf, id, location, losingpitcher, visteam",usedh
Games,"htbf, id, location, losingpitcher, visteam",date
Games,"date, htbf, id, location, visteam",winningpitcher
Games,"date, htbf, id, location, visteam",attendance
Games,"date, htbf, id, location, visteam",sv
Games,"date, htbf, id, location, visteam",hometeam
Games,"date, htbf, id, location, visteam",usedh
Games,"date, htbf, id, location, visteam",losingpitcher
Games,"date, htbf, location, losingpitcher, visteam",winningpitcher
Games,"date, htbf, location, losingpitcher, visteam",attendance
Games,"date, htbf, location, losingpitcher, visteam",sv
Games,"date, htbf, location, losingpitcher, visteam",hometeam
Games,"date, htbf, location, losingpitcher, visteam",usedh
Games,"date, htbf, location, losingpitcher, visteam",id
Games,"htbf, id, location, losingpitcher, usedh",winningpitcher
Games,"htbf, id, location, losingpitcher, usedh",attendance
Games,"htbf, id, location, losingpitcher, usedh",sv
Games,"htbf, id, location, losingpitcher, usedh",hometeam
Games,"htbf, id, location, losingpitcher, usedh",visteam
Games,"htbf, id, location, losingpitcher, usedh",date
Games,"date, htbf, id, location, usedh",winningpitcher
Games,"date, htbf, id, location, usedh",attendance
Games,"date, htbf, id, location, usedh",sv
Games,"date, htbf, id, location, usedh",hometeam
Games,"date, htbf, id, location, usedh",visteam
Games,"date, htbf, id, location, usedh",losingpitcher
Games,"date, htbf, location, losingpitcher, usedh",winningpitcher
Games,"date, htbf, location, losingpitcher, usedh",attendance
Games,"date, htbf, location, losingpitcher, usedh",sv
Games,"date, htbf, location, losingpitcher, usedh",hometeam
Games,"date, htbf, location, losingpitcher, usedh",visteam
Games,"date, htbf, location, losingpitcher, usedh",id
Games,"date, htbf, id, location, losingpitcher",winningpitcher
Games,"date, htbf, id, location, losingpitcher",attendance
Games,"date, htbf, id, location, losingpitcher",sv
Games,"date, htbf, id, location, losingpitcher",hometeam
Games,"date, htbf, id, location, losingpitcher",visteam
Games,"date, htbf, id, location, losingpitcher",usedh
Games,"htbf, id, losingpitcher, usedh, visteam",winningpitcher
Games,"htbf, id, losingpitcher, usedh, visteam",attendance
Games,"htbf, id, losingpitcher, usedh, visteam",sv
Games,"htbf, id, losingpitcher, usedh, visteam",hometeam
Games,"htbf, id, losingpitcher, usedh, visteam",location
Games,"htbf, id, losingpitcher, usedh, visteam",date
Games,"date, htbf, id, usedh, visteam",winningpitcher
Games,"date, htbf, id, usedh, visteam",attendance
Games,"date, htbf, id, usedh, visteam",sv
Games,"date, htbf, id, usedh, visteam",hometeam
Games,"date, htbf, id, usedh, visteam",location
Games,"date, htbf, id, usedh, visteam",losingpitcher
Games,"date, htbf, losingpitcher, usedh, visteam",winningpitcher
Games,"date, htbf, losingpitcher, usedh, visteam",attendance
Games,"date, htbf, losingpitcher, usedh, visteam",sv
Games,"date, htbf, losingpitcher, usedh, visteam",hometeam
Games,"date, htbf, losingpitcher, usedh, visteam",location
Games,"date, htbf, losingpitcher, usedh, visteam",id
Games,"date, htbf, id, losingpitcher, visteam",winningpitcher
Games,"date, htbf, id, losingpitcher, visteam",attendance
Games,"date, htbf, id, losingpitcher, visteam",sv
Games,"date, htbf, id, losingpitcher, visteam",hometeam
Games,"date, htbf, id, losingpitcher, visteam",location
Games,"date, htbf, id, losingpitcher, visteam",usedh
Games,"date, htbf, id, losingpitcher, usedh",winningpitcher
Games,"date, htbf, id, losingpitcher, usedh",attendance
Games,"date, htbf, id, losingpitcher, usedh",sv
Games,"date, htbf, id, losingpitcher, usedh",hometeam
Games,"date, htbf, id, losingpitcher, usedh",location
Games,"date, htbf, id, losingpitcher, usedh",visteam
Games,"hometeam, id, location, usedh, visteam",winningpitcher
Games,"hometeam, id, location, usedh, visteam",attendance
Games,"hometeam, id, location, usedh, visteam",sv
Games,"hometeam, id, location, usedh, visteam",htbf
Games,"hometeam, id, location, usedh, visteam",losingpitcher
Games,"hometeam, id, location, usedh, visteam",date
Games,"hometeam, id, location, losingpitcher, visteam",winningpitcher
Games,"hometeam, id, location, losingpitcher, visteam",attendance
Games,"hometeam, id, location, losingpitcher, visteam",sv
Games,"hometeam, id, location, losingpitcher, visteam",htbf
Games,"hometeam, id, location, losingpitcher, visteam",usedh
Games,"hometeam, id, location, losingpitcher, visteam",date
Games,"date, hometeam, id, location, visteam",winningpitcher
Games,"date, hometeam, id, location, visteam",attendance
Games,"date, hometeam, id, location, visteam",sv
Games,"date, hometeam, id, location, visteam",htbf
Games,"date, hometeam, id, location, visteam",usedh
Games,"date, hometeam, id, location, visteam",losingpitcher
Games,"date, hometeam, location, losingpitcher, visteam",winningpitcher
Games,"date, hometeam, location, losingpitcher, visteam",attendance
Games,"date, hometeam, location, losingpitcher, visteam",sv
Games,"date, hometeam, location, losingpitcher, visteam",htbf
Games,"date, hometeam, location, losingpitcher, visteam",usedh
Games,"date, hometeam, location, losingpitcher, visteam",id
Games,"hometeam, id, location, losingpitcher, usedh",winningpitcher
Games,"hometeam, id, location, losingpitcher, usedh",attendance
Games,"hometeam, id, location, losingpitcher, usedh",sv
Games,"hometeam, id, location, losingpitcher, usedh",htbf
Games,"hometeam, id, location, losingpitcher, usedh",visteam
Games,"hometeam, id, location, losingpitcher, usedh",date
Games,"date, hometeam, id, location, usedh",winningpitcher
Games,"date, hometeam, id, location, usedh",attendance
Games,"date, hometeam, id, location, usedh",sv
Games,"date, hometeam, id, location, usedh",htbf
Games,"date, hometeam, id, location, usedh",visteam
Games,"date, hometeam, id, location, usedh",losingpitcher
Games,"date, hometeam, location, losingpitcher, usedh",winningpitcher
Games,"date, hometeam, location, losingpitcher, usedh",attendance
Games,"date, hometeam, location, losingpitcher, usedh",sv
Games,"date, hometeam, location, losingpitcher, usedh",htbf
Games,"date, hometeam, location, losingpitcher, usedh",visteam
Games,"date, hometeam, location, losingpitcher, usedh",id
Games,"date, hometeam, id, location, losingpitcher",winningpitcher
Games,"date, hometeam, id, location, losingpitcher",attendance
Games,"date, hometeam, id, location, losingpitcher",sv
Games,"date, hometeam, id, location, losingpitcher",htbf
Games,"date, hometeam, id, location, losingpitcher",visteam
Games,"date, hometeam, id, location, losingpitcher",usedh
Games,"hometeam, id, losingpitcher, usedh, visteam",winningpitcher
Games,"hometeam, id, losingpitcher, usedh, visteam",attendance
Games,"hometeam, id, losingpitcher, usedh, visteam",sv
Games,"hometeam, id, losingpitcher, usedh, visteam",htbf
Games,"hometeam, id, losingpitcher, usedh, visteam",location
Games,"hometeam, id, losingpitcher, usedh, visteam",date
Games,"date, hometeam, id, usedh, visteam",winningpitcher
Games,"date, hometeam, id, usedh, visteam",attendance
Games,"date, hometeam, id, usedh, visteam",sv
Games,"date, hometeam, id, usedh, visteam",htbf
Games,"date, hometeam, id, usedh, visteam",location
Games,"date, hometeam, id, usedh, visteam",losingpitcher
Games,"date, hometeam, losingpitcher, usedh, visteam",winningpitcher
Games,"date, hometeam, losingpitcher, usedh, visteam",attendance
Games,"date, hometeam, losingpitcher, usedh, visteam",sv
Games,"date, hometeam, losingpitcher, usedh, visteam",htbf
Games,"date, hometeam, losingpitcher, usedh, visteam",location
Games,"date, hometeam, losingpitcher, usedh, visteam",id
Games,"date, hometeam, id, losingpitcher, visteam",winningpitcher
Games,"date, hometeam, id, losingpitcher, visteam",attendance
Games,"date, hometeam, id, losingpitcher, visteam",sv
Games,"date, hometeam, id, losingpitcher, visteam",htbf
Games,"date, hometeam, id, losingpitcher, visteam",location
Games,"date, hometeam, id, losingpitcher, visteam",usedh
Games,"date, hometeam, id, losingpitcher, usedh",winningpitcher
Games,"date, hometeam, id, losingpitcher, usedh",attendance
Games,"date, hometeam, id, losingpitcher, usedh",sv
Games,"date, hometeam, id, losingpitcher, usedh",htbf
Games,"date, hometeam, id, losingpitcher, usedh",location
Games,"date, hometeam, id, losingpitcher, usedh",visteam
Games,"id, location, losingpitcher, usedh, visteam",winningpitcher
Games,"id, location, losingpitcher, usedh, visteam",attendance
Games,"id, location, losingpitcher, usedh, visteam",sv
Games,"id, location, losingpitcher, usedh, visteam",htbf
Games,"id, location, losingpitcher, usedh, visteam",hometeam
Games,"id, location, losingpitcher, usedh, visteam",date
Games,"date, id, location, usedh, visteam",winningpitcher
Games,"date, id, location, usedh, visteam",attendance
Games,"date, id, location, usedh, visteam",sv
Games,"date, id, location, usedh, visteam",htbf
Games,"date, id, location, usedh, visteam",hometeam
Games,"date, id, location, usedh, visteam",losingpitcher
Games,"date, location, losingpitcher, usedh, visteam",winningpitcher
Games,"date, location, losingpitcher, usedh, visteam",attendance
Games,"date, location, losingpitcher, usedh, visteam",sv
Games,"date, location, losingpitcher, usedh, visteam",htbf
Games,"date, location, losingpitcher, usedh, visteam",hometeam
Games,"date, location, losingpitcher, usedh, visteam",id
Games,"date, id, location, losingpitcher, visteam",winningpitcher
Games,"date, id, location, losingpitcher, visteam",attendance
Games,"date, id, location, losingpitcher, visteam",sv
Games,"date, id, location, losingpitcher, visteam",htbf
Games,"date, id, location, losingpitcher, visteam",hometeam
Games,"date, id, location, losingpitcher, visteam",usedh
Games,"date, id, location, losingpitcher, usedh",winningpitcher
Games,"date, id, location, losingpitcher, usedh",attendance
Games,"date, id, location, losingpitcher, usedh",sv
Games,"date, id, location, losingpitcher, usedh",htbf
Games,"date, id, location, losingpitcher, usedh",hometeam
Games,"date, id, location, losingpitcher, usedh",visteam
Games,"date, id, losingpitcher, usedh, visteam",winningpitcher
Games,"date, id, losingpitcher, usedh, visteam",attendance
Games,"date, id, losingpitcher, usedh, visteam",sv
Games,"date, id, losingpitcher, usedh, visteam",htbf
Games,"date, id, losingpitcher, usedh, visteam",hometeam
Games,"date, id, losingpitcher, usedh, visteam",location
Games,"attendance, hometeam, htbf, location, sv, winningpitcher",visteam
Games,"attendance, hometeam, htbf, location, sv, winningpitcher",usedh
Games,"attendance, hometeam, htbf, location, sv, winningpitcher",id
Games,"attendance, hometeam, htbf, location, sv, winningpitcher",losingpitcher
Games,"attendance, hometeam, htbf, location, sv, winningpitcher",date
Games,"attendance, hometeam, htbf, sv, visteam, winningpitcher",location
Games,"attendance, hometeam, htbf, sv, visteam, winningpitcher",usedh
Games,"attendance, hometeam, htbf, sv, visteam, winningpitcher",id
Games,"attendance, hometeam, htbf, sv, visteam, winningpitcher",losingpitcher
Games,"attendance, hometeam, htbf, sv, visteam, winningpitcher",date
Games,"attendance, hometeam, htbf, sv, usedh, winningpitcher",location
Games,"attendance, hometeam, htbf, sv, usedh, winningpitcher",visteam
Games,"attendance, hometeam, htbf, sv, usedh, winningpitcher",id
Games,"attendance, hometeam, htbf, sv, usedh, winningpitcher",losingpitcher
Games,"attendance, hometeam, htbf, sv, usedh, winningpitcher",date
Games,"attendance, hometeam, htbf, id, sv, winningpitcher",location
Games,"attendance, hometeam, htbf, id, sv, winningpitcher",visteam
Games,"attendance, hometeam, htbf, id, sv, winningpitcher",usedh
Games,"attendance, hometeam, htbf, id, sv, winningpitcher",losingpitcher
Games,"attendance, hometeam, htbf, id, sv, winningpitcher",date
Games,"attendance, hometeam, htbf, losingpitcher, sv, winningpitcher",location
Games,"attendance, hometeam, htbf, losingpitcher, sv, winningpitcher",visteam
Games,"attendance, hometeam, htbf, losingpitcher, sv, winningpitcher",usedh
Games,"attendance, hometeam, htbf, losingpitcher, sv, winningpitcher",id
Games,"attendance, hometeam, htbf, losingpitcher, sv, winningpitcher",date
Games,"attendance, date, hometeam, htbf, sv, winningpitcher",location
Games,"attendance, date, hometeam, htbf, sv, winningpitcher",visteam
Games,"attendance, date, hometeam, htbf, sv, winningpitcher",usedh
Games,"attendance, date, hometeam, htbf, sv, winningpitcher",id
Games,"attendance, date, hometeam, htbf, sv, winningpitcher",losingpitcher
Games,"attendance, htbf, location, sv, visteam, winningpitcher",hometeam
Games,"attendance, htbf, location, sv, visteam, winningpitcher",usedh
Games,"attendance, htbf, location, sv, visteam, winningpitcher",id
Games,"attendance, htbf, location, sv, visteam, winningpitcher",losingpitcher
Games,"attendance, htbf, location, sv, visteam, winningpitcher",date
Games,"attendance, htbf, location, sv, usedh, winningpitcher",hometeam
Games,"attendance, htbf, location, sv, usedh, winningpitcher",visteam
Games,"attendance, htbf, location, sv, usedh, winningpitcher",id
Games,"attendance, htbf, location, sv, usedh, winningpitcher",losingpitcher
Games,"attendance, htbf, location, sv, usedh, winningpitcher",date
Games,"attendance, htbf, id, location, sv, winningpitcher",hometeam
Games,"attendance, htbf, id, location, sv, winningpitcher",visteam
Games,"attendance, htbf, id, location, sv, winningpitcher",usedh
Games,"attendance, htbf, id, location, sv, winningpitcher",losingpitcher
Games,"attendance, htbf, id, location, sv, winningpitcher",date
Games,"attendance, htbf, location, losingpitcher, sv, winningpitcher",hometeam
Games,"attendance, htbf, location, losingpitcher, sv, winningpitcher",visteam
Games,"attendance, htbf, location, losingpitcher, sv, winningpitcher",usedh
Games,"attendance, htbf, location, losingpitcher, sv, winningpitcher",id
Games,"attendance, htbf, location, losingpitcher, sv, winningpitcher",date
Games,"attendance, date, htbf, location, sv, winningpitcher",hometeam
Games,"attendance, date, htbf, location, sv, winningpitcher",visteam
Games,"attendance, date, htbf, location, sv, winningpitcher",usedh
Games,"attendance, date, htbf, location, sv, winningpitcher",id
Games,"attendance, date, htbf, location, sv, winningpitcher",losingpitcher
Games,"attendance, htbf, sv, usedh, visteam, winningpitcher",hometeam
Games,"attendance, htbf, sv, usedh, visteam, winningpitcher",location
Games,"attendance, htbf, sv, usedh, visteam, winningpitcher",id
Games,"attendance, htbf, sv, usedh, visteam, winningpitcher",losingpitcher
Games,"attendance, htbf, sv, usedh, visteam, winningpitcher",date
Games,"attendance, htbf, id, sv, visteam, winningpitcher",hometeam
Games,"attendance, htbf, id, sv, visteam, winningpitcher",location
Games,"attendance, htbf, id, sv, visteam, winningpitcher",usedh
Games,"attendance, htbf, id, sv, visteam, winningpitcher",losingpitcher
Games,"attendance, htbf, id, sv, visteam, winningpitcher",date
Games,"attendance, htbf, losingpitcher, sv, visteam, winningpitcher",hometeam
Games,"attendance, htbf, losingpitcher, sv, visteam, winningpitcher",location
Games,"attendance, htbf, losingpitcher, sv, visteam, winningpitcher",usedh
Games,"attendance, htbf, losingpitcher, sv, visteam, winningpitcher",id
Games,"attendance, htbf, losingpitcher, sv, visteam, winningpitcher",date
Games,"attendance, date, htbf, sv, visteam, winningpitcher",hometeam
Games,"attendance, date, htbf, sv, visteam, winningpitcher",location
Games,"attendance, date, htbf, sv, visteam, winningpitcher",usedh
Games,"attendance, date, htbf, sv, visteam, winningpitcher",id
Games,"attendance, date, htbf, sv, visteam, winningpitcher",losingpitcher
Games,"attendance, htbf, id, sv, usedh, winningpitcher",hometeam
Games,"attendance, htbf, id, sv, usedh, winningpitcher",location
Games,"attendance, htbf, id, sv, usedh, winningpitcher",visteam
Games,"attendance, htbf, id, sv, usedh, winningpitcher",losingpitcher
Games,"attendance, htbf, id, sv, usedh, winningpitcher",date
Games,"attendance, htbf, losingpitcher, sv, usedh, winningpitcher",hometeam
Games,"attendance, htbf, losingpitcher, sv, usedh, winningpitcher",location
Games,"attendance, htbf, losingpitcher, sv, usedh, winningpitcher",visteam
Games,"attendance, htbf, losingpitcher, sv, usedh, winningpitcher",id
Games,"attendance, htbf, losingpitcher, sv, usedh, winningpitcher",date
Games,"attendance, date, htbf, sv, usedh, winningpitcher",hometeam
Games,"attendance, date, htbf, sv, usedh, winningpitcher",location
Games,"attendance, date, htbf, sv, usedh, winningpitcher",visteam
Games,"attendance, date, htbf, sv, usedh, winningpitcher",id
Games,"attendance, date, htbf, sv, usedh, winningpitcher",losingpitcher
Games,"attendance, htbf, id, losingpitcher, sv, winningpitcher",hometeam
Games,"attendance, htbf, id, losingpitcher, sv, winningpitcher",location
Games,"attendance, htbf, id, losingpitcher, sv, winningpitcher",visteam
Games,"attendance, htbf, id, losingpitcher, sv, winningpitcher",usedh
Games,"attendance, htbf, id, losingpitcher, sv, winningpitcher",date
Games,"attendance, date, htbf, id, sv, winningpitcher",hometeam
Games,"attendance, date, htbf, id, sv, winningpitcher",location
Games,"attendance, date, htbf, id, sv, winningpitcher",visteam
Games,"attendance, date, htbf, id, sv, winningpitcher",usedh
Games,"attendance, date, htbf, id, sv, winningpitcher",losingpitcher
Games,"attendance, date, htbf, losingpitcher, sv, winningpitcher",hometeam
Games,"attendance, date, htbf, losingpitcher, sv, winningpitcher",location
Games,"attendance, date, htbf, losingpitcher, sv, winningpitcher",visteam
Games,"attendance, date, htbf, losingpitcher, sv, winningpitcher",usedh
Games,"attendance, date, htbf, losingpitcher, sv, winningpitcher",id
Games,"attendance, hometeam, location, sv, visteam, winningpitcher",usedh
Games,"attendance, hometeam, id, location, sv, winningpitcher",htbf
Games,"attendance, hometeam, id, location, sv, winningpitcher",visteam
Games,"attendance, hometeam, id, location, sv, winningpitcher",usedh
Games,"attendance, hometeam, id, location, sv, winningpitcher",losingpitcher
Games,"attendance, hometeam, id, location, sv, winningpitcher",date
Games,"attendance, hometeam, location, losingpitcher, sv, winningpitcher",htbf
Games,"attendance, hometeam, location, losingpitcher, sv, winningpitcher",visteam
Games,"attendance, hometeam, location, losingpitcher, sv, winningpitcher",usedh
Games,"attendance, hometeam, location, losingpitcher, sv, winningpitcher",id
Games,"attendance, hometeam, location, losingpitcher, sv, winningpitcher",date
Games,"attendance, date, hometeam, location, sv, winningpitcher",htbf
Games,"attendance, date, hometeam, location, sv, winningpitcher",visteam
Games,"attendance, date, hometeam, location, sv, winningpitcher",usedh
Games,"attendance, date, hometeam, location, sv, winningpitcher",id
Games,"attendance, date, hometeam, location, sv, winningpitcher",losingpitcher
Games,"attendance, hometeam, sv, usedh, visteam, winningpitcher",location
Games,"attendance, hometeam, id, sv, visteam, winningpitcher",htbf
Games,"attendance, hometeam, id, sv, visteam, winningpitcher",location
Games,"attendance, hometeam, id, sv, visteam, winningpitcher",usedh
Games,"attendance, hometeam, id, sv, visteam, winningpitcher",losingpitcher
Games,"attendance, hometeam, id, sv, visteam, winningpitcher",date
Games,"attendance, hometeam, losingpitcher, sv, visteam, winningpitcher",htbf
Games,"attendance, hometeam, losingpitcher, sv, visteam, winningpitcher",location
Games,"attendance, hometeam, losingpitcher, sv, visteam, winningpitcher",usedh
Games,"attendance, hometeam, losingpitcher, sv, visteam, winningpitcher",id
Games,"attendance, hometeam, losingpitcher, sv, visteam, winningpitcher",date
Games,"attendance, date, hometeam, sv, visteam, winningpitcher",htbf
Games,"attendance, date, hometeam, sv, visteam, winningpitcher",location
Games,"attendance, date, hometeam, sv, visteam, winningpitcher",usedh
Games,"attendance, date, hometeam, sv, visteam, winningpitcher",id
Games,"attendance, date, hometeam, sv, visteam, winningpitcher",losingpitcher
Games,"attendance, hometeam, id, sv, usedh, winningpitcher",htbf
Games,"attendance, hometeam, id, sv, usedh, winningpitcher",location
Games,"attendance, hometeam, id, sv, usedh, winningpitcher",visteam
Games,"attendance, hometeam, id, sv, usedh, winningpitcher",losingpitcher
Games,"attendance, hometeam, id, sv, usedh, winningpitcher",date
Games,"attendance, hometeam, losingpitcher, sv, usedh, winningpitcher",htbf
Games,"attendance, hometeam, losingpitcher, sv, usedh, winningpitcher",location
Games,"attendance, hometeam, losingpitcher, sv, usedh, winningpitcher",visteam
Games,"attendance, hometeam, losingpitcher, sv, usedh, winningpitcher",id
Games,"attendance, hometeam, losingpitcher, sv, usedh, winningpitcher",date
Games,"attendance, date, hometeam, sv, usedh, winningpitcher",htbf
Games,"attendance, date, hometeam, sv, usedh, winningpitcher",location
Games,"attendance, date, hometeam, sv, usedh, winningpitcher",visteam
Games,"attendance, date, hometeam, sv, usedh, winningpitcher",id
Games,"attendance, date, hometeam, sv, usedh, winningpitcher",losingpitcher
Games,"attendance, hometeam, id, losingpitcher, sv, winningpitcher",htbf
Games,"attendance, hometeam, id, losingpitcher, sv, winningpitcher",location
Games,"attendance, hometeam, id, losingpitcher, sv, winningpitcher",visteam
Games,"attendance, hometeam, id, losingpitcher, sv, winningpitcher",usedh
Games,"attendance, hometeam, id, losingpitcher, sv, winningpitcher",date
Games,"attendance, date, hometeam, id, sv, winningpitcher",htbf
Games,"attendance, date, hometeam, id, sv, winningpitcher",location
Games,"attendance, date, hometeam, id, sv, winningpitcher",visteam
Games,"attendance, date, hometeam, id, sv, winningpitcher",usedh
Games,"attendance, date, hometeam, id, sv, winningpitcher",losingpitcher
Games,"attendance, date, hometeam, losingpitcher, sv, winningpitcher",htbf
Games,"attendance, date, hometeam, losingpitcher, sv, winningpitcher",location
Games,"attendance, date, hometeam, losingpitcher, sv, winningpitcher",visteam
Games,"attendance, date, hometeam, losingpitcher, sv, winningpitcher",usedh
Games,"attendance, date, hometeam, losingpitcher, sv, winningpitcher",id
Games,"attendance, location, sv, usedh, visteam, winningpitcher",hometeam
Games,"attendance, id, location, sv, visteam, winningpitcher",htbf
Games,"attendance, id, location, sv, visteam, winningpitcher",hometeam
Games,"attendance, id, location, sv, visteam, winningpitcher",usedh
Games,"attendance, id, location, sv, visteam, winningpitcher",losingpitcher
Games,"attendance, id, location, sv, visteam, winningpitcher",date
Games,"attendance, location, losingpitcher, sv, visteam, winningpitcher",htbf
Games,"attendance, location, losingpitcher, sv, visteam, winningpitcher",hometeam
Games,"attendance, location, losingpitcher, sv, visteam, winningpitcher",usedh
Games,"attendance, location, losingpitcher, sv, visteam, winningpitcher",id
Games,"attendance, location, losingpitcher, sv, visteam, winningpitcher",date
Games,"attendance, date, location, sv, visteam, winningpitcher",htbf
Games,"attendance, date, location, sv, visteam, winningpitcher",hometeam
Games,"attendance, date, location, sv, visteam, winningpitcher",usedh
Games,"attendance, date, location, sv, visteam, winningpitcher",id
Games,"attendance, date, location, sv, visteam, winningpitcher",losingpitcher
Games,"attendance, id, location, sv, usedh, winningpitcher",htbf
Games,"attendance, id, location, sv, usedh, winningpitcher",hometeam
Games,"attendance, id, location, sv, usedh, winningpitcher",visteam
Games,"attendance, id, location, sv, usedh, winningpitcher",losingpitcher
Games,"attendance, id, location, sv, usedh, winningpitcher",date
Games,"attendance, location, losingpitcher, sv, usedh, winningpitcher",htbf
Games,"attendance, location, losingpitcher, sv, usedh, winningpitcher",hometeam
Games,"attendance, location, losingpitcher, sv, usedh, winningpitcher",visteam
Games,"attendance, location, losingpitcher, sv, usedh, winningpitcher",id
Games,"attendance, location, losingpitcher, sv, usedh, winningpitcher",date
Games,"attendance, date, location, sv, usedh, winningpitcher",htbf
Games,"attendance, date, location, sv, usedh, winningpitcher",hometeam
Games,"attendance, date, location, sv, usedh, winningpitcher",visteam
Games,"attendance, date, location, sv, usedh, winningpitcher",id
Games,"attendance, date, location, sv, usedh, winningpitcher",losingpitcher
Games,"attendance, id, location, losingpitcher, sv, winningpitcher",htbf
Games,"attendance, id, location, losingpitcher, sv, winningpitcher",hometeam
Games,"attendance, id, location, losingpitcher, sv, winningpitcher",visteam
Games,"attendance, id, location, losingpitcher, sv, winningpitcher",usedh
Games,"attendance, id, location, losingpitcher, sv, winningpitcher",date
Games,"attendance, date, id, location, sv, winningpitcher",htbf
Games,"attendance, date, id, location, sv, winningpitcher",hometeam
Games,"attendance, date, id, location, sv, winningpitcher",visteam
Games,"attendance, date, id, location, sv, winningpitcher",usedh
Games,"attendance, date, id, location, sv, winningpitcher",losingpitcher
Games,"attendance, date, location, losingpitcher, sv, winningpitcher",htbf
Games,"attendance, date, location, losingpitcher, sv, winningpitcher",hometeam
Games,"attendance, date, location, losingpitcher, sv, winningpitcher",visteam
Games,"attendance, date, location, losingpitcher, sv, winningpitcher",usedh
Games,"attendance, date, location, losingpitcher, sv, winningpitcher",id
Games,"attendance, id, sv, usedh, visteam, winningpitcher",htbf
Games,"attendance, id, sv, usedh, visteam, winningpitcher",hometeam
Games,"attendance, id, sv, usedh, visteam, winningpitcher",location
Games,"attendance, id, sv, usedh, visteam, winningpitcher",losingpitcher
Games,"attendance, id, sv, usedh, visteam, winningpitcher",date
Games,"attendance, losingpitcher, sv, usedh, visteam, winningpitcher",htbf
Games,"attendance, losingpitcher, sv, usedh, visteam, winningpitcher",hometeam
Games,"attendance, losingpitcher, sv, usedh, visteam, winningpitcher",location
Games,"attendance, losingpitcher, sv, usedh, visteam, winningpitcher",id
Games,"attendance, losingpitcher, sv, usedh, visteam, winningpitcher",date
Games,"attendance, date, sv, usedh, visteam, winningpitcher",htbf
Games,"attendance, date, sv, usedh, visteam, winningpitcher",hometeam
Games,"attendance, date, sv, usedh, visteam, winningpitcher",location
Games,"attendance, date, sv, usedh, visteam, winningpitcher",id
Games,"attendance, date, sv, usedh, visteam, winningpitcher",losingpitcher
Games,"attendance, id, losingpitcher, sv, visteam, winningpitcher",htbf
Games,"attendance, id, losingpitcher, sv, visteam, winningpitcher",hometeam
Games,"attendance, id, losingpitcher, sv, visteam, winningpitcher",location
Games,"attendance, id, losingpitcher, sv, visteam, winningpitcher",usedh
Games,"attendance, id, losingpitcher, sv, visteam, winningpitcher",date
Games,"attendance, date, id, sv, visteam, winningpitcher",htbf
Games,"attendance, date, id, sv, visteam, winningpitcher",hometeam
Games,"attendance, date, id, sv, visteam, winningpitcher",location
Games,"attendance, date, id, sv, visteam, winningpitcher",usedh
Games,"attendance, date, id, sv, visteam, winningpitcher",losingpitcher
Games,"attendance, date, losingpitcher, sv, visteam, winningpitcher",htbf
Games,"attendance, date, losingpitcher, sv, visteam, winningpitcher",hometeam
Games,"attendance, date, losingpitcher, sv, visteam, winningpitcher",location
Games,"attendance, date, losingpitcher, sv, visteam, winningpitcher",usedh
Games,"attendance, date, losingpitcher, sv, visteam, winningpitcher",id
Games,"attendance, id, losingpitcher, sv, usedh, winningpitcher",htbf
Games,"attendance, id, losingpitcher, sv, usedh, winningpitcher",hometeam
Games,"attendance, id, losingpitcher, sv, usedh, winningpitcher",location
Games,"attendance, id, losingpitcher, sv, usedh, winningpitcher",visteam
Games,"attendance, id, losingpitcher, sv, usedh, winningpitcher",date
Games,"attendance, date, id, sv, usedh, winningpitcher",htbf
Games,"attendance, date, id, sv, usedh, winningpitcher",hometeam
Games,"attendance, date, id, sv, usedh, winningpitcher",location
Games,"attendance, date, id, sv, usedh, winningpitcher",visteam
Games,"attendance, date, id, sv, usedh, winningpitcher",losingpitcher
Games,"attendance, date, losingpitcher, sv, usedh, winningpitcher",htbf
Games,"attendance, date, losingpitcher, sv, usedh, winningpitcher",hometeam
Games,"attendance, date, losingpitcher, sv, usedh, winningpitcher",location
Games,"attendance, date, losingpitcher, sv, usedh, winningpitcher",visteam
Games,"attendance, date, losingpitcher, sv, usedh, winningpitcher",id
Games,"attendance, date, id, losingpitcher, sv, winningpitcher",htbf
Games,"attendance, date, id, losingpitcher, sv, winningpitcher",hometeam
Games,"attendance, date, id, losingpitcher, sv, winningpitcher",location
Games,"attendance, date, id, losingpitcher, sv, winningpitcher",visteam
Games,"attendance, date, id, losingpitcher, sv, winningpitcher",usedh
Games,"attendance, hometeam, htbf, location, visteam, winningpitcher",sv
Games,"attendance, hometeam, htbf, location, visteam, winningpitcher",usedh
Games,"attendance, hometeam, htbf, location, visteam, winningpitcher",id
Games,"attendance, hometeam, htbf, location, visteam, winningpitcher",losingpitcher
Games,"attendance, hometeam, htbf, location, visteam, winningpitcher",date
Games,"attendance, hometeam, htbf, location, usedh, winningpitcher",sv
Games,"attendance, hometeam, htbf, location, usedh, winningpitcher",visteam
Games,"attendance, hometeam, htbf, location, usedh, winningpitcher",id
Games,"attendance, hometeam, htbf, location, usedh, winningpitcher",losingpitcher
Games,"attendance, hometeam, htbf, location, usedh, winningpitcher",date
Games,"attendance, hometeam, htbf, id, location, winningpitcher",sv
Games,"attendance, hometeam, htbf, id, location, winningpitcher",visteam
Games,"attendance, hometeam, htbf, id, location, winningpitcher",usedh
Games,"attendance, hometeam, htbf, id, location, winningpitcher",losingpitcher
Games,"attendance, hometeam, htbf, id, location, winningpitcher",date
Games,"attendance, hometeam, htbf, location, losingpitcher, winningpitcher",sv
Games,"attendance, hometeam, htbf, location, losingpitcher, winningpitcher",visteam
Games,"attendance, hometeam, htbf, location, losingpitcher, winningpitcher",usedh
Games,"attendance, hometeam, htbf, location, losingpitcher, winningpitcher",id
Games,"attendance, hometeam, htbf, location, losingpitcher, winningpitcher",date
Games,"attendance, date, hometeam, htbf, location, winningpitcher",sv
Games,"attendance, date, hometeam, htbf, location, winningpitcher",visteam
Games,"attendance, date, hometeam, htbf, location, winningpitcher",usedh
Games,"attendance, date, hometeam, htbf, location, winningpitcher",id
Games,"attendance, date, hometeam, htbf, location, winningpitcher",losingpitcher
Games,"attendance, hometeam, htbf, usedh, visteam, winningpitcher",sv
Games,"attendance, hometeam, htbf, usedh, visteam, winningpitcher",location
Games,"attendance, hometeam, htbf, usedh, visteam, winningpitcher",id
Games,"attendance, hometeam, htbf, usedh, visteam, winningpitcher",losingpitcher
Games,"attendance, hometeam, htbf, usedh, visteam, winningpitcher",date
Games,"attendance, hometeam, htbf, id, visteam, winningpitcher",sv
Games,"attendance, hometeam, htbf, id, visteam, winningpitcher",location
Games,"attendance, hometeam, htbf, id, visteam, winningpitcher",usedh
Games,"attendance, hometeam, htbf, id, visteam, winningpitcher",losingpitcher
Games,"attendance, hometeam, htbf, id, visteam, winningpitcher",date
Games,"attendance, hometeam, htbf, losingpitcher, visteam, winningpitcher",sv
Games,"attendance, hometeam, htbf, losingpitcher, visteam, winningpitcher",location
Games,"attendance, hometeam, htbf, losingpitcher, visteam, winningpitcher",usedh
Games,"attendance, hometeam, htbf, losingpitcher, visteam, winningpitcher",id
Games,"attendance, hometeam, htbf, losingpitcher, visteam, winningpitcher",date
Games,"attendance, date, hometeam, htbf, visteam, winningpitcher",sv
Games,"attendance, date, hometeam, htbf, visteam, winningpitcher",location
Games,"attendance, date, hometeam, htbf, visteam, winningpitcher",usedh
Games,"attendance, date, hometeam, htbf, visteam, winningpitcher",id
Games,"attendance, date, hometeam, htbf, visteam, winningpitcher",losingpitcher
Games,"attendance, hometeam, htbf, id, usedh, winningpitcher",sv
Games,"attendance, hometeam, htbf, id, usedh, winningpitcher",location
Games,"attendance, hometeam, htbf, id, usedh, winningpitcher",visteam
Games,"attendance, hometeam, htbf, id, usedh, winningpitcher",losingpitcher
Games,"attendance, hometeam, htbf, id, usedh, winningpitcher",date
Games,"attendance, hometeam, htbf, losingpitcher, usedh, winningpitcher",sv
Games,"attendance, hometeam, htbf, losingpitcher, usedh, winningpitcher",location
Games,"attendance, hometeam, htbf, losingpitcher, usedh, winningpitcher",visteam
Games,"attendance, hometeam, htbf, losingpitcher, usedh, winningpitcher",id
Games,"attendance, hometeam, htbf, losingpitcher, usedh, winningpitcher",date
Games,"attendance, date, hometeam, htbf, usedh, winningpitcher",sv
Games,"attendance, date, hometeam, htbf, usedh, winningpitcher",location
Games,"attendance, date, hometeam, htbf, usedh, winningpitcher",visteam
Games,"attendance, date, hometeam, htbf, usedh, winningpitcher",id
Games,"attendance, date, hometeam, htbf, usedh, winningpitcher",losingpitcher
Games,"attendance, hometeam, htbf, id, losingpitcher, winningpitcher",sv
Games,"attendance, hometeam, htbf, id, losingpitcher, winningpitcher",location
Games,"attendance, hometeam, htbf, id, losingpitcher, winningpitcher",visteam
Games,"attendance, hometeam, htbf, id, losingpitcher, winningpitcher",usedh
Games,"attendance, hometeam, htbf, id, losingpitcher, winningpitcher",date
Games,"attendance, date, hometeam, htbf, id, winningpitcher",sv
Games,"attendance, date, hometeam, htbf, id, winningpitcher",location
Games,"attendance, date, hometeam, htbf, id, winningpitcher",visteam
Games,"attendance, date, hometeam, htbf, id, winningpitcher",usedh
Games,"attendance, date, hometeam, htbf, id, winningpitcher",losingpitcher
Games,"attendance, date, hometeam, htbf, losingpitcher, winningpitcher",sv
Games,"attendance, date, hometeam, htbf, losingpitcher, winningpitcher",location
Games,"attendance, date, hometeam, htbf, losingpitcher, winningpitcher",visteam
Games,"attendance, date, hometeam, htbf, losingpitcher, winningpitcher",usedh
Games,"attendance, date, hometeam, htbf, losingpitcher, winningpitcher",id
Games,"attendance, htbf, location, usedh, visteam, winningpitcher",sv
Games,"attendance, htbf, location, usedh, visteam, winningpitcher",hometeam
Games,"attendance, htbf, location, usedh, visteam, winningpitcher",id
Games,"attendance, htbf, location, usedh, visteam, winningpitcher",losingpitcher
Games,"attendance, htbf, location, usedh, visteam, winningpitcher",date
Games,"attendance, htbf, id, location, visteam, winningpitcher",sv
Games,"attendance, htbf, id, location, visteam, winningpitcher",hometeam
Games,"attendance, htbf, id, location, visteam, winningpitcher",usedh
Games,"attendance, htbf, id, location, visteam, winningpitcher",losingpitcher
Games,"attendance, htbf, id, location, visteam, winningpitcher",date
Games,"attendance, htbf, location, losingpitcher, visteam, winningpitcher",sv
Games,"attendance, htbf, location, losingpitcher, visteam, winningpitcher",hometeam
Games,"attendance, htbf, location, losingpitcher, visteam, winningpitcher",usedh
Games,"attendance, htbf, location, losingpitcher, visteam, winningpitcher",id
Games,"attendance, htbf, location, losingpitcher, visteam, winningpitcher",date
Games,"attendance, date, htbf, location, visteam, winningpitcher",sv
Games,"attendance, date, htbf, location, visteam, winningpitcher",hometeam
Games,"attendance, date, htbf, location, visteam, winningpitcher",usedh
Games,"attendance, date, htbf, location, visteam, winningpitcher",id
Games,"attendance, date, htbf, location, visteam, winningpitcher",losingpitcher
Games,"attendance, htbf, id, location, usedh, winningpitcher",sv
Games,"attendance, htbf, id, location, usedh, winningpitcher",hometeam
Games,"attendance, htbf, id, location, usedh, winningpitcher",visteam
Games,"attendance, htbf, id, location, usedh, winningpitcher",losingpitcher
Games,"attendance, htbf, id, location, usedh, winningpitcher",date
Games,"attendance, htbf, location, losingpitcher, usedh, winningpitcher",sv
Games,"attendance, htbf, location, losingpitcher, usedh, winningpitcher",hometeam
Games,"attendance, htbf, location, losingpitcher, usedh, winningpitcher",visteam
Games,"attendance, htbf, location, losingpitcher, usedh, winningpitcher",id
Games,"attendance, htbf, location, losingpitcher, usedh, winningpitcher",date
Games,"attendance, date, htbf, location, usedh, winningpitcher",sv
Games,"attendance, date, htbf, location, usedh, winningpitcher",hometeam
Games,"attendance, date, htbf, location, usedh, winningpitcher",visteam
Games,"attendance, date, htbf, location, usedh, winningpitcher",id
Games,"attendance, date, htbf, location, usedh, winningpitcher",losingpitcher
Games,"attendance, htbf, id, location, losingpitcher, winningpitcher",sv
Games,"attendance, htbf, id, location, losingpitcher, winningpitcher",hometeam
Games,"attendance, htbf, id, location, losingpitcher, winningpitcher",visteam
Games,"attendance, htbf, id, location, losingpitcher, winningpitcher",usedh
Games,"attendance, htbf, id, location, losingpitcher, winningpitcher",date
Games,"attendance, date, htbf, id, location, winningpitcher",sv
Games,"attendance, date, htbf, id, location, winningpitcher",hometeam
Games,"attendance, date, htbf, id, location, winningpitcher",visteam
Games,"attendance, date, htbf, id, location, winningpitcher",usedh
Games,"attendance, date, htbf, id, location, winningpitcher",losingpitcher
Games,"attendance, date, htbf, location, losingpitcher, winningpitcher",sv
Games,"attendance, date, htbf, location, losingpitcher, winningpitcher",hometeam
Games,"attendance, date, htbf, location, losingpitcher, winningpitcher",visteam
Games,"attendance, date, htbf, location, losingpitcher, winningpitcher",usedh
Games,"attendance, date, htbf, location, losingpitcher, winningpitcher",id
Games,"attendance, htbf, id, usedh, visteam, winningpitcher",sv
Games,"attendance, htbf, id, usedh, visteam, winningpitcher",hometeam
Games,"attendance, htbf, id, usedh, visteam, winningpitcher",location
Games,"attendance, htbf, id, usedh, visteam, winningpitcher",losingpitcher
Games,"attendance, htbf, id, usedh, visteam, winningpitcher",date
Games,"attendance, htbf, losingpitcher, usedh, visteam, winningpitcher",sv
Games,"attendance, htbf, losingpitcher, usedh, visteam, winningpitcher",hometeam
Games,"attendance, htbf, losingpitcher, usedh, visteam, winningpitcher",location
Games,"attendance, htbf, losingpitcher, usedh, visteam, winningpitcher",id
Games,"attendance, htbf, losingpitcher, usedh, visteam, winningpitcher",date
Games,"attendance, date, htbf, usedh, visteam, winningpitcher",sv
Games,"attendance, date, htbf, usedh, visteam, winningpitcher",hometeam
Games,"attendance, date, htbf, usedh, visteam, winningpitcher",location
Games,"attendance, date, htbf, usedh, visteam, winningpitcher",id
Games,"attendance, date, htbf, usedh, visteam, winningpitcher",losingpitcher
Games,"attendance, htbf, id, losingpitcher, visteam, winningpitcher",sv
Games,"attendance, htbf, id, losingpitcher, visteam, winningpitcher",hometeam
Games,"attendance, htbf, id, losingpitcher, visteam, winningpitcher",location
Games,"attendance, htbf, id, losingpitcher, visteam, winningpitcher",usedh
Games,"attendance, htbf, id, losingpitcher, visteam, winningpitcher",date
Games,"attendance, date, htbf, id, visteam, winningpitcher",sv
Games,"attendance, date, htbf, id, visteam, winningpitcher",hometeam
Games,"attendance, date, htbf, id, visteam, winningpitcher",location
Games,"attendance, date, htbf, id, visteam, winningpitcher",usedh
Games,"attendance, date, htbf, id, visteam, winningpitcher",losingpitcher
Games,"attendance, date, htbf, losingpitcher, visteam, winningpitcher",sv
Games,"attendance, date, htbf, losingpitcher, visteam, winningpitcher",hometeam
Games,"attendance, date, htbf, losingpitcher, visteam, winningpitcher",location
Games,"attendance, date, htbf, losingpitcher, visteam, winningpitcher",usedh
Games,"attendance, date, htbf, losingpitcher, visteam, winningpitcher",id
Games,"attendance, htbf, id, losingpitcher, usedh, winningpitcher",sv
Games,"attendance, htbf, id, losingpitcher, usedh, winningpitcher",hometeam
Games,"attendance, htbf, id, losingpitcher, usedh, winningpitcher",location
Games,"attendance, htbf, id, losingpitcher, usedh, winningpitcher",visteam
Games,"attendance, htbf, id, losingpitcher, usedh, winningpitcher",date
Games,"attendance, date, htbf, id, usedh, winningpitcher",sv
Games,"attendance, date, htbf, id, usedh, winningpitcher",hometeam
Games,"attendance, date, htbf, id, usedh, winningpitcher",location
Games,"attendance, date, htbf, id, usedh, winningpitcher",visteam
Games,"attendance, date, htbf, id, usedh, winningpitcher",losingpitcher
Games,"attendance, date, htbf, losingpitcher, usedh, winningpitcher",sv
Games,"attendance, date, htbf, losingpitcher, usedh, winningpitcher",hometeam
Games,"attendance, date, htbf, losingpitcher, usedh, winningpitcher",location
Games,"attendance, date, htbf, losingpitcher, usedh, winningpitcher",visteam
Games,"attendance, date, htbf, losingpitcher, usedh, winningpitcher",id
Games,"attendance, date, htbf, id, losingpitcher, winningpitcher",sv
Games,"attendance, date, htbf, id, losingpitcher, winningpitcher",hometeam
Games,"attendance, date, htbf, id, losingpitcher, winningpitcher",location
Games,"attendance, date, htbf, id, losingpitcher, winningpitcher",visteam
Games,"attendance, date, htbf, id, losingpitcher, winningpitcher",usedh
Games,"attendance, hometeam, id, location, visteam, winningpitcher",sv
Games,"attendance, hometeam, id, location, visteam, winningpitcher",htbf
Games,"attendance, hometeam, id, location, visteam, winningpitcher",usedh
Games,"attendance, hometeam, id, location, visteam, winningpitcher",losingpitcher
Games,"attendance, hometeam, id, location, visteam, winningpitcher",date
Games,"attendance, hometeam, location, losingpitcher, visteam, winningpitcher",sv
Games,"attendance, hometeam, location, losingpitcher, visteam, winningpitcher",htbf
Games,"attendance, hometeam, location, losingpitcher, visteam, winningpitcher",usedh
Games,"attendance, hometeam, location, losingpitcher, visteam, winningpitcher",id
Games,"attendance, hometeam, location, losingpitcher, visteam, winningpitcher",date
Games,"attendance, date, hometeam, location, visteam, winningpitcher",sv
Games,"attendance, date, hometeam, location, visteam, winningpitcher",htbf
Games,"attendance, date, hometeam, location, visteam, winningpitcher",usedh
Games,"attendance, date, hometeam, location, visteam, winningpitcher",id
Games,"attendance, date, hometeam, location, visteam, winningpitcher",losingpitcher
Games,"attendance, hometeam, id, location, usedh, winningpitcher",sv
Games,"attendance, hometeam, id, location, usedh, winningpitcher",htbf
Games,"attendance, hometeam, id, location, usedh, winningpitcher",visteam
Games,"attendance, hometeam, id, location, usedh, winningpitcher",losingpitcher
Games,"attendance, hometeam, id, location, usedh, winningpitcher",date
Games,"attendance, hometeam, location, losingpitcher, usedh, winningpitcher",sv
Games,"attendance, hometeam, location, losingpitcher, usedh, winningpitcher",htbf
Games,"attendance, hometeam, location, losingpitcher, usedh, winningpitcher",visteam
Games,"attendance, hometeam, location, losingpitcher, usedh, winningpitcher",id
Games,"attendance, hometeam, location, losingpitcher, usedh, winningpitcher",date
Games,"attendance, date, hometeam, location, usedh, winningpitcher",sv
Games,"attendance, date, hometeam, location, usedh, winningpitcher",htbf
Games,"attendance, date, hometeam, location, usedh, winningpitcher",visteam
Games,"attendance, date, hometeam, location, usedh, winningpitcher",id
Games,"attendance, date, hometeam, location, usedh, winningpitcher",losingpitcher
Games,"attendance, hometeam, id, location, losingpitcher, winningpitcher",sv
Games,"attendance, hometeam, id, location, losingpitcher, winningpitcher",htbf
Games,"attendance, hometeam, id, location, losingpitcher, winningpitcher",visteam
Games,"attendance, hometeam, id, location, losingpitcher, winningpitcher",usedh
Games,"attendance, hometeam, id, location, losingpitcher, winningpitcher",date
Games,"attendance, date, hometeam, id, location, winningpitcher",sv
Games,"attendance, date, hometeam, id, location, winningpitcher",htbf
Games,"attendance, date, hometeam, id, location, winningpitcher",visteam
Games,"attendance, date, hometeam, id, location, winningpitcher",usedh
Games,"attendance, date, hometeam, id, location, winningpitcher",losingpitcher
Games,"attendance, date, hometeam, location, losingpitcher, winningpitcher",sv
Games,"attendance, date, hometeam, location, losingpitcher, winningpitcher",htbf
Games,"attendance, date, hometeam, location, losingpitcher, winningpitcher",visteam
Games,"attendance, date, hometeam, location, losingpitcher, winningpitcher",usedh
Games,"attendance, date, hometeam, location, losingpitcher, winningpitcher",id
Games,"attendance, hometeam, id, usedh, visteam, winningpitcher",sv
Games,"attendance, hometeam, id, usedh, visteam, winningpitcher",htbf
Games,"attendance, hometeam, id, usedh, visteam, winningpitcher",location
Games,"attendance, hometeam, id, usedh, visteam, winningpitcher",losingpitcher
Games,"attendance, hometeam, id, usedh, visteam, winningpitcher",date
Games,"attendance, hometeam, losingpitcher, usedh, visteam, winningpitcher",sv
Games,"attendance, hometeam, losingpitcher, usedh, visteam, winningpitcher",htbf
Games,"attendance, hometeam, losingpitcher, usedh, visteam, winningpitcher",location
Games,"attendance, hometeam, losingpitcher, usedh, visteam, winningpitcher",id
Games,"attendance, hometeam, losingpitcher, usedh, visteam, winningpitcher",date
Games,"attendance, date, hometeam, usedh, visteam, winningpitcher",sv
Games,"attendance, date, hometeam, usedh, visteam, winningpitcher",htbf
Games,"attendance, date, hometeam, usedh, visteam, winningpitcher",location
Games,"attendance, date, hometeam, usedh, visteam, winningpitcher",id
Games,"attendance, date, hometeam, usedh, visteam, winningpitcher",losingpitcher
Games,"attendance, hometeam, id, losingpitcher, visteam, winningpitcher",sv
Games,"attendance, hometeam, id, losingpitcher, visteam, winningpitcher",htbf
Games,"attendance, hometeam, id, losingpitcher, visteam, winningpitcher",location
Games,"attendance, hometeam, id, losingpitcher, visteam, winningpitcher",usedh
Games,"attendance, hometeam, id, losingpitcher, visteam, winningpitcher",date
Games,"attendance, date, hometeam, id, visteam, winningpitcher",sv
Games,"attendance, date, hometeam, id, visteam, winningpitcher",htbf
Games,"attendance, date, hometeam, id, visteam, winningpitcher",location
Games,"attendance, date, hometeam, id, visteam, winningpitcher",usedh
Games,"attendance, date, hometeam, id, visteam, winningpitcher",losingpitcher
Games,"attendance, date, hometeam, losingpitcher, visteam, winningpitcher",sv
Games,"attendance, date, hometeam, losingpitcher, visteam, winningpitcher",htbf
Games,"attendance, date, hometeam, losingpitcher, visteam, winningpitcher",location
Games,"attendance, date, hometeam, losingpitcher, visteam, winningpitcher",usedh
Games,"attendance, date, hometeam, losingpitcher, visteam, winningpitcher",id
Games,"attendance, hometeam, id, losingpitcher, usedh, winningpitcher",sv
Games,"attendance, hometeam, id, losingpitcher, usedh, winningpitcher",htbf
Games,"attendance, hometeam, id, losingpitcher, usedh, winningpitcher",location
Games,"attendance, hometeam, id, losingpitcher, usedh, winningpitcher",visteam
Games,"attendance, hometeam, id, losingpitcher, usedh, winningpitcher",date
Games,"attendance, date, hometeam, id, usedh, winningpitcher",sv
Games,"attendance, date, hometeam, id, usedh, winningpitcher",htbf
Games,"attendance, date, hometeam, id, usedh, winningpitcher",location
Games,"attendance, date, hometeam, id, usedh, winningpitcher",visteam
Games,"attendance, date, hometeam, id, usedh, winningpitcher",losingpitcher
Games,"attendance, date, hometeam, losingpitcher, usedh, winningpitcher",sv
Games,"attendance, date, hometeam, losingpitcher, usedh, winningpitcher",htbf
Games,"attendance, date, hometeam, losingpitcher, usedh, winningpitcher",location
Games,"attendance, date, hometeam, losingpitcher, usedh, winningpitcher",visteam
Games,"attendance, date, hometeam, losingpitcher, usedh, winningpitcher",id
Games,"attendance, date, hometeam, id, losingpitcher, winningpitcher",sv
Games,"attendance, date, hometeam, id, losingpitcher, winningpitcher",htbf
Games,"attendance, date, hometeam, id, losingpitcher, winningpitcher",location
Games,"attendance, date, hometeam, id, losingpitcher, winningpitcher",visteam
Games,"attendance, date, hometeam, id, losingpitcher, winningpitcher",usedh
Games,"attendance, id, location, usedh, visteam, winningpitcher",sv
Games,"attendance, id, location, usedh, visteam, winningpitcher",htbf
Games,"attendance, id, location, usedh, visteam, winningpitcher",hometeam
Games,"attendance, id, location, usedh, visteam, winningpitcher",losingpitcher
Games,"attendance, id, location, usedh, visteam, winningpitcher",date
Games,"attendance, location, losingpitcher, usedh, visteam, winningpitcher",sv
Games,"attendance, location, losingpitcher, usedh, visteam, winningpitcher",htbf
Games,"attendance, location, losingpitcher, usedh, visteam, winningpitcher",hometeam
Games,"attendance, location, losingpitcher, usedh, visteam, winningpitcher",id
Games,"attendance, location, losingpitcher, usedh, visteam, winningpitcher",date
Games,"attendance, date, location, usedh, visteam, winningpitcher",sv
Games,"attendance, date, location, usedh, visteam, winningpitcher",htbf
Games,"attendance, date, location, usedh, visteam, winningpitcher",hometeam
Games,"attendance, date, location, usedh, visteam, winningpitcher",id
Games,"attendance, date, location, usedh, visteam, winningpitcher",losingpitcher
Games,"attendance, id, location, losingpitcher, visteam, winningpitcher",sv
Games,"attendance, id, location, losingpitcher, visteam, winningpitcher",htbf
Games,"attendance, id, location, losingpitcher, visteam, winningpitcher",hometeam
Games,"attendance, id, location, losingpitcher, visteam, winningpitcher",usedh
Games,"attendance, id, location, losingpitcher, visteam, winningpitcher",date
Games,"attendance, date, id, location, visteam, winningpitcher",sv
Games,"attendance, date, id, location, visteam, winningpitcher",htbf
Games,"attendance, date, id, location, visteam, winningpitcher",hometeam
Games,"attendance, date, id, location, visteam, winningpitcher",usedh
Games,"attendance, date, id, location, visteam, winningpitcher",losingpitcher
Games,"attendance, date, location, losingpitcher, visteam, winningpitcher",sv
Games,"attendance, date, location, losingpitcher, visteam, winningpitcher",htbf
Games,"attendance, date, location, losingpitcher, visteam, winningpitcher",hometeam
Games,"attendance, date, location, losingpitcher, visteam, winningpitcher",usedh
Games,"attendance, date, location, losingpitcher, visteam, winningpitcher",id
Games,"attendance, id, location, losingpitcher, usedh, winningpitcher",sv
Games,"attendance, id, location, losingpitcher, usedh, winningpitcher",htbf
Games,"attendance, id, location, losingpitcher, usedh, winningpitcher",hometeam
Games,"attendance, id, location, losingpitcher, usedh, winningpitcher",visteam
Games,"attendance, id, location, losingpitcher, usedh, winningpitcher",date
Games,"attendance, date, id, location, usedh, winningpitcher",sv
Games,"attendance, date, id, location, usedh, winningpitcher",htbf
Games,"attendance, date, id, location, usedh, winningpitcher",hometeam
Games,"attendance, date, id, location, usedh, winningpitcher",visteam
Games,"attendance, date, id, location, usedh, winningpitcher",losingpitcher
Games,"attendance, date, location, losingpitcher, usedh, winningpitcher",sv
Games,"attendance, date, location, losingpitcher, usedh, winningpitcher",htbf
Games,"attendance, date, location, losingpitcher, usedh, winningpitcher",hometeam
Games,"attendance, date, location, losingpitcher, usedh, winningpitcher",visteam
Games,"attendance, date, location, losingpitcher, usedh, winningpitcher",id
Games,"attendance, date, id, location, losingpitcher, winningpitcher",sv
Games,"attendance, date, id, location, losingpitcher, winningpitcher",htbf
Games,"attendance, date, id, location, losingpitcher, winningpitcher",hometeam
Games,"attendance, date, id, location, losingpitcher, winningpitcher",visteam
Games,"attendance, date, id, location, losingpitcher, winningpitcher",usedh
Games,"attendance, id, losingpitcher, usedh, visteam, winningpitcher",sv
Games,"attendance, id, losingpitcher, usedh, visteam, winningpitcher",htbf
Games,"attendance, id, losingpitcher, usedh, visteam, winningpitcher",hometeam
Games,"attendance, id, losingpitcher, usedh, visteam, winningpitcher",location
Games,"attendance, id, losingpitcher, usedh, visteam, winningpitcher",date
Games,"attendance, date, id, usedh, visteam, winningpitcher",sv
Games,"attendance, date, id, usedh, visteam, winningpitcher",htbf
Games,"attendance, date, id, usedh, visteam, winningpitcher",hometeam
Games,"attendance, date, id, usedh, visteam, winningpitcher",location
Games,"attendance, date, id, usedh, visteam, winningpitcher",losingpitcher
Games,"attendance, date, losingpitcher, usedh, visteam, winningpitcher",sv
Games,"attendance, date, losingpitcher, usedh, visteam, winningpitcher",htbf
Games,"attendance, date, losingpitcher, usedh, visteam, winningpitcher",hometeam
Games,"attendance, date, losingpitcher, usedh, visteam, winningpitcher",location
Games,"attendance, date, losingpitcher, usedh, visteam, winningpitcher",id
Games,"attendance, date, id, losingpitcher, visteam, winningpitcher",sv
Games,"attendance, date, id, losingpitcher, visteam, winningpitcher",htbf
Games,"attendance, date, id, losingpitcher, visteam, winningpitcher",hometeam
Games,"attendance, date, id, losingpitcher, visteam, winningpitcher",location
Games,"attendance, date, id, losingpitcher, visteam, winningpitcher",usedh
Games,"attendance, date, id, losingpitcher, usedh, winningpitcher",sv
Games,"attendance, date, id, losingpitcher, usedh, winningpitcher",htbf
Games,"attendance, date, id, losingpitcher, usedh, winningpitcher",hometeam
Games,"attendance, date, id, losingpitcher, usedh, winningpitcher",location
Games,"attendance, date, id, losingpitcher, usedh, winningpitcher",visteam
Games,"hometeam, htbf, location, sv, visteam, winningpitcher",attendance
Games,"hometeam, htbf, location, sv, visteam, winningpitcher",usedh
Games,"hometeam, htbf, location, sv, visteam, winningpitcher",id
Games,"hometeam, htbf, location, sv, visteam, winningpitcher",losingpitcher
Games,"hometeam, htbf, location, sv, visteam, winningpitcher",date
Games,"hometeam, htbf, location, sv, usedh, winningpitcher",attendance
Games,"hometeam, htbf, location, sv, usedh, winningpitcher",visteam
Games,"hometeam, htbf, location, sv, usedh, winningpitcher",id
Games,"hometeam, htbf, location, sv, usedh, winningpitcher",losingpitcher
Games,"hometeam, htbf, location, sv, usedh, winningpitcher",date
Games,"hometeam, htbf, id, location, sv, winningpitcher",attendance
Games,"hometeam, htbf, id, location, sv, winningpitcher",visteam
Games,"hometeam, htbf, id, location, sv, winningpitcher",usedh
Games,"hometeam, htbf, id, location, sv, winningpitcher",losingpitcher
Games,"hometeam, htbf, id, location, sv, winningpitcher",date
Games,"hometeam, htbf, location, losingpitcher, sv, winningpitcher",attendance
Games,"hometeam, htbf, location, losingpitcher, sv, winningpitcher",visteam
Games,"hometeam, htbf, location, losingpitcher, sv, winningpitcher",usedh
Games,"hometeam, htbf, location, losingpitcher, sv, winningpitcher",id
Games,"hometeam, htbf, location, losingpitcher, sv, winningpitcher",date
Games,"date, hometeam, htbf, location, sv, winningpitcher",attendance
Games,"date, hometeam, htbf, location, sv, winningpitcher",visteam
Games,"date, hometeam, htbf, location, sv, winningpitcher",usedh
Games,"date, hometeam, htbf, location, sv, winningpitcher",id
Games,"date, hometeam, htbf, location, sv, winningpitcher",losingpitcher
Games,"hometeam, htbf, sv, usedh, visteam, winningpitcher",attendance
Games,"hometeam, htbf, sv, usedh, visteam, winningpitcher",location
Games,"hometeam, htbf, sv, usedh, visteam, winningpitcher",id
Games,"hometeam, htbf, sv, usedh, visteam, winningpitcher",losingpitcher
Games,"hometeam, htbf, sv, usedh, visteam, winningpitcher",date
Games,"hometeam, htbf, id, sv, visteam, winningpitcher",attendance
Games,"hometeam, htbf, id, sv, visteam, winningpitcher",location
Games,"hometeam, htbf, id, sv, visteam, winningpitcher",usedh
Games,"hometeam, htbf, id, sv, visteam, winningpitcher",losingpitcher
Games,"hometeam, htbf, id, sv, visteam, winningpitcher",date
Games,"hometeam, htbf, losingpitcher, sv, visteam, winningpitcher",attendance
Games,"hometeam, htbf, losingpitcher, sv, visteam, winningpitcher",location
Games,"hometeam, htbf, losingpitcher, sv, visteam, winningpitcher",usedh
Games,"hometeam, htbf, losingpitcher, sv, visteam, winningpitcher",id
Games,"hometeam, htbf, losingpitcher, sv, visteam, winningpitcher",date
Games,"date, hometeam, htbf, sv, visteam, winningpitcher",attendance
Games,"date, hometeam, htbf, sv, visteam, winningpitcher",location
Games,"date, hometeam, htbf, sv, visteam, winningpitcher",usedh
Games,"date, hometeam, htbf, sv, visteam, winningpitcher",id
Games,"date, hometeam, htbf, sv, visteam, winningpitcher",losingpitcher
Games,"hometeam, htbf, id, sv, usedh, winningpitcher",attendance
Games,"hometeam, htbf, id, sv, usedh, winningpitcher",visteam
Games,"hometeam, htbf, id, sv, usedh, winningpitcher",location
Games,"hometeam, htbf, id, sv, usedh, winningpitcher",losingpitcher
Games,"hometeam, htbf, id, sv, usedh, winningpitcher",date
Games,"hometeam, htbf, losingpitcher, sv, usedh, winningpitcher",attendance
Games,"hometeam, htbf, losingpitcher, sv, usedh, winningpitcher",visteam
Games,"hometeam, htbf, losingpitcher, sv, usedh, winningpitcher",location
Games,"hometeam, htbf, losingpitcher, sv, usedh, winningpitcher",id
Games,"hometeam, htbf, losingpitcher, sv, usedh, winningpitcher",date
Games,"date, hometeam, htbf, sv, usedh, winningpitcher",attendance
Games,"date, hometeam, htbf, sv, usedh, winningpitcher",visteam
Games,"date, hometeam, htbf, sv, usedh, winningpitcher",location
Games,"date, hometeam, htbf, sv, usedh, winningpitcher",id
Games,"date, hometeam, htbf, sv, usedh, winningpitcher",losingpitcher
Games,"hometeam, htbf, id, losingpitcher, sv, winningpitcher",attendance
Games,"hometeam, htbf, id, losingpitcher, sv, winningpitcher",visteam
Games,"hometeam, htbf, id, losingpitcher, sv, winningpitcher",location
Games,"hometeam, htbf, id, losingpitcher, sv, winningpitcher",usedh
Games,"hometeam, htbf, id, losingpitcher, sv, winningpitcher",date
Games,"date, hometeam, htbf, id, sv, winningpitcher",attendance
Games,"date, hometeam, htbf, id, sv, winningpitcher",visteam
Games,"date, hometeam, htbf, id, sv, winningpitcher",location
Games,"date, hometeam, htbf, id, sv, winningpitcher",usedh
Games,"date, hometeam, htbf, id, sv, winningpitcher",losingpitcher
Games,"date, hometeam, htbf, losingpitcher, sv, winningpitcher",attendance
Games,"date, hometeam, htbf, losingpitcher, sv, winningpitcher",visteam
Games,"date, hometeam, htbf, losingpitcher, sv, winningpitcher",location
Games,"date, hometeam, htbf, losingpitcher, sv, winningpitcher",usedh
Games,"date, hometeam, htbf, losingpitcher, sv, winningpitcher",id
Games,"htbf, location, sv, usedh, visteam, winningpitcher",attendance
Games,"htbf, location, sv, usedh, visteam, winningpitcher",hometeam
Games,"htbf, location, sv, usedh, visteam, winningpitcher",id
Games,"htbf, location, sv, usedh, visteam, winningpitcher",losingpitcher
Games,"htbf, location, sv, usedh, visteam, winningpitcher",date
Games,"htbf, id, location, sv, visteam, winningpitcher",attendance
Games,"htbf, id, location, sv, visteam, winningpitcher",hometeam
Games,"htbf, id, location, sv, visteam, winningpitcher",usedh
Games,"htbf, id, location, sv, visteam, winningpitcher",losingpitcher
Games,"htbf, id, location, sv, visteam, winningpitcher",date
Games,"htbf, location, losingpitcher, sv, visteam, winningpitcher",attendance
Games,"htbf, location, losingpitcher, sv, visteam, winningpitcher",hometeam
Games,"htbf, location, losingpitcher, sv, visteam, winningpitcher",usedh
Games,"htbf, location, losingpitcher, sv, visteam, winningpitcher",id
Games,"htbf, location, losingpitcher, sv, visteam, winningpitcher",date
Games,"date, htbf, location, sv, visteam, winningpitcher",attendance
Games,"date, htbf, location, sv, visteam, winningpitcher",hometeam
Games,"date, htbf, location, sv, visteam, winningpitcher",usedh
Games,"date, htbf, location, sv, visteam, winningpitcher",id
Games,"date, htbf, location, sv, visteam, winningpitcher",losingpitcher
Games,"htbf, id, location, sv, usedh, winningpitcher",attendance
Games,"htbf, id, location, sv, usedh, winningpitcher",hometeam
Games,"htbf, id, location, sv, usedh, winningpitcher",visteam
Games,"htbf, id, location, sv, usedh, winningpitcher",losingpitcher
Games,"htbf, id, location, sv, usedh, winningpitcher",date
Games,"htbf, location, losingpitcher, sv, usedh, winningpitcher",attendance
Games,"htbf, location, losingpitcher, sv, usedh, winningpitcher",hometeam
Games,"htbf, location, losingpitcher, sv, usedh, winningpitcher",visteam
Games,"htbf, location, losingpitcher, sv, usedh, winningpitcher",id
Games,"htbf, location, losingpitcher, sv, usedh, winningpitcher",date
Games,"date, htbf, location, sv, usedh, winningpitcher",attendance
Games,"date, htbf, location, sv, usedh, winningpitcher",hometeam
Games,"date, htbf, location, sv, usedh, winningpitcher",visteam
Games,"date, htbf, location, sv, usedh, winningpitcher",id
Games,"date, htbf, location, sv, usedh, winningpitcher",losingpitcher
Games,"htbf, id, location, losingpitcher, sv, winningpitcher",attendance
Games,"htbf, id, location, losingpitcher, sv, winningpitcher",hometeam
Games,"htbf, id, location, losingpitcher, sv, winningpitcher",visteam
Games,"htbf, id, location, losingpitcher, sv, winningpitcher",usedh
Games,"htbf, id, location, losingpitcher, sv, winningpitcher",date
Games,"date, htbf, id, location, sv, winningpitcher",attendance
Games,"date, htbf, id, location, sv, winningpitcher",hometeam
Games,"date, htbf, id, location, sv, winningpitcher",visteam
Games,"date, htbf, id, location, sv, winningpitcher",usedh
Games,"date, htbf, id, location, sv, winningpitcher",losingpitcher
Games,"date, htbf, location, losingpitcher, sv, winningpitcher",attendance
Games,"date, htbf, location, losingpitcher, sv, winningpitcher",hometeam
Games,"date, htbf, location, losingpitcher, sv, winningpitcher",visteam
Games,"date, htbf, location, losingpitcher, sv, winningpitcher",usedh
Games,"date, htbf, location, losingpitcher, sv, winningpitcher",id
Games,"htbf, id, sv, usedh, visteam, winningpitcher",attendance
Games,"htbf, id, sv, usedh, visteam, winningpitcher",hometeam
Games,"htbf, id, sv, usedh, visteam, winningpitcher",location
Games,"htbf, id, sv, usedh, visteam, winningpitcher",losingpitcher
Games,"htbf, id, sv, usedh, visteam, winningpitcher",date
Games,"htbf, losingpitcher, sv, usedh, visteam, winningpitcher",attendance
Games,"htbf, losingpitcher, sv, usedh, visteam, winningpitcher",hometeam
Games,"htbf, losingpitcher, sv, usedh, visteam, winningpitcher",location
Games,"htbf, losingpitcher, sv, usedh, visteam, winningpitcher",id
Games,"htbf, losingpitcher, sv, usedh, visteam, winningpitcher",date
Games,"date, htbf, sv, usedh, visteam, winningpitcher",attendance
Games,"date, htbf, sv, usedh, visteam, winningpitcher",hometeam
Games,"date, htbf, sv, usedh, visteam, winningpitcher",location
Games,"date, htbf, sv, usedh, visteam, winningpitcher",id
Games,"date, htbf, sv, usedh, visteam, winningpitcher",losingpitcher
Games,"htbf, id, losingpitcher, sv, visteam, winningpitcher",attendance
Games,"htbf, id, losingpitcher, sv, visteam, winningpitcher",hometeam
Games,"htbf, id, losingpitcher, sv, visteam, winningpitcher",location
Games,"htbf, id, losingpitcher, sv, visteam, winningpitcher",usedh
Games,"htbf, id, losingpitcher, sv, visteam, winningpitcher",date
Games,"date, htbf, id, sv, visteam, winningpitcher",attendance
Games,"date, htbf, id, sv, visteam, winningpitcher",hometeam
Games,"date, htbf, id, sv, visteam, winningpitcher",location
Games,"date, htbf, id, sv, visteam, winningpitcher",usedh
Games,"date, htbf, id, sv, visteam, winningpitcher",losingpitcher
Games,"date, htbf, losingpitcher, sv, visteam, winningpitcher",attendance
Games,"date, htbf, losingpitcher, sv, visteam, winningpitcher",hometeam
Games,"date, htbf, losingpitcher, sv, visteam, winningpitcher",location
Games,"date, htbf, losingpitcher, sv, visteam, winningpitcher",usedh
Games,"date, htbf, losingpitcher, sv, visteam, winningpitcher",id
Games,"htbf, id, losingpitcher, sv, usedh, winningpitcher",attendance
Games,"htbf, id, losingpitcher, sv, usedh, winningpitcher",hometeam
Games,"htbf, id, losingpitcher, sv, usedh, winningpitcher",visteam
Games,"htbf, id, losingpitcher, sv, usedh, winningpitcher",location
Games,"htbf, id, losingpitcher, sv, usedh, winningpitcher",date
Games,"date, htbf, id, sv, usedh, winningpitcher",attendance
Games,"date, htbf, id, sv, usedh, winningpitcher",hometeam
Games,"date, htbf, id, sv, usedh, winningpitcher",visteam
Games,"date, htbf, id, sv, usedh, winningpitcher",location
Games,"date, htbf, id, sv, usedh, winningpitcher",losingpitcher
Games,"date, htbf, losingpitcher, sv, usedh, winningpitcher",attendance
Games,"date, htbf, losingpitcher, sv, usedh, winningpitcher",hometeam
Games,"date, htbf, losingpitcher, sv, usedh, winningpitcher",visteam
Games,"date, htbf, losingpitcher, sv, usedh, winningpitcher",location
Games,"date, htbf, losingpitcher, sv, usedh, winningpitcher",id
Games,"date, htbf, id, losingpitcher, sv, winningpitcher",attendance
Games,"date, htbf, id, losingpitcher, sv, winningpitcher",hometeam
Games,"date, htbf, id, losingpitcher, sv, winningpitcher",visteam
Games,"date, htbf, id, losingpitcher, sv, winningpitcher",location
Games,"date, htbf, id, losingpitcher, sv, winningpitcher",usedh
Games,"hometeam, id, location, sv, visteam, winningpitcher",attendance
Games,"hometeam, id, location, sv, visteam, winningpitcher",htbf
Games,"hometeam, id, location, sv, visteam, winningpitcher",usedh
Games,"hometeam, id, location, sv, visteam, winningpitcher",losingpitcher
Games,"hometeam, id, location, sv, visteam, winningpitcher",date
Games,"hometeam, location, losingpitcher, sv, visteam, winningpitcher",attendance
Games,"hometeam, location, losingpitcher, sv, visteam, winningpitcher",htbf
Games,"hometeam, location, losingpitcher, sv, visteam, winningpitcher",usedh
Games,"hometeam, location, losingpitcher, sv, visteam, winningpitcher",id
Games,"hometeam, location, losingpitcher, sv, visteam, winningpitcher",date
Games,"date, hometeam, location, sv, visteam, winningpitcher",attendance
Games,"date, hometeam, location, sv, visteam, winningpitcher",htbf
Games,"date, hometeam, location, sv, visteam, winningpitcher",usedh
Games,"date, hometeam, location, sv, visteam, winningpitcher",id
Games,"date, hometeam, location, sv, visteam, winningpitcher",losingpitcher
Games,"hometeam, id, location, sv, usedh, winningpitcher",attendance
Games,"hometeam, id, location, sv, usedh, winningpitcher",htbf
Games,"hometeam, id, location, sv, usedh, winningpitcher",visteam
Games,"hometeam, id, location, sv, usedh, winningpitcher",losingpitcher
Games,"hometeam, id, location, sv, usedh, winningpitcher",date
Games,"hometeam, location, losingpitcher, sv, usedh, winningpitcher",attendance
Games,"hometeam, location, losingpitcher, sv, usedh, winningpitcher",htbf
Games,"hometeam, location, losingpitcher, sv, usedh, winningpitcher",visteam
Games,"hometeam, location, losingpitcher, sv, usedh, winningpitcher",id
Games,"hometeam, location, losingpitcher, sv, usedh, winningpitcher",date
Games,"date, hometeam, location, sv, usedh, winningpitcher",attendance
Games,"date, hometeam, location, sv, usedh, winningpitcher",htbf
Games,"date, hometeam, location, sv, usedh, winningpitcher",visteam
Games,"date, hometeam, location, sv, usedh, winningpitcher",id
Games,"date, hometeam, location, sv, usedh, winningpitcher",losingpitcher
Games,"hometeam, id, location, losingpitcher, sv, winningpitcher",attendance
Games,"hometeam, id, location, losingpitcher, sv, winningpitcher",htbf
Games,"hometeam, id, location, losingpitcher, sv, winningpitcher",visteam
Games,"hometeam, id, location, losingpitcher, sv, winningpitcher",usedh
Games,"hometeam, id, location, losingpitcher, sv, winningpitcher",date
Games,"date, hometeam, id, location, sv, winningpitcher",attendance
Games,"date, hometeam, id, location, sv, winningpitcher",htbf
Games,"date, hometeam, id, location, sv, winningpitcher",visteam
Games,"date, hometeam, id, location, sv, winningpitcher",usedh
Games,"date, hometeam, id, location, sv, winningpitcher",losingpitcher
Games,"date, hometeam, location, losingpitcher, sv, winningpitcher",attendance
Games,"date, hometeam, location, losingpitcher, sv, winningpitcher",htbf
Games,"date, hometeam, location, losingpitcher, sv, winningpitcher",visteam
Games,"date, hometeam, location, losingpitcher, sv, winningpitcher",usedh
Games,"date, hometeam, location, losingpitcher, sv, winningpitcher",id
Games,"hometeam, id, sv, usedh, visteam, winningpitcher",attendance
Games,"hometeam, id, sv, usedh, visteam, winningpitcher",htbf
Games,"hometeam, id, sv, usedh, visteam, winningpitcher",location
Games,"hometeam, id, sv, usedh, visteam, winningpitcher",losingpitcher
Games,"hometeam, id, sv, usedh, visteam, winningpitcher",date
Games,"hometeam, losingpitcher, sv, usedh, visteam, winningpitcher",attendance
Games,"hometeam, losingpitcher, sv, usedh, visteam, winningpitcher",htbf
Games,"hometeam, losingpitcher, sv, usedh, visteam, winningpitcher",location
Games,"hometeam, losingpitcher, sv, usedh, visteam, winningpitcher",id
Games,"hometeam, losingpitcher, sv, usedh, visteam, winningpitcher",date
Games,"date, hometeam, sv, usedh, visteam, winningpitcher",attendance
Games,"date, hometeam, sv, usedh, visteam, winningpitcher",htbf
Games,"date, hometeam, sv, usedh, visteam, winningpitcher",location
Games,"date, hometeam, sv, usedh, visteam, winningpitcher",id
Games,"date, hometeam, sv, usedh, visteam, winningpitcher",losingpitcher
Games,"hometeam, id, losingpitcher, sv, visteam, winningpitcher",attendance
Games,"hometeam, id, losingpitcher, sv, visteam, winningpitcher",htbf
Games,"hometeam, id, losingpitcher, sv, visteam, winningpitcher",location
Games,"hometeam, id, losingpitcher, sv, visteam, winningpitcher",usedh
Games,"hometeam, id, losingpitcher, sv, visteam, winningpitcher",date
Games,"date, hometeam, id, sv, visteam, winningpitcher",attendance
Games,"date, hometeam, id, sv, visteam, winningpitcher",htbf
Games,"date, hometeam, id, sv, visteam, winningpitcher",location
Games,"date, hometeam, id, sv, visteam, winningpitcher",usedh
Games,"date, hometeam, id, sv, visteam, winningpitcher",losingpitcher
Games,"date, hometeam, losingpitcher, sv, visteam, winningpitcher",attendance
Games,"date, hometeam, losingpitcher, sv, visteam, winningpitcher",htbf
Games,"date, hometeam, losingpitcher, sv, visteam, winningpitcher",location
Games,"date, hometeam, losingpitcher, sv, visteam, winningpitcher",usedh
Games,"date, hometeam, losingpitcher, sv, visteam, winningpitcher",id
Games,"hometeam, id, losingpitcher, sv, usedh, winningpitcher",attendance
Games,"hometeam, id, losingpitcher, sv, usedh, winningpitcher",htbf
Games,"hometeam, id, losingpitcher, sv, usedh, winningpitcher",visteam
Games,"hometeam, id, losingpitcher, sv, usedh, winningpitcher",location
Games,"hometeam, id, losingpitcher, sv, usedh, winningpitcher",date
Games,"date, hometeam, id, sv, usedh, winningpitcher",attendance
Games,"date, hometeam, id, sv, usedh, winningpitcher",htbf
Games,"date, hometeam, id, sv, usedh, winningpitcher",visteam
Games,"date, hometeam, id, sv, usedh, winningpitcher",location
Games,"date, hometeam, id, sv, usedh, winningpitcher",losingpitcher
Games,"date, hometeam, losingpitcher, sv, usedh, winningpitcher",attendance
Games,"date, hometeam, losingpitcher, sv, usedh, winningpitcher",htbf
Games,"date, hometeam, losingpitcher, sv, usedh, winningpitcher",visteam
Games,"date, hometeam, losingpitcher, sv, usedh, winningpitcher",location
Games,"date, hometeam, losingpitcher, sv, usedh, winningpitcher",id
Games,"date, hometeam, id, losingpitcher, sv, winningpitcher",attendance
Games,"date, hometeam, id, losingpitcher, sv, winningpitcher",htbf
Games,"date, hometeam, id, losingpitcher, sv, winningpitcher",visteam
Games,"date, hometeam, id, losingpitcher, sv, winningpitcher",location
Games,"date, hometeam, id, losingpitcher, sv, winningpitcher",usedh
Games,"id, location, sv, usedh, visteam, winningpitcher",attendance
Games,"id, location, sv, usedh, visteam, winningpitcher",htbf
Games,"id, location, sv, usedh, visteam, winningpitcher",hometeam
Games,"id, location, sv, usedh, visteam, winningpitcher",losingpitcher
Games,"id, location, sv, usedh, visteam, winningpitcher",date
Games,"location, losingpitcher, sv, usedh, visteam, winningpitcher",attendance
Games,"location, losingpitcher, sv, usedh, visteam, winningpitcher",htbf
Games,"location, losingpitcher, sv, usedh, visteam, winningpitcher",hometeam
Games,"location, losingpitcher, sv, usedh, visteam, winningpitcher",id
Games,"location, losingpitcher, sv, usedh, visteam, winningpitcher",date
Games,"date, location, sv, usedh, visteam, winningpitcher",attendance
Games,"date, location, sv, usedh, visteam, winningpitcher",htbf
Games,"date, location, sv, usedh, visteam, winningpitcher",hometeam
Games,"date, location, sv, usedh, visteam, winningpitcher",id
Games,"date, location, sv, usedh, visteam, winningpitcher",losingpitcher
Games,"id, location, losingpitcher, sv, visteam, winningpitcher",attendance
Games,"id, location, losingpitcher, sv, visteam, winningpitcher",htbf
Games,"id, location, losingpitcher, sv, visteam, winningpitcher",hometeam
Games,"id, location, losingpitcher, sv, visteam, winningpitcher",usedh
Games,"id, location, losingpitcher, sv, visteam, winningpitcher",date
Games,"date, id, location, sv, visteam, winningpitcher",attendance
Games,"date, id, location, sv, visteam, winningpitcher",htbf
Games,"date, id, location, sv, visteam, winningpitcher",hometeam
Games,"date, id, location, sv, visteam, winningpitcher",usedh
Games,"date, id, location, sv, visteam, winningpitcher",losingpitcher
Games,"date, location, losingpitcher, sv, visteam, winningpitcher",attendance
Games,"date, location, losingpitcher, sv, visteam, winningpitcher",htbf
Games,"date, location, losingpitcher, sv, visteam, winningpitcher",hometeam
Games,"date, location, losingpitcher, sv, visteam, winningpitcher",usedh
Games,"date, location, losingpitcher, sv, visteam, winningpitcher",id
Games,"id, location, losingpitcher, sv, usedh, winningpitcher",attendance
Games,"id, location, losingpitcher, sv, usedh, winningpitcher",htbf
Games,"id, location, losingpitcher, sv, usedh, winningpitcher",hometeam
Games,"id, location, losingpitcher, sv, usedh, winningpitcher",visteam
Games,"id, location, losingpitcher, sv, usedh, winningpitcher",date
Games,"date, id, location, sv, usedh, winningpitcher",attendance
Games,"date, id, location, sv, usedh, winningpitcher",htbf
Games,"date, id, location, sv, usedh, winningpitcher",hometeam
Games,"date, id, location, sv, usedh, winningpitcher",visteam
Games,"date, id, location, sv, usedh, winningpitcher",losingpitcher
Games,"date, location, losingpitcher, sv, usedh, winningpitcher",attendance
Games,"date, location, losingpitcher, sv, usedh, winningpitcher",htbf
Games,"date, location, losingpitcher, sv, usedh, winningpitcher",hometeam
Games,"date, location, losingpitcher, sv, usedh, winningpitcher",visteam
Games,"date, location, losingpitcher, sv, usedh, winningpitcher",id
Games,"date, id, location, losingpitcher, sv, winningpitcher",attendance
Games,"date, id, location, losingpitcher, sv, winningpitcher",htbf
Games,"date, id, location, losingpitcher, sv, winningpitcher",hometeam
Games,"date, id, location, losingpitcher, sv, winningpitcher",visteam
Games,"date, id, location, losingpitcher, sv, winningpitcher",usedh
Games,"id, losingpitcher, sv, usedh, visteam, winningpitcher",attendance
Games,"id, losingpitcher, sv, usedh, visteam, winningpitcher",htbf
Games,"id, losingpitcher, sv, usedh, visteam, winningpitcher",hometeam
Games,"id, losingpitcher, sv, usedh, visteam, winningpitcher",location
Games,"id, losingpitcher, sv, usedh, visteam, winningpitcher",date
Games,"date, id, sv, usedh, visteam, winningpitcher",attendance
Games,"date, id, sv, usedh, visteam, winningpitcher",htbf
Games,"date, id, sv, usedh, visteam, winningpitcher",hometeam
Games,"date, id, sv, usedh, visteam, winningpitcher",location
Games,"date, id, sv, usedh, visteam, winningpitcher",losingpitcher
Games,"date, losingpitcher, sv, usedh, visteam, winningpitcher",attendance
Games,"date, losingpitcher, sv, usedh, visteam, winningpitcher",htbf
Games,"date, losingpitcher, sv, usedh, visteam, winningpitcher",hometeam
Games,"date, losingpitcher, sv, usedh, visteam, winningpitcher",location
Games,"date, losingpitcher, sv, usedh, visteam, winningpitcher",id
Games,"date, id, losingpitcher, sv, visteam, winningpitcher",attendance
Games,"date, id, losingpitcher, sv, visteam, winningpitcher",htbf
Games,"date, id, losingpitcher, sv, visteam, winningpitcher",hometeam
Games,"date, id, losingpitcher, sv, visteam, winningpitcher",location
Games,"date, id, losingpitcher, sv, visteam, winningpitcher",usedh
Games,"date, id, losingpitcher, sv, usedh, winningpitcher",attendance
Games,"date, id, losingpitcher, sv, usedh, winningpitcher",htbf
Games,"date, id, losingpitcher, sv, usedh, winningpitcher",hometeam
Games,"date, id, losingpitcher, sv, usedh, winningpitcher",visteam
Games,"date, id, losingpitcher, sv, usedh, winningpitcher",location
Games,"hometeam, htbf, location, usedh, visteam, winningpitcher",attendance
Games,"hometeam, htbf, location, usedh, visteam, winningpitcher",sv
Games,"hometeam, htbf, location, usedh, visteam, winningpitcher",id
Games,"hometeam, htbf, location, usedh, visteam, winningpitcher",losingpitcher
Games,"hometeam, htbf, location, usedh, visteam, winningpitcher",date
Games,"hometeam, htbf, id, location, visteam, winningpitcher",attendance
Games,"hometeam, htbf, id, location, visteam, winningpitcher",sv
Games,"hometeam, htbf, id, location, visteam, winningpitcher",usedh
Games,"hometeam, htbf, id, location, visteam, winningpitcher",losingpitcher
Games,"hometeam, htbf, id, location, visteam, winningpitcher",date
Games,"hometeam, htbf, location, losingpitcher, visteam, winningpitcher",attendance
Games,"hometeam, htbf, location, losingpitcher, visteam, winningpitcher",sv
Games,"hometeam, htbf, location, losingpitcher, visteam, winningpitcher",usedh
Games,"hometeam, htbf, location, losingpitcher, visteam, winningpitcher",id
Games,"hometeam, htbf, location, losingpitcher, visteam, winningpitcher",date
Games,"date, hometeam, htbf, location, visteam, winningpitcher",attendance
Games,"date, hometeam, htbf, location, visteam, winningpitcher",sv
Games,"date, hometeam, htbf, location, visteam, winningpitcher",usedh
Games,"date, hometeam, htbf, location, visteam, winningpitcher",id
Games,"date, hometeam, htbf, location, visteam, winningpitcher",losingpitcher
Games,"hometeam, htbf, id, location, usedh, winningpitcher",attendance
Games,"hometeam, htbf, id, location, usedh, winningpitcher",sv
Games,"hometeam, htbf, id, location, usedh, winningpitcher",visteam
Games,"hometeam, htbf, id, location, usedh, winningpitcher",losingpitcher
Games,"hometeam, htbf, id, location, usedh, winningpitcher",date
Games,"hometeam, htbf, location, losingpitcher, usedh, winningpitcher",attendance
Games,"hometeam, htbf, location, losingpitcher, usedh, winningpitcher",sv
Games,"hometeam, htbf, location, losingpitcher, usedh, winningpitcher",visteam
Games,"hometeam, htbf, location, losingpitcher, usedh, winningpitcher",id
Games,"hometeam, htbf, location, losingpitcher, usedh, winningpitcher",date
Games,"date, hometeam, htbf, location, usedh, winningpitcher",attendance
Games,"date, hometeam, htbf, location, usedh, winningpitcher",sv
Games,"date, hometeam, htbf, location, usedh, winningpitcher",visteam
Games,"date, hometeam, htbf, location, usedh, winningpitcher",id
Games,"date, hometeam, htbf, location, usedh, winningpitcher",losingpitcher
Games,"hometeam, htbf, id, location, losingpitcher, winningpitcher",attendance
Games,"hometeam, htbf, id, location, losingpitcher, winningpitcher",sv
Games,"hometeam, htbf, id, location, losingpitcher, winningpitcher",visteam
Games,"hometeam, htbf, id, location, losingpitcher, winningpitcher",usedh
Games,"hometeam, htbf, id, location, losingpitcher, winningpitcher",date
Games,"date, hometeam, htbf, id, location, winningpitcher",attendance
Games,"date, hometeam, htbf, id, location, winningpitcher",sv
Games,"date, hometeam, htbf, id, location, winningpitcher",visteam
Games,"date, hometeam, htbf, id, location, winningpitcher",usedh
Games,"date, hometeam, htbf, id, location, winningpitcher",losingpitcher
Games,"date, hometeam, htbf, location, losingpitcher, winningpitcher",attendance
Games,"date, hometeam, htbf, location, losingpitcher, winningpitcher",sv
Games,"date, hometeam, htbf, location, losingpitcher, winningpitcher",visteam
Games,"date, hometeam, htbf, location, losingpitcher, winningpitcher",usedh
Games,"date, hometeam, htbf, location, losingpitcher, winningpitcher",id
Games,"hometeam, htbf, id, usedh, visteam, winningpitcher",attendance
Games,"hometeam, htbf, id, usedh, visteam, winningpitcher",sv
Games,"hometeam, htbf, id, usedh, visteam, winningpitcher",location
Games,"hometeam, htbf, id, usedh, visteam, winningpitcher",losingpitcher
Games,"hometeam, htbf, id, usedh, visteam, winningpitcher",date
Games,"hometeam, htbf, losingpitcher, usedh, visteam, winningpitcher",attendance
Games,"hometeam, htbf, losingpitcher, usedh, visteam, winningpitcher",sv
Games,"hometeam, htbf, losingpitcher, usedh, visteam, winningpitcher",location
Games,"hometeam, htbf, losingpitcher, usedh, visteam, winningpitcher",id
Games,"hometeam, htbf, losingpitcher, usedh, visteam, winningpitcher",date
Games,"date, hometeam, htbf, usedh, visteam, winningpitcher",attendance
Games,"date, hometeam, htbf, usedh, visteam, winningpitcher",sv
Games,"date, hometeam, htbf, usedh, visteam, winningpitcher",location
Games,"date, hometeam, htbf, usedh, visteam, winningpitcher",id
Games,"date, hometeam, htbf, usedh, visteam, winningpitcher",losingpitcher
Games,"hometeam, htbf, id, losingpitcher, visteam, winningpitcher",attendance
Games,"hometeam, htbf, id, losingpitcher, visteam, winningpitcher",sv
Games,"hometeam, htbf, id, losingpitcher, visteam, winningpitcher",location
Games,"hometeam, htbf, id, losingpitcher, visteam, winningpitcher",usedh
Games,"hometeam, htbf, id, losingpitcher, visteam, winningpitcher",date
Games,"date, hometeam, htbf, id, visteam, winningpitcher",attendance
Games,"date, hometeam, htbf, id, visteam, winningpitcher",sv
Games,"date, hometeam, htbf, id, visteam, winningpitcher",location
Games,"date, hometeam, htbf, id, visteam, winningpitcher",usedh
Games,"date, hometeam, htbf, id, visteam, winningpitcher",losingpitcher
Games,"date, hometeam, htbf, losingpitcher, visteam, winningpitcher",attendance
Games,"date, hometeam, htbf, losingpitcher, visteam, winningpitcher",sv
Games,"date, hometeam, htbf, losingpitcher, visteam, winningpitcher",location
Games,"date, hometeam, htbf, losingpitcher, visteam, winningpitcher",usedh
Games,"date, hometeam, htbf, losingpitcher, visteam, winningpitcher",id
Games,"hometeam, htbf, id, losingpitcher, usedh, winningpitcher",attendance
Games,"hometeam, htbf, id, losingpitcher, usedh, winningpitcher",sv
Games,"hometeam, htbf, id, losingpitcher, usedh, winningpitcher",visteam
Games,"hometeam, htbf, id, losingpitcher, usedh, winningpitcher",location
Games,"hometeam, htbf, id, losingpitcher, usedh, winningpitcher",date
Games,"date, hometeam, htbf, id, usedh, winningpitcher",attendance
Games,"date, hometeam, htbf, id, usedh, winningpitcher",sv
Games,"date, hometeam, htbf, id, usedh, winningpitcher",visteam
Games,"date, hometeam, htbf, id, usedh, winningpitcher",location
Games,"date, hometeam, htbf, id, usedh, winningpitcher",losingpitcher
Games,"date, hometeam, htbf, losingpitcher, usedh, winningpitcher",attendance
Games,"date, hometeam, htbf, losingpitcher, usedh, winningpitcher",sv
Games,"date, hometeam, htbf, losingpitcher, usedh, winningpitcher",visteam
Games,"date, hometeam, htbf, losingpitcher, usedh, winningpitcher",location
Games,"date, hometeam, htbf, losingpitcher, usedh, winningpitcher",id
Games,"date, hometeam, htbf, id, losingpitcher, winningpitcher",attendance
Games,"date, hometeam, htbf, id, losingpitcher, winningpitcher",sv
Games,"date, hometeam, htbf, id, losingpitcher, winningpitcher",visteam
Games,"date, hometeam, htbf, id, losingpitcher, winningpitcher",location
Games,"date, hometeam, htbf, id, losingpitcher, winningpitcher",usedh
Games,"htbf, id, location, usedh, visteam, winningpitcher",attendance
Games,"htbf, id, location, usedh, visteam, winningpitcher",sv
Games,"htbf, id, location, usedh, visteam, winningpitcher",hometeam
Games,"htbf, id, location, usedh, visteam, winningpitcher",losingpitcher
Games,"htbf, id, location, usedh, visteam, winningpitcher",date
Games,"htbf, location, losingpitcher, usedh, visteam, winningpitcher",attendance
Games,"htbf, location, losingpitcher, usedh, visteam, winningpitcher",sv
Games,"htbf, location, losingpitcher, usedh, visteam, winningpitcher",hometeam
Games,"htbf, location, losingpitcher, usedh, visteam, winningpitcher",id
Games,"htbf, location, losingpitcher, usedh, visteam, winningpitcher",date
Games,"date, htbf, location, usedh, visteam, winningpitcher",attendance
Games,"date, htbf, location, usedh, visteam, winningpitcher",sv
Games,"date, htbf, location, usedh, visteam, winningpitcher",hometeam
Games,"date, htbf, location, usedh, visteam, winningpitcher",id
Games,"date, htbf, location, usedh, visteam, winningpitcher",losingpitcher
Games,"htbf, id, location, losingpitcher, visteam, winningpitcher",attendance
Games,"htbf, id, location, losingpitcher, visteam, winningpitcher",sv
Games,"htbf, id, location, losingpitcher, visteam, winningpitcher",hometeam
Games,"htbf, id, location, losingpitcher, visteam, winningpitcher",usedh
Games,"htbf, id, location, losingpitcher, visteam, winningpitcher",date
Games,"date, htbf, id, location, visteam, winningpitcher",attendance
Games,"date, htbf, id, location, visteam, winningpitcher",sv
Games,"date, htbf, id, location, visteam, winningpitcher",hometeam
Games,"date, htbf, id, location, visteam, winningpitcher",usedh
Games,"date, htbf, id, location, visteam, winningpitcher",losingpitcher
Games,"date, htbf, location, losingpitcher, visteam, winningpitcher",attendance
Games,"date, htbf, location, losingpitcher, visteam, winningpitcher",sv
Games,"date, htbf, location, losingpitcher, visteam, winningpitcher",hometeam
Games,"date, htbf, location, losingpitcher, visteam, winningpitcher",usedh
Games,"date, htbf, location, losingpitcher, visteam, winningpitcher",id
Games,"htbf, id, location, losingpitcher, usedh, winningpitcher",attendance
Games,"htbf, id, location, losingpitcher, usedh, winningpitcher",sv
Games,"htbf, id, location, losingpitcher, usedh, winningpitcher",hometeam
Games,"htbf, id, location, losingpitcher, usedh, winningpitcher",visteam
Games,"htbf, id, location, losingpitcher, usedh, winningpitcher",date
Games,"date, htbf, id, location, usedh, winningpitcher",attendance
Games,"date, htbf, id, location, usedh, winningpitcher",sv
Games,"date, htbf, id, location, usedh, winningpitcher",hometeam
Games,"date, htbf, id, location, usedh, winningpitcher",visteam
Games,"date, htbf, id, location, usedh, winningpitcher",losingpitcher
Games,"date, htbf, location, losingpitcher, usedh, winningpitcher",attendance
Games,"date, htbf, location, losingpitcher, usedh, winningpitcher",sv
Games,"date, htbf, location, losingpitcher, usedh, winningpitcher",hometeam
Games,"date, htbf, location, losingpitcher, usedh, winningpitcher",visteam
Games,"date, htbf, location, losingpitcher, usedh, winningpitcher",id
Games,"date, htbf, id, location, losingpitcher, winningpitcher",attendance
Games,"date, htbf, id, location, losingpitcher, winningpitcher",sv
Games,"date, htbf, id, location, losingpitcher, winningpitcher",hometeam
Games,"date, htbf, id, location, losingpitcher, winningpitcher",visteam
Games,"date, htbf, id, location, losingpitcher, winningpitcher",usedh
Games,"htbf, id, losingpitcher, usedh, visteam, winningpitcher",attendance
Games,"htbf, id, losingpitcher, usedh, visteam, winningpitcher",sv
Games,"htbf, id, losingpitcher, usedh, visteam, winningpitcher",hometeam
Games,"htbf, id, losingpitcher, usedh, visteam, winningpitcher",location
Games,"htbf, id, losingpitcher, usedh, visteam, winningpitcher",date
Games,"date, htbf, id, usedh, visteam, winningpitcher",attendance
Games,"date, htbf, id, usedh, visteam, winningpitcher",sv
Games,"date, htbf, id, usedh, visteam, winningpitcher",hometeam
Games,"date, htbf, id, usedh, visteam, winningpitcher",location
Games,"date, htbf, id, usedh, visteam, winningpitcher",losingpitcher
Games,"date, htbf, losingpitcher, usedh, visteam, winningpitcher",attendance
Games,"date, htbf, losingpitcher, usedh, visteam, winningpitcher",sv
Games,"date, htbf, losingpitcher, usedh, visteam, winningpitcher",hometeam
Games,"date, htbf, losingpitcher, usedh, visteam, winningpitcher",location
Games,"date, htbf, losingpitcher, usedh, visteam, winningpitcher",id
Games,"date, htbf, id, losingpitcher, visteam, winningpitcher",attendance
Games,"date, htbf, id, losingpitcher, visteam, winningpitcher",sv
Games,"date, htbf, id, losingpitcher, visteam, winningpitcher",hometeam
Games,"date, htbf, id, losingpitcher, visteam, winningpitcher",location
Games,"date, htbf, id, losingpitcher, visteam, winningpitcher",usedh
Games,"date, htbf, id, losingpitcher, usedh, winningpitcher",attendance
Games,"date, htbf, id, losingpitcher, usedh, winningpitcher",sv
Games,"date, htbf, id, losingpitcher, usedh, winningpitcher",hometeam
Games,"date, htbf, id, losingpitcher, usedh, winningpitcher",visteam
Games,"date, htbf, id, losingpitcher, usedh, winningpitcher",location
Games,"hometeam, id, location, usedh, visteam, winningpitcher",attendance
Games,"hometeam, id, location, usedh, visteam, winningpitcher",sv
Games,"hometeam, id, location, usedh, visteam, winningpitcher",htbf
Games,"hometeam, id, location, usedh, visteam, winningpitcher",losingpitcher
Games,"hometeam, id, location, usedh, visteam, winningpitcher",date
Games,"date, hometeam, location, usedh, visteam, winningpitcher",attendance
Games,"date, hometeam, location, usedh, visteam, winningpitcher",sv
Games,"date, hometeam, location, usedh, visteam, winningpitcher",htbf
Games,"date, hometeam, location, usedh, visteam, winningpitcher",id
Games,"date, hometeam, location, usedh, visteam, winningpitcher",losingpitcher
Games,"hometeam, id, location, losingpitcher, visteam, winningpitcher",attendance
Games,"hometeam, id, location, losingpitcher, visteam, winningpitcher",sv
Games,"hometeam, id, location, losingpitcher, visteam, winningpitcher",htbf
Games,"hometeam, id, location, losingpitcher, visteam, winningpitcher",usedh
Games,"hometeam, id, location, losingpitcher, visteam, winningpitcher",date
Games,"date, hometeam, id, location, visteam, winningpitcher",attendance
Games,"date, hometeam, id, location, visteam, winningpitcher",sv
Games,"date, hometeam, id, location, visteam, winningpitcher",htbf
Games,"date, hometeam, id, location, visteam, winningpitcher",usedh
Games,"date, hometeam, id, location, visteam, winningpitcher",losingpitcher
Games,"date, hometeam, location, losingpitcher, visteam, winningpitcher",attendance
Games,"date, hometeam, location, losingpitcher, visteam, winningpitcher",sv
Games,"date, hometeam, location, losingpitcher, visteam, winningpitcher",htbf
Games,"date, hometeam, location, losingpitcher, visteam, winningpitcher",usedh
Games,"date, hometeam, location, losingpitcher, visteam, winningpitcher",id
Games,"hometeam, id, location, losingpitcher, usedh, winningpitcher",attendance
Games,"hometeam, id, location, losingpitcher, usedh, winningpitcher",sv
Games,"hometeam, id, location, losingpitcher, usedh, winningpitcher",htbf
Games,"hometeam, id, location, losingpitcher, usedh, winningpitcher",visteam
Games,"hometeam, id, location, losingpitcher, usedh, winningpitcher",date
Games,"date, hometeam, id, location, usedh, winningpitcher",attendance
Games,"date, hometeam, id, location, usedh, winningpitcher",sv
Games,"date, hometeam, id, location, usedh, winningpitcher",htbf
Games,"date, hometeam, id, location, usedh, winningpitcher",visteam
Games,"date, hometeam, id, location, usedh, winningpitcher",losingpitcher
Games,"date, hometeam, location, losingpitcher, usedh, winningpitcher",attendance
Games,"date, hometeam, location, losingpitcher, usedh, winningpitcher",sv
Games,"date, hometeam, location, losingpitcher, usedh, winningpitcher",htbf
Games,"date, hometeam, location, losingpitcher, usedh, winningpitcher",visteam
Games,"date, hometeam, location, losingpitcher, usedh, winningpitcher",id
Games,"date, hometeam, id, location, losingpitcher, winningpitcher",attendance
Games,"date, hometeam, id, location, losingpitcher, winningpitcher",sv
Games,"date, hometeam, id, location, losingpitcher, winningpitcher",htbf
Games,"date, hometeam, id, location, losingpitcher, winningpitcher",visteam
Games,"date, hometeam, id, location, losingpitcher, winningpitcher",usedh
Games,"hometeam, id, losingpitcher, usedh, visteam, winningpitcher",attendance
Games,"hometeam, id, losingpitcher, usedh, visteam, winningpitcher",sv
Games,"hometeam, id, losingpitcher, usedh, visteam, winningpitcher",htbf
Games,"hometeam, id, losingpitcher, usedh, visteam, winningpitcher",location
Games,"hometeam, id, losingpitcher, usedh, visteam, winningpitcher",date
Games,"date, hometeam, id, usedh, visteam, winningpitcher",attendance
Games,"date, hometeam, id, usedh, visteam, winningpitcher",sv
Games,"date, hometeam, id, usedh, visteam, winningpitcher",htbf
Games,"date, hometeam, id, usedh, visteam, winningpitcher",location
Games,"date, hometeam, id, usedh, visteam, winningpitcher",losingpitcher
Games,"date, hometeam, losingpitcher, usedh, visteam, winningpitcher",attendance
Games,"date, hometeam, losingpitcher, usedh, visteam, winningpitcher",sv
Games,"date, hometeam, losingpitcher, usedh, visteam, winningpitcher",htbf
Games,"date, hometeam, losingpitcher, usedh, visteam, winningpitcher",location
Games,"date, hometeam, losingpitcher, usedh, visteam, winningpitcher",id
Games,"date, hometeam, id, losingpitcher, visteam, winningpitcher",attendance
Games,"date, hometeam, id, losingpitcher, visteam, winningpitcher",sv
Games,"date, hometeam, id, losingpitcher, visteam, winningpitcher",htbf
Games,"date, hometeam, id, losingpitcher, visteam, winningpitcher",location
Games,"date, hometeam, id, losingpitcher, visteam, winningpitcher",usedh
Games,"date, hometeam, id, losingpitcher, usedh, winningpitcher",attendance
Games,"date, hometeam, id, losingpitcher, usedh, winningpitcher",sv
Games,"date, hometeam, id, losingpitcher, usedh, winningpitcher",htbf
Games,"date, hometeam, id, losingpitcher, usedh, winningpitcher",visteam
Games,"date, hometeam, id, losingpitcher, usedh, winningpitcher",location
Games,"id, location, losingpitcher, usedh, visteam, winningpitcher",attendance
Games,"id, location, losingpitcher, usedh, visteam, winningpitcher",sv
Games,"id, location, losingpitcher, usedh, visteam, winningpitcher",htbf
Games,"id, location, losingpitcher, usedh, visteam, winningpitcher",hometeam
Games,"id, location, losingpitcher, usedh, visteam, winningpitcher",date
Games,"date, id, location, usedh, visteam, winningpitcher",attendance
Games,"date, id, location, usedh, visteam, winningpitcher",sv
Games,"date, id, location, usedh, visteam, winningpitcher",htbf
Games,"date, id, location, usedh, visteam, winningpitcher",hometeam
Games,"date, id, location, usedh, visteam, winningpitcher",losingpitcher
Games,"date, location, losingpitcher, usedh, visteam, winningpitcher",attendance
Games,"date, location, losingpitcher, usedh, visteam, winningpitcher",sv
Games,"date, location, losingpitcher, usedh, visteam, winningpitcher",htbf
Games,"date, location, losingpitcher, usedh, visteam, winningpitcher",hometeam
Games,"date, location, losingpitcher, usedh, visteam, winningpitcher",id
Games,"date, id, location, losingpitcher, visteam, winningpitcher",attendance
Games,"date, id, location, losingpitcher, visteam, winningpitcher",sv
Games,"date, id, location, losingpitcher, visteam, winningpitcher",htbf
Games,"date, id, location, losingpitcher, visteam, winningpitcher",hometeam
Games,"date, id, location, losingpitcher, visteam, winningpitcher",usedh
Games,"date, id, location, losingpitcher, usedh, winningpitcher",attendance
Games,"date, id, location, losingpitcher, usedh, winningpitcher",sv
Games,"date, id, location, losingpitcher, usedh, winningpitcher",htbf
Games,"date, id, location, losingpitcher, usedh, winningpitcher",hometeam
Games,"date, id, location, losingpitcher, usedh, winningpitcher",visteam
Games,"date, id, losingpitcher, usedh, visteam, winningpitcher",attendance
Games,"date, id, losingpitcher, usedh, visteam, winningpitcher",sv
Games,"date, id, losingpitcher, usedh, visteam, winningpitcher",htbf
Games,"date, id, losingpitcher, usedh, visteam, winningpitcher",hometeam
Games,"date, id, losingpitcher, usedh, visteam, winningpitcher",location
Games,"attendance, hometeam, htbf, location, sv, visteam",winningpitcher
Games,"attendance, hometeam, htbf, location, sv, visteam",usedh
Games,"attendance, hometeam, htbf, location, sv, visteam",id
Games,"attendance, hometeam, htbf, location, sv, visteam",losingpitcher
Games,"attendance, hometeam, htbf, location, sv, visteam",date
Games,"attendance, hometeam, htbf, location, sv, usedh",winningpitcher
Games,"attendance, hometeam, htbf, location, sv, usedh",visteam
Games,"attendance, hometeam, htbf, location, sv, usedh",id
Games,"attendance, hometeam, htbf, location, sv, usedh",losingpitcher
Games,"attendance, hometeam, htbf, location, sv, usedh",date
Games,"attendance, hometeam, htbf, id, location, sv",winningpitcher
Games,"attendance, hometeam, htbf, id, location, sv",visteam
Games,"attendance, hometeam, htbf, id, location, sv",usedh
Games,"attendance, hometeam, htbf, id, location, sv",losingpitcher
Games,"attendance, hometeam, htbf, id, location, sv",date
Games,"attendance, hometeam, htbf, location, losingpitcher, sv",winningpitcher
Games,"attendance, hometeam, htbf, location, losingpitcher, sv",visteam
Games,"attendance, hometeam, htbf, location, losingpitcher, sv",usedh
Games,"attendance, hometeam, htbf, location, losingpitcher, sv",id
Games,"attendance, hometeam, htbf, location, losingpitcher, sv",date
Games,"attendance, date, hometeam, htbf, location, sv",winningpitcher
Games,"attendance, date, hometeam, htbf, location, sv",visteam
Games,"attendance, date, hometeam, htbf, location, sv",usedh
Games,"attendance, date, hometeam, htbf, location, sv",id
Games,"attendance, date, hometeam, htbf, location, sv",losingpitcher
Games,"attendance, hometeam, htbf, sv, usedh, visteam",winningpitcher
Games,"attendance, hometeam, htbf, sv, usedh, visteam",location
Games,"attendance, hometeam, htbf, sv, usedh, visteam",id
Games,"attendance, hometeam, htbf, sv, usedh, visteam",losingpitcher
Games,"attendance, hometeam, htbf, sv, usedh, visteam",date
Games,"attendance, hometeam, htbf, id, sv, visteam",winningpitcher
Games,"attendance, hometeam, htbf, id, sv, visteam",location
Games,"attendance, hometeam, htbf, id, sv, visteam",usedh
Games,"attendance, hometeam, htbf, id, sv, visteam",losingpitcher
Games,"attendance, hometeam, htbf, id, sv, visteam",date
Games,"attendance, hometeam, htbf, losingpitcher, sv, visteam",winningpitcher
Games,"attendance, hometeam, htbf, losingpitcher, sv, visteam",location
Games,"attendance, hometeam, htbf, losingpitcher, sv, visteam",usedh
Games,"attendance, hometeam, htbf, losingpitcher, sv, visteam",id
Games,"attendance, hometeam, htbf, losingpitcher, sv, visteam",date
Games,"attendance, date, hometeam, htbf, sv, visteam",winningpitcher
Games,"attendance, date, hometeam, htbf, sv, visteam",location
Games,"attendance, date, hometeam, htbf, sv, visteam",usedh
Games,"attendance, date, hometeam, htbf, sv, visteam",id
Games,"attendance, date, hometeam, htbf, sv, visteam",losingpitcher
Games,"attendance, hometeam, htbf, id, sv, usedh",winningpitcher
Games,"attendance, hometeam, htbf, id, sv, usedh",location
Games,"attendance, hometeam, htbf, id, sv, usedh",visteam
Games,"attendance, hometeam, htbf, id, sv, usedh",losingpitcher
Games,"attendance, hometeam, htbf, id, sv, usedh",date
Games,"attendance, hometeam, htbf, losingpitcher, sv, usedh",winningpitcher
Games,"attendance, hometeam, htbf, losingpitcher, sv, usedh",location
Games,"attendance, hometeam, htbf, losingpitcher, sv, usedh",visteam
Games,"attendance, hometeam, htbf, losingpitcher, sv, usedh",id
Games,"attendance, hometeam, htbf, losingpitcher, sv, usedh",date
Games,"attendance, date, hometeam, htbf, sv, usedh",winningpitcher
Games,"attendance, date, hometeam, htbf, sv, usedh",location
Games,"attendance, date, hometeam, htbf, sv, usedh",visteam
Games,"attendance, date, hometeam, htbf, sv, usedh",id
Games,"attendance, date, hometeam, htbf, sv, usedh",losingpitcher
Games,"attendance, hometeam, htbf, id, losingpitcher, sv",winningpitcher
Games,"attendance, hometeam, htbf, id, losingpitcher, sv",location
Games,"attendance, hometeam, htbf, id, losingpitcher, sv",visteam
Games,"attendance, hometeam, htbf, id, losingpitcher, sv",usedh
Games,"attendance, hometeam, htbf, id, losingpitcher, sv",date
Games,"attendance, date, hometeam, htbf, id, sv",winningpitcher
Games,"attendance, date, hometeam, htbf, id, sv",location
Games,"attendance, date, hometeam, htbf, id, sv",visteam
Games,"attendance, date, hometeam, htbf, id, sv",usedh
Games,"attendance, date, hometeam, htbf, id, sv",losingpitcher
Games,"attendance, date, hometeam, htbf, losingpitcher, sv",winningpitcher
Games,"attendance, date, hometeam, htbf, losingpitcher, sv",location
Games,"attendance, date, hometeam, htbf, losingpitcher, sv",visteam
Games,"attendance, date, hometeam, htbf, losingpitcher, sv",usedh
Games,"attendance, date, hometeam, htbf, losingpitcher, sv",id
Games,"attendance, htbf, location, sv, usedh, visteam",winningpitcher
Games,"attendance, htbf, location, sv, usedh, visteam",hometeam
Games,"attendance, htbf, location, sv, usedh, visteam",id
Games,"attendance, htbf, location, sv, usedh, visteam",losingpitcher
Games,"attendance, htbf, location, sv, usedh, visteam",date
Games,"attendance, htbf, id, location, sv, visteam",winningpitcher
Games,"attendance, htbf, id, location, sv, visteam",hometeam
Games,"attendance, htbf, id, location, sv, visteam",usedh
Games,"attendance, htbf, id, location, sv, visteam",losingpitcher
Games,"attendance, htbf, id, location, sv, visteam",date
Games,"attendance, htbf, location, losingpitcher, sv, visteam",winningpitcher
Games,"attendance, htbf, location, losingpitcher, sv, visteam",hometeam
Games,"attendance, htbf, location, losingpitcher, sv, visteam",usedh
Games,"attendance, htbf, location, losingpitcher, sv, visteam",id
Games,"attendance, htbf, location, losingpitcher, sv, visteam",date
Games,"attendance, date, htbf, location, sv, visteam",winningpitcher
Games,"attendance, date, htbf, location, sv, visteam",hometeam
Games,"attendance, date, htbf, location, sv, visteam",usedh
Games,"attendance, date, htbf, location, sv, visteam",id
Games,"attendance, date, htbf, location, sv, visteam",losingpitcher
Games,"attendance, htbf, id, location, sv, usedh",winningpitcher
Games,"attendance, htbf, id, location, sv, usedh",hometeam
Games,"attendance, htbf, id, location, sv, usedh",visteam
Games,"attendance, htbf, id, location, sv, usedh",losingpitcher
Games,"attendance, htbf, id, location, sv, usedh",date
Games,"attendance, htbf, location, losingpitcher, sv, usedh",winningpitcher
Games,"attendance, htbf, location, losingpitcher, sv, usedh",hometeam
Games,"attendance, htbf, location, losingpitcher, sv, usedh",visteam
Games,"attendance, htbf, location, losingpitcher, sv, usedh",id
Games,"attendance, htbf, location, losingpitcher, sv, usedh",date
Games,"attendance, date, htbf, location, sv, usedh",winningpitcher
Games,"attendance, date, htbf, location, sv, usedh",hometeam
Games,"attendance, date, htbf, location, sv, usedh",visteam
Games,"attendance, date, htbf, location, sv, usedh",id
Games,"attendance, date, htbf, location, sv, usedh",losingpitcher
Games,"attendance, htbf, id, location, losingpitcher, sv",winningpitcher
Games,"attendance, htbf, id, location, losingpitcher, sv",hometeam
Games,"attendance, htbf, id, location, losingpitcher, sv",visteam
Games,"attendance, htbf, id, location, losingpitcher, sv",usedh
Games,"attendance, htbf, id, location, losingpitcher, sv",date
Games,"attendance, date, htbf, id, location, sv",winningpitcher
Games,"attendance, date, htbf, id, location, sv",hometeam
Games,"attendance, date, htbf, id, location, sv",visteam
Games,"attendance, date, htbf, id, location, sv",usedh
Games,"attendance, date, htbf, id, location, sv",losingpitcher
Games,"attendance, date, htbf, location, losingpitcher, sv",winningpitcher
Games,"attendance, date, htbf, location, losingpitcher, sv",hometeam
Games,"attendance, date, htbf, location, losingpitcher, sv",visteam
Games,"attendance, date, htbf, location, losingpitcher, sv",usedh
Games,"attendance, date, htbf, location, losingpitcher, sv",id
Games,"attendance, htbf, id, sv, usedh, visteam",winningpitcher
Games,"attendance, htbf, id, sv, usedh, visteam",hometeam
Games,"attendance, htbf, id, sv, usedh, visteam",location
Games,"attendance, htbf, id, sv, usedh, visteam",losingpitcher
Games,"attendance, htbf, id, sv, usedh, visteam",date
Games,"attendance, htbf, losingpitcher, sv, usedh, visteam",winningpitcher
Games,"attendance, htbf, losingpitcher, sv, usedh, visteam",hometeam
Games,"attendance, htbf, losingpitcher, sv, usedh, visteam",location
Games,"attendance, htbf, losingpitcher, sv, usedh, visteam",id
Games,"attendance, htbf, losingpitcher, sv, usedh, visteam",date
Games,"attendance, date, htbf, sv, usedh, visteam",winningpitcher
Games,"attendance, date, htbf, sv, usedh, visteam",hometeam
Games,"attendance, date, htbf, sv, usedh, visteam",location
Games,"attendance, date, htbf, sv, usedh, visteam",id
Games,"attendance, date, htbf, sv, usedh, visteam",losingpitcher
Games,"attendance, htbf, id, losingpitcher, sv, visteam",winningpitcher
Games,"attendance, htbf, id, losingpitcher, sv, visteam",hometeam
Games,"attendance, htbf, id, losingpitcher, sv, visteam",location
Games,"attendance, htbf, id, losingpitcher, sv, visteam",usedh
Games,"attendance, htbf, id, losingpitcher, sv, visteam",date
Games,"attendance, date, htbf, id, sv, visteam",winningpitcher
Games,"attendance, date, htbf, id, sv, visteam",hometeam
Games,"attendance, date, htbf, id, sv, visteam",location
Games,"attendance, date, htbf, id, sv, visteam",usedh
Games,"attendance, date, htbf, id, sv, visteam",losingpitcher
Games,"attendance, date, htbf, losingpitcher, sv, visteam",winningpitcher
Games,"attendance, date, htbf, losingpitcher, sv, visteam",hometeam
Games,"attendance, date, htbf, losingpitcher, sv, visteam",location
Games,"attendance, date, htbf, losingpitcher, sv, visteam",usedh
Games,"attendance, date, htbf, losingpitcher, sv, visteam",id
Games,"attendance, htbf, id, losingpitcher, sv, usedh",winningpitcher
Games,"attendance, htbf, id, losingpitcher, sv, usedh",hometeam
Games,"attendance, htbf, id, losingpitcher, sv, usedh",location
Games,"attendance, htbf, id, losingpitcher, sv, usedh",visteam
Games,"attendance, htbf, id, losingpitcher, sv, usedh",date
Games,"attendance, date, htbf, id, sv, usedh",winningpitcher
Games,"attendance, date, htbf, id, sv, usedh",hometeam
Games,"attendance, date, htbf, id, sv, usedh",location
Games,"attendance, date, htbf, id, sv, usedh",visteam
Games,"attendance, date, htbf, id, sv, usedh",losingpitcher
Games,"attendance, date, htbf, losingpitcher, sv, usedh",winningpitcher
Games,"attendance, date, htbf, losingpitcher, sv, usedh",hometeam
Games,"attendance, date, htbf, losingpitcher, sv, usedh",location
Games,"attendance, date, htbf, losingpitcher, sv, usedh",visteam
Games,"attendance, date, htbf, losingpitcher, sv, usedh",id
Games,"attendance, date, htbf, id, losingpitcher, sv",winningpitcher
Games,"attendance, date, htbf, id, losingpitcher, sv",hometeam
Games,"attendance, date, htbf, id, losingpitcher, sv",location
Games,"attendance, date, htbf, id, losingpitcher, sv",visteam
Games,"attendance, date, htbf, id, losingpitcher, sv",usedh
Games,"attendance, hometeam, id, location, sv, visteam",winningpitcher
Games,"attendance, hometeam, id, location, sv, visteam",htbf
Games,"attendance, hometeam, id, location, sv, visteam",usedh
Games,"attendance, hometeam, id, location, sv, visteam",losingpitcher
Games,"attendance, hometeam, id, location, sv, visteam",date
Games,"attendance, hometeam, location, losingpitcher, sv, visteam",winningpitcher
Games,"attendance, hometeam, location, losingpitcher, sv, visteam",htbf
Games,"attendance, hometeam, location, losingpitcher, sv, visteam",usedh
Games,"attendance, hometeam, location, losingpitcher, sv, visteam",id
Games,"attendance, hometeam, location, losingpitcher, sv, visteam",date
Games,"attendance, date, hometeam, location, sv, visteam",winningpitcher
Games,"attendance, date, hometeam, location, sv, visteam",htbf
Games,"attendance, date, hometeam, location, sv, visteam",usedh
Games,"attendance, date, hometeam, location, sv, visteam",id
Games,"attendance, date, hometeam, location, sv, visteam",losingpitcher
Games,"attendance, hometeam, id, location, sv, usedh",winningpitcher
Games,"attendance, hometeam, id, location, sv, usedh",htbf
Games,"attendance, hometeam, id, location, sv, usedh",visteam
Games,"attendance, hometeam, id, location, sv, usedh",losingpitcher
Games,"attendance, hometeam, id, location, sv, usedh",date
Games,"attendance, hometeam, location, losingpitcher, sv, usedh",winningpitcher
Games,"attendance, hometeam, location, losingpitcher, sv, usedh",htbf
Games,"attendance, hometeam, location, losingpitcher, sv, usedh",visteam
Games,"attendance, hometeam, location, losingpitcher, sv, usedh",id
Games,"attendance, hometeam, location, losingpitcher, sv, usedh",date
Games,"attendance, date, hometeam, location, sv, usedh",winningpitcher
Games,"attendance, date, hometeam, location, sv, usedh",htbf
Games,"attendance, date, hometeam, location, sv, usedh",visteam
Games,"attendance, date, hometeam, location, sv, usedh",id
Games,"attendance, date, hometeam, location, sv, usedh",losingpitcher
Games,"attendance, hometeam, id, location, losingpitcher, sv",winningpitcher
Games,"attendance, hometeam, id, location, losingpitcher, sv",htbf
Games,"attendance, hometeam, id, location, losingpitcher, sv",visteam
Games,"attendance, hometeam, id, location, losingpitcher, sv",usedh
Games,"attendance, hometeam, id, location, losingpitcher, sv",date
Games,"attendance, date, hometeam, id, location, sv",winningpitcher
Games,"attendance, date, hometeam, id, location, sv",htbf
Games,"attendance, date, hometeam, id, location, sv",visteam
Games,"attendance, date, hometeam, id, location, sv",usedh
Games,"attendance, date, hometeam, id, location, sv",losingpitcher
Games,"attendance, date, hometeam, location, losingpitcher, sv",winningpitcher
Games,"attendance, date, hometeam, location, losingpitcher, sv",htbf
Games,"attendance, date, hometeam, location, losingpitcher, sv",visteam
Games,"attendance, date, hometeam, location, losingpitcher, sv",usedh
Games,"attendance, date, hometeam, location, losingpitcher, sv",id
Games,"attendance, hometeam, id, sv, usedh, visteam",winningpitcher
Games,"attendance, hometeam, id, sv, usedh, visteam",htbf
Games,"attendance, hometeam, id, sv, usedh, visteam",location
Games,"attendance, hometeam, id, sv, usedh, visteam",losingpitcher
Games,"attendance, hometeam, id, sv, usedh, visteam",date
Games,"attendance, hometeam, losingpitcher, sv, usedh, visteam",winningpitcher
Games,"attendance, hometeam, losingpitcher, sv, usedh, visteam",htbf
Games,"attendance, hometeam, losingpitcher, sv, usedh, visteam",location
Games,"attendance, hometeam, losingpitcher, sv, usedh, visteam",id
Games,"attendance, hometeam, losingpitcher, sv, usedh, visteam",date
Games,"attendance, date, hometeam, sv, usedh, visteam",winningpitcher
Games,"attendance, date, hometeam, sv, usedh, visteam",htbf
Games,"attendance, date, hometeam, sv, usedh, visteam",location
Games,"attendance, date, hometeam, sv, usedh, visteam",id
Games,"attendance, date, hometeam, sv, usedh, visteam",losingpitcher
Games,"attendance, hometeam, id, losingpitcher, sv, visteam",winningpitcher
Games,"attendance, hometeam, id, losingpitcher, sv, visteam",htbf
Games,"attendance, hometeam, id, losingpitcher, sv, visteam",location
Games,"attendance, hometeam, id, losingpitcher, sv, visteam",usedh
Games,"attendance, hometeam, id, losingpitcher, sv, visteam",date
Games,"attendance, date, hometeam, id, sv, visteam",winningpitcher
Games,"attendance, date, hometeam, id, sv, visteam",htbf
Games,"attendance, date, hometeam, id, sv, visteam",location
Games,"attendance, date, hometeam, id, sv, visteam",usedh
Games,"attendance, date, hometeam, id, sv, visteam",losingpitcher
Games,"attendance, date, hometeam, losingpitcher, sv, visteam",winningpitcher
Games,"attendance, date, hometeam, losingpitcher, sv, visteam",htbf
Games,"attendance, date, hometeam, losingpitcher, sv, visteam",location
Games,"attendance, date, hometeam, losingpitcher, sv, visteam",usedh
Games,"attendance, date, hometeam, losingpitcher, sv, visteam",id
Games,"attendance, hometeam, id, losingpitcher, sv, usedh",winningpitcher
Games,"attendance, hometeam, id, losingpitcher, sv, usedh",htbf
Games,"attendance, hometeam, id, losingpitcher, sv, usedh",location
Games,"attendance, hometeam, id, losingpitcher, sv, usedh",visteam
Games,"attendance, hometeam, id, losingpitcher, sv, usedh",date
Games,"attendance, date, hometeam, id, sv, usedh",winningpitcher
Games,"attendance, date, hometeam, id, sv, usedh",htbf
Games,"attendance, date, hometeam, id, sv, usedh",location
Games,"attendance, date, hometeam, id, sv, usedh",visteam
Games,"attendance, date, hometeam, id, sv, usedh",losingpitcher
Games,"attendance, date, hometeam, losingpitcher, sv, usedh",winningpitcher
Games,"attendance, date, hometeam, losingpitcher, sv, usedh",htbf
Games,"attendance, date, hometeam, losingpitcher, sv, usedh",location
Games,"attendance, date, hometeam, losingpitcher, sv, usedh",visteam
Games,"attendance, date, hometeam, losingpitcher, sv, usedh",id
Games,"attendance, date, hometeam, id, losingpitcher, sv",winningpitcher
Games,"attendance, date, hometeam, id, losingpitcher, sv",htbf
Games,"attendance, date, hometeam, id, losingpitcher, sv",location
Games,"attendance, date, hometeam, id, losingpitcher, sv",visteam
Games,"attendance, date, hometeam, id, losingpitcher, sv",usedh
Games,"attendance, id, location, sv, usedh, visteam",winningpitcher
Games,"attendance, id, location, sv, usedh, visteam",htbf
Games,"attendance, id, location, sv, usedh, visteam",hometeam
Games,"attendance, id, location, sv, usedh, visteam",losingpitcher
Games,"attendance, id, location, sv, usedh, visteam",date
Games,"attendance, location, losingpitcher, sv, usedh, visteam",winningpitcher
Games,"attendance, location, losingpitcher, sv, usedh, visteam",htbf
Games,"attendance, location, losingpitcher, sv, usedh, visteam",hometeam
Games,"attendance, location, losingpitcher, sv, usedh, visteam",id
Games,"attendance, location, losingpitcher, sv, usedh, visteam",date
Games,"attendance, date, location, sv, usedh, visteam",winningpitcher
Games,"attendance, date, location, sv, usedh, visteam",htbf
Games,"attendance, date, location, sv, usedh, visteam",hometeam
Games,"attendance, date, location, sv, usedh, visteam",id
Games,"attendance, date, location, sv, usedh, visteam",losingpitcher
Games,"attendance, id, location, losingpitcher, sv, visteam",winningpitcher
Games,"attendance, id, location, losingpitcher, sv, visteam",htbf
Games,"attendance, id, location, losingpitcher, sv, visteam",hometeam
Games,"attendance, id, location, losingpitcher, sv, visteam",usedh
Games,"attendance, id, location, losingpitcher, sv, visteam",date
Games,"attendance, date, id, location, sv, visteam",winningpitcher
Games,"attendance, date, id, location, sv, visteam",htbf
Games,"attendance, date, id, location, sv, visteam",hometeam
Games,"attendance, date, id, location, sv, visteam",usedh
Games,"attendance, date, id, location, sv, visteam",losingpitcher
Games,"attendance, date, location, losingpitcher, sv, visteam",winningpitcher
Games,"attendance, date, location, losingpitcher, sv, visteam",htbf
Games,"attendance, date, location, losingpitcher, sv, visteam",hometeam
Games,"attendance, date, location, losingpitcher, sv, visteam",usedh
Games,"attendance, date, location, losingpitcher, sv, visteam",id
Games,"attendance, id, location, losingpitcher, sv, usedh",winningpitcher
Games,"attendance, id, location, losingpitcher, sv, usedh",htbf
Games,"attendance, id, location, losingpitcher, sv, usedh",hometeam
Games,"attendance, id, location, losingpitcher, sv, usedh",visteam
Games,"attendance, id, location, losingpitcher, sv, usedh",date
Games,"attendance, date, id, location, sv, usedh",winningpitcher
Games,"attendance, date, id, location, sv, usedh",htbf
Games,"attendance, date, id, location, sv, usedh",hometeam
Games,"attendance, date, id, location, sv, usedh",visteam
Games,"attendance, date, id, location, sv, usedh",losingpitcher
Games,"attendance, date, location, losingpitcher, sv, usedh",winningpitcher
Games,"attendance, date, location, losingpitcher, sv, usedh",htbf
Games,"attendance, date, location, losingpitcher, sv, usedh",hometeam
Games,"attendance, date, location, losingpitcher, sv, usedh",visteam
Games,"attendance, date, location, losingpitcher, sv, usedh",id
Games,"attendance, date, id, location, losingpitcher, sv",winningpitcher
Games,"attendance, date, id, location, losingpitcher, sv",htbf
Games,"attendance, date, id, location, losingpitcher, sv",hometeam
Games,"attendance, date, id, location, losingpitcher, sv",visteam
Games,"attendance, date, id, location, losingpitcher, sv",usedh
Games,"attendance, id, losingpitcher, sv, usedh, visteam",winningpitcher
Games,"attendance, id, losingpitcher, sv, usedh, visteam",htbf
Games,"attendance, id, losingpitcher, sv, usedh, visteam",hometeam
Games,"attendance, id, losingpitcher, sv, usedh, visteam",location
Games,"attendance, id, losingpitcher, sv, usedh, visteam",date
Games,"attendance, date, id, sv, usedh, visteam",winningpitcher
Games,"attendance, date, id, sv, usedh, visteam",htbf
Games,"attendance, date, id, sv, usedh, visteam",hometeam
Games,"attendance, date, id, sv, usedh, visteam",location
Games,"attendance, date, id, sv, usedh, visteam",losingpitcher
Games,"attendance, date, losingpitcher, sv, usedh, visteam",winningpitcher
Games,"attendance, date, losingpitcher, sv, usedh, visteam",htbf
Games,"attendance, date, losingpitcher, sv, usedh, visteam",hometeam
Games,"attendance, date, losingpitcher, sv, usedh, visteam",location
Games,"attendance, date, losingpitcher, sv, usedh, visteam",id
Games,"attendance, date, id, losingpitcher, sv, visteam",winningpitcher
Games,"attendance, date, id, losingpitcher, sv, visteam",htbf
Games,"attendance, date, id, losingpitcher, sv, visteam",hometeam
Games,"attendance, date, id, losingpitcher, sv, visteam",location
Games,"attendance, date, id, losingpitcher, sv, visteam",usedh
Games,"attendance, date, id, losingpitcher, sv, usedh",winningpitcher
Games,"attendance, date, id, losingpitcher, sv, usedh",htbf
Games,"attendance, date, id, losingpitcher, sv, usedh",hometeam
Games,"attendance, date, id, losingpitcher, sv, usedh",location
Games,"attendance, date, id, losingpitcher, sv, usedh",visteam
Games,"attendance, hometeam, htbf, id, location, visteam",winningpitcher
Games,"attendance, hometeam, htbf, id, location, visteam",sv
Games,"attendance, hometeam, htbf, id, location, visteam",usedh
Games,"attendance, hometeam, htbf, id, location, visteam",losingpitcher
Games,"attendance, hometeam, htbf, id, location, visteam",date
Games,"attendance, hometeam, htbf, location, losingpitcher, visteam",winningpitcher
Games,"attendance, hometeam, htbf, location, losingpitcher, visteam",sv
Games,"attendance, hometeam, htbf, location, losingpitcher, visteam",usedh
Games,"attendance, hometeam, htbf, location, losingpitcher, visteam",id
Games,"attendance, hometeam, htbf, location, losingpitcher, visteam",date
Games,"attendance, date, hometeam, htbf, location, visteam",winningpitcher
Games,"attendance, date, hometeam, htbf, location, visteam",sv
Games,"attendance, date, hometeam, htbf, location, visteam",usedh
Games,"attendance, date, hometeam, htbf, location, visteam",id
Games,"attendance, date, hometeam, htbf, location, visteam",losingpitcher
Games,"attendance, hometeam, htbf, id, location, usedh",winningpitcher
Games,"attendance, hometeam, htbf, id, location, usedh",sv
Games,"attendance, hometeam, htbf, id, location, usedh",visteam
Games,"attendance, hometeam, htbf, id, location, usedh",losingpitcher
Games,"attendance, hometeam, htbf, id, location, usedh",date
Games,"attendance, hometeam, htbf, location, losingpitcher, usedh",winningpitcher
Games,"attendance, hometeam, htbf, location, losingpitcher, usedh",sv
Games,"attendance, hometeam, htbf, location, losingpitcher, usedh",visteam
Games,"attendance, hometeam, htbf, location, losingpitcher, usedh",id
Games,"attendance, hometeam, htbf, location, losingpitcher, usedh",date
Games,"attendance, date, hometeam, htbf, location, usedh",winningpitcher
Games,"attendance, date, hometeam, htbf, location, usedh",sv
Games,"attendance, date, hometeam, htbf, location, usedh",visteam
Games,"attendance, date, hometeam, htbf, location, usedh",id
Games,"attendance, date, hometeam, htbf, location, usedh",losingpitcher
Games,"attendance, hometeam, htbf, id, location, losingpitcher",winningpitcher
Games,"attendance, hometeam, htbf, id, location, losingpitcher",sv
Games,"attendance, hometeam, htbf, id, location, losingpitcher",visteam
Games,"attendance, hometeam, htbf, id, location, losingpitcher",usedh
Games,"attendance, hometeam, htbf, id, location, losingpitcher",date
Games,"attendance, date, hometeam, htbf, id, location",winningpitcher
Games,"attendance, date, hometeam, htbf, id, location",sv
Games,"attendance, date, hometeam, htbf, id, location",visteam
Games,"attendance, date, hometeam, htbf, id, location",usedh
Games,"attendance, date, hometeam, htbf, id, location",losingpitcher
Games,"attendance, date, hometeam, htbf, location, losingpitcher",winningpitcher
Games,"attendance, date, hometeam, htbf, location, losingpitcher",sv
Games,"attendance, date, hometeam, htbf, location, losingpitcher",visteam
Games,"attendance, date, hometeam, htbf, location, losingpitcher",usedh
Games,"attendance, date, hometeam, htbf, location, losingpitcher",id
Games,"attendance, hometeam, htbf, id, usedh, visteam",winningpitcher
Games,"attendance, hometeam, htbf, id, usedh, visteam",sv
Games,"attendance, hometeam, htbf, id, usedh, visteam",location
Games,"attendance, hometeam, htbf, id, usedh, visteam",losingpitcher
Games,"attendance, hometeam, htbf, id, usedh, visteam",date
Games,"attendance, hometeam, htbf, losingpitcher, usedh, visteam",winningpitcher
Games,"attendance, hometeam, htbf, losingpitcher, usedh, visteam",sv
Games,"attendance, hometeam, htbf, losingpitcher, usedh, visteam",location
Games,"attendance, hometeam, htbf, losingpitcher, usedh, visteam",id
Games,"attendance, hometeam, htbf, losingpitcher, usedh, visteam",date
Games,"attendance, date, hometeam, htbf, usedh, visteam",winningpitcher
Games,"attendance, date, hometeam, htbf, usedh, visteam",sv
Games,"attendance, date, hometeam, htbf, usedh, visteam",location
Games,"attendance, date, hometeam, htbf, usedh, visteam",id
Games,"attendance, date, hometeam, htbf, usedh, visteam",losingpitcher
Games,"attendance, hometeam, htbf, id, losingpitcher, visteam",winningpitcher
Games,"attendance, hometeam, htbf, id, losingpitcher, visteam",sv
Games,"attendance, hometeam, htbf, id, losingpitcher, visteam",location
Games,"attendance, hometeam, htbf, id, losingpitcher, visteam",usedh
Games,"attendance, hometeam, htbf, id, losingpitcher, visteam",date
Games,"attendance, date, hometeam, htbf, id, visteam",winningpitcher
Games,"attendance, date, hometeam, htbf, id, visteam",sv
Games,"attendance, date, hometeam, htbf, id, visteam",location
Games,"attendance, date, hometeam, htbf, id, visteam",usedh
Games,"attendance, date, hometeam, htbf, id, visteam",losingpitcher
Games,"attendance, date, hometeam, htbf, losingpitcher, visteam",winningpitcher
Games,"attendance, date, hometeam, htbf, losingpitcher, visteam",sv
Games,"attendance, date, hometeam, htbf, losingpitcher, visteam",location
Games,"attendance, date, hometeam, htbf, losingpitcher, visteam",usedh
Games,"attendance, date, hometeam, htbf, losingpitcher, visteam",id
Games,"attendance, hometeam, htbf, id, losingpitcher, usedh",winningpitcher
Games,"attendance, hometeam, htbf, id, losingpitcher, usedh",sv
Games,"attendance, hometeam, htbf, id, losingpitcher, usedh",location
Games,"attendance, hometeam, htbf, id, losingpitcher, usedh",visteam
Games,"attendance, hometeam, htbf, id, losingpitcher, usedh",date
Games,"attendance, date, hometeam, htbf, id, usedh",winningpitcher
Games,"attendance, date, hometeam, htbf, id, usedh",sv
Games,"attendance, date, hometeam, htbf, id, usedh",location
Games,"attendance, date, hometeam, htbf, id, usedh",visteam
Games,"attendance, date, hometeam, htbf, id, usedh",losingpitcher
Games,"attendance, date, hometeam, htbf, losingpitcher, usedh",winningpitcher
Games,"attendance, date, hometeam, htbf, losingpitcher, usedh",sv
Games,"attendance, date, hometeam, htbf, losingpitcher, usedh",location
Games,"attendance, date, hometeam, htbf, losingpitcher, usedh",visteam
Games,"attendance, date, hometeam, htbf, losingpitcher, usedh",id
Games,"attendance, date, hometeam, htbf, id, losingpitcher",winningpitcher
Games,"attendance, date, hometeam, htbf, id, losingpitcher",sv
Games,"attendance, date, hometeam, htbf, id, losingpitcher",location
Games,"attendance, date, hometeam, htbf, id, losingpitcher",visteam
Games,"attendance, date, hometeam, htbf, id, losingpitcher",usedh
Games,"attendance, htbf, id, location, usedh, visteam",winningpitcher
Games,"attendance, htbf, id, location, usedh, visteam",sv
Games,"attendance, htbf, id, location, usedh, visteam",hometeam
Games,"attendance, htbf, id, location, usedh, visteam",losingpitcher
Games,"attendance, htbf, id, location, usedh, visteam",date
Games,"attendance, htbf, location, losingpitcher, usedh, visteam",winningpitcher
Games,"attendance, htbf, location, losingpitcher, usedh, visteam",sv
Games,"attendance, htbf, location, losingpitcher, usedh, visteam",hometeam
Games,"attendance, htbf, location, losingpitcher, usedh, visteam",id
Games,"attendance, htbf, location, losingpitcher, usedh, visteam",date
Games,"attendance, date, htbf, location, usedh, visteam",winningpitcher
Games,"attendance, date, htbf, location, usedh, visteam",sv
Games,"attendance, date, htbf, location, usedh, visteam",hometeam
Games,"attendance, date, htbf, location, usedh, visteam",id
Games,"attendance, date, htbf, location, usedh, visteam",losingpitcher
Games,"attendance, htbf, id, location, losingpitcher, visteam",winningpitcher
Games,"attendance, htbf, id, location, losingpitcher, visteam",sv
Games,"attendance, htbf, id, location, losingpitcher, visteam",hometeam
Games,"attendance, htbf, id, location, losingpitcher, visteam",usedh
Games,"attendance, htbf, id, location, losingpitcher, visteam",date
Games,"attendance, date, htbf, id, location, visteam",winningpitcher
Games,"attendance, date, htbf, id, location, visteam",sv
Games,"attendance, date, htbf, id, location, visteam",hometeam
Games,"attendance, date, htbf, id, location, visteam",usedh
Games,"attendance, date, htbf, id, location, visteam",losingpitcher
Games,"attendance, date, htbf, location, losingpitcher, visteam",winningpitcher
Games,"attendance, date, htbf, location, losingpitcher, visteam",sv
Games,"attendance, date, htbf, location, losingpitcher, visteam",hometeam
Games,"attendance, date, htbf, location, losingpitcher, visteam",usedh
Games,"attendance, date, htbf, location, losingpitcher, visteam",id
Games,"attendance, htbf, id, location, losingpitcher, usedh",winningpitcher
Games,"attendance, htbf, id, location, losingpitcher, usedh",sv
Games,"attendance, htbf, id, location, losingpitcher, usedh",hometeam
Games,"attendance, htbf, id, location, losingpitcher, usedh",visteam
Games,"attendance, htbf, id, location, losingpitcher, usedh",date
Games,"attendance, date, htbf, id, location, usedh",winningpitcher
Games,"attendance, date, htbf, id, location, usedh",sv
Games,"attendance, date, htbf, id, location, usedh",hometeam
Games,"attendance, date, htbf, id, location, usedh",visteam
Games,"attendance, date, htbf, id, location, usedh",losingpitcher
Games,"attendance, date, htbf, location, losingpitcher, usedh",winningpitcher
Games,"attendance, date, htbf, location, losingpitcher, usedh",sv
Games,"attendance, date, htbf, location, losingpitcher, usedh",hometeam
Games,"attendance, date, htbf, location, losingpitcher, usedh",visteam
Games,"attendance, date, htbf, location, losingpitcher, usedh",id
Games,"attendance, date, htbf, id, location, losingpitcher",winningpitcher
Games,"attendance, date, htbf, id, location, losingpitcher",sv
Games,"attendance, date, htbf, id, location, losingpitcher",hometeam
Games,"attendance, date, htbf, id, location, losingpitcher",visteam
Games,"attendance, date, htbf, id, location, losingpitcher",usedh
Games,"attendance, htbf, id, losingpitcher, usedh, visteam",winningpitcher
Games,"attendance, htbf, id, losingpitcher, usedh, visteam",sv
Games,"attendance, htbf, id, losingpitcher, usedh, visteam",hometeam
Games,"attendance, htbf, id, losingpitcher, usedh, visteam",location
Games,"attendance, htbf, id, losingpitcher, usedh, visteam",date
Games,"attendance, date, htbf, id, usedh, visteam",winningpitcher
Games,"attendance, date, htbf, id, usedh, visteam",sv
Games,"attendance, date, htbf, id, usedh, visteam",hometeam
Games,"attendance, date, htbf, id, usedh, visteam",location
Games,"attendance, date, htbf, id, usedh, visteam",losingpitcher
Games,"attendance, date, htbf, losingpitcher, usedh, visteam",winningpitcher
Games,"attendance, date, htbf, losingpitcher, usedh, visteam",sv
Games,"attendance, date, htbf, losingpitcher, usedh, visteam",hometeam
Games,"attendance, date, htbf, losingpitcher, usedh, visteam",location
Games,"attendance, date, htbf, losingpitcher, usedh, visteam",id
Games,"attendance, date, htbf, id, losingpitcher, visteam",winningpitcher
Games,"attendance, date, htbf, id, losingpitcher, visteam",sv
Games,"attendance, date, htbf, id, losingpitcher, visteam",hometeam
Games,"attendance, date, htbf, id, losingpitcher, visteam",location
Games,"attendance, date, htbf, id, losingpitcher, visteam",usedh
Games,"attendance, date, htbf, id, losingpitcher, usedh",winningpitcher
Games,"attendance, date, htbf, id, losingpitcher, usedh",sv
Games,"attendance, date, htbf, id, losingpitcher, usedh",hometeam
Games,"attendance, date, htbf, id, losingpitcher, usedh",location
Games,"attendance, date, htbf, id, losingpitcher, usedh",visteam
Games,"attendance, hometeam, id, location, usedh, visteam",winningpitcher
Games,"attendance, hometeam, id, location, usedh, visteam",sv
Games,"attendance, hometeam, id, location, usedh, visteam",htbf
Games,"attendance, hometeam, id, location, usedh, visteam",losingpitcher
Games,"attendance, hometeam, id, location, usedh, visteam",date
Games,"attendance, hometeam, location, losingpitcher, usedh, visteam",winningpitcher
Games,"attendance, hometeam, location, losingpitcher, usedh, visteam",sv
Games,"attendance, hometeam, location, losingpitcher, usedh, visteam",htbf
Games,"attendance, hometeam, location, losingpitcher, usedh, visteam",id
Games,"attendance, hometeam, location, losingpitcher, usedh, visteam",date
Games,"attendance, hometeam, id, location, losingpitcher, visteam",winningpitcher
Games,"attendance, hometeam, id, location, losingpitcher, visteam",sv
Games,"attendance, hometeam, id, location, losingpitcher, visteam",htbf
Games,"attendance, hometeam, id, location, losingpitcher, visteam",usedh
Games,"attendance, hometeam, id, location, losingpitcher, visteam",date
Games,"attendance, date, hometeam, id, location, visteam",winningpitcher
Games,"attendance, date, hometeam, id, location, visteam",sv
Games,"attendance, date, hometeam, id, location, visteam",htbf
Games,"attendance, date, hometeam, id, location, visteam",usedh
Games,"attendance, date, hometeam, id, location, visteam",losingpitcher
Games,"attendance, date, hometeam, location, losingpitcher, visteam",winningpitcher
Games,"attendance, date, hometeam, location, losingpitcher, visteam",sv
Games,"attendance, date, hometeam, location, losingpitcher, visteam",htbf
Games,"attendance, date, hometeam, location, losingpitcher, visteam",usedh
Games,"attendance, date, hometeam, location, losingpitcher, visteam",id
Games,"attendance, hometeam, id, location, losingpitcher, usedh",winningpitcher
Games,"attendance, hometeam, id, location, losingpitcher, usedh",sv
Games,"attendance, hometeam, id, location, losingpitcher, usedh",htbf
Games,"attendance, hometeam, id, location, losingpitcher, usedh",visteam
Games,"attendance, hometeam, id, location, losingpitcher, usedh",date
Games,"attendance, date, hometeam, id, location, usedh",winningpitcher
Games,"attendance, date, hometeam, id, location, usedh",sv
Games,"attendance, date, hometeam, id, location, usedh",htbf
Games,"attendance, date, hometeam, id, location, usedh",visteam
Games,"attendance, date, hometeam, id, location, usedh",losingpitcher
Games,"attendance, date, hometeam, location, losingpitcher, usedh",winningpitcher
Games,"attendance, date, hometeam, location, losingpitcher, usedh",sv
Games,"attendance, date, hometeam, location, losingpitcher, usedh",htbf
Games,"attendance, date, hometeam, location, losingpitcher, usedh",visteam
Games,"attendance, date, hometeam, location, losingpitcher, usedh",id
Games,"attendance, date, hometeam, id, location, losingpitcher",winningpitcher
Games,"attendance, date, hometeam, id, location, losingpitcher",sv
Games,"attendance, date, hometeam, id, location, losingpitcher",htbf
Games,"attendance, date, hometeam, id, location, losingpitcher",visteam
Games,"attendance, date, hometeam, id, location, losingpitcher",usedh
Games,"attendance, hometeam, id, losingpitcher, usedh, visteam",winningpitcher
Games,"attendance, hometeam, id, losingpitcher, usedh, visteam",sv
Games,"attendance, hometeam, id, losingpitcher, usedh, visteam",htbf
Games,"attendance, hometeam, id, losingpitcher, usedh, visteam",location
Games,"attendance, hometeam, id, losingpitcher, usedh, visteam",date
Games,"attendance, date, hometeam, id, usedh, visteam",winningpitcher
Games,"attendance, date, hometeam, id, usedh, visteam",sv
Games,"attendance, date, hometeam, id, usedh, visteam",htbf
Games,"attendance, date, hometeam, id, usedh, visteam",location
Games,"attendance, date, hometeam, id, usedh, visteam",losingpitcher
Games,"attendance, date, hometeam, losingpitcher, usedh, visteam",winningpitcher
Games,"attendance, date, hometeam, losingpitcher, usedh, visteam",sv
Games,"attendance, date, hometeam, losingpitcher, usedh, visteam",htbf
Games,"attendance, date, hometeam, losingpitcher, usedh, visteam",location
Games,"attendance, date, hometeam, losingpitcher, usedh, visteam",id
Games,"attendance, date, hometeam, id, losingpitcher, visteam",winningpitcher
Games,"attendance, date, hometeam, id, losingpitcher, visteam",sv
Games,"attendance, date, hometeam, id, losingpitcher, visteam",htbf
Games,"attendance, date, hometeam, id, losingpitcher, visteam",location
Games,"attendance, date, hometeam, id, losingpitcher, visteam",usedh
Games,"attendance, date, hometeam, id, losingpitcher, usedh",winningpitcher
Games,"attendance, date, hometeam, id, losingpitcher, usedh",sv
Games,"attendance, date, hometeam, id, losingpitcher, usedh",htbf
Games,"attendance, date, hometeam, id, losingpitcher, usedh",location
Games,"attendance, date, hometeam, id, losingpitcher, usedh",visteam
Games,"attendance, id, location, losingpitcher, usedh, visteam",winningpitcher
Games,"attendance, id, location, losingpitcher, usedh, visteam",sv
Games,"attendance, id, location, losingpitcher, usedh, visteam",htbf
Games,"attendance, id, location, losingpitcher, usedh, visteam",hometeam
Games,"attendance, id, location, losingpitcher, usedh, visteam",date
Games,"attendance, date, id, location, usedh, visteam",winningpitcher
Games,"attendance, date, id, location, usedh, visteam",sv
Games,"attendance, date, id, location, usedh, visteam",htbf
Games,"attendance, date, id, location, usedh, visteam",hometeam
Games,"attendance, date, id, location, usedh, visteam",losingpitcher
Games,"attendance, date, location, losingpitcher, usedh, visteam",winningpitcher
Games,"attendance, date, location, losingpitcher, usedh, visteam",sv
Games,"attendance, date, location, losingpitcher, usedh, visteam",htbf
Games,"attendance, date, location, losingpitcher, usedh, visteam",hometeam
Games,"attendance, date, location, losingpitcher, usedh, visteam",id
Games,"attendance, date, id, location, losingpitcher, visteam",winningpitcher
Games,"attendance, date, id, location, losingpitcher, visteam",sv
Games,"attendance, date, id, location, losingpitcher, visteam",htbf
Games,"attendance, date, id, location, losingpitcher, visteam",hometeam
Games,"attendance, date, id, location, losingpitcher, visteam",usedh
Games,"attendance, date, id, location, losingpitcher, usedh",winningpitcher
Games,"attendance, date, id, location, losingpitcher, usedh",sv
Games,"attendance, date, id, location, losingpitcher, usedh",htbf
Games,"attendance, date, id, location, losingpitcher, usedh",hometeam
Games,"attendance, date, id, location, losingpitcher, usedh",visteam
Games,"attendance, date, id, losingpitcher, usedh, visteam",winningpitcher
Games,"attendance, date, id, losingpitcher, usedh, visteam",sv
Games,"attendance, date, id, losingpitcher, usedh, visteam",htbf
Games,"attendance, date, id, losingpitcher, usedh, visteam",hometeam
Games,"attendance, date, id, losingpitcher, usedh, visteam",location
Games,"hometeam, htbf, location, sv, usedh, visteam",winningpitcher
Games,"hometeam, htbf, location, sv, usedh, visteam",attendance
Games,"hometeam, htbf, location, sv, usedh, visteam",id
Games,"hometeam, htbf, location, sv, usedh, visteam",losingpitcher
Games,"hometeam, htbf, location, sv, usedh, visteam",date
Games,"hometeam, htbf, id, location, sv, visteam",winningpitcher
Games,"hometeam, htbf, id, location, sv, visteam",attendance
Games,"hometeam, htbf, id, location, sv, visteam",usedh
Games,"hometeam, htbf, id, location, sv, visteam",losingpitcher
Games,"hometeam, htbf, id, location, sv, visteam",date
Games,"hometeam, htbf, location, losingpitcher, sv, visteam",winningpitcher
Games,"hometeam, htbf, location, losingpitcher, sv, visteam",attendance
Games,"hometeam, htbf, location, losingpitcher, sv, visteam",usedh
Games,"hometeam, htbf, location, losingpitcher, sv, visteam",id
Games,"hometeam, htbf, location, losingpitcher, sv, visteam",date
Games,"date, hometeam, htbf, location, sv, visteam",winningpitcher
Games,"date, hometeam, htbf, location, sv, visteam",attendance
Games,"date, hometeam, htbf, location, sv, visteam",usedh
Games,"date, hometeam, htbf, location, sv, visteam",id
Games,"date, hometeam, htbf, location, sv, visteam",losingpitcher
Games,"hometeam, htbf, id, location, sv, usedh",winningpitcher
Games,"hometeam, htbf, id, location, sv, usedh",attendance
Games,"hometeam, htbf, id, location, sv, usedh",visteam
Games,"hometeam, htbf, id, location, sv, usedh",losingpitcher
Games,"hometeam, htbf, id, location, sv, usedh",date
Games,"hometeam, htbf, location, losingpitcher, sv, usedh",winningpitcher
Games,"hometeam, htbf, location, losingpitcher, sv, usedh",attendance
Games,"hometeam, htbf, location, losingpitcher, sv, usedh",visteam
Games,"hometeam, htbf, location, losingpitcher, sv, usedh",id
Games,"hometeam, htbf, location, losingpitcher, sv, usedh",date
Games,"date, hometeam, htbf, location, sv, usedh",winningpitcher
Games,"date, hometeam, htbf, location, sv, usedh",attendance
Games,"date, hometeam, htbf, location, sv, usedh",visteam
Games,"date, hometeam, htbf, location, sv, usedh",id
Games,"date, hometeam, htbf, location, sv, usedh",losingpitcher
Games,"hometeam, htbf, id, location, losingpitcher, sv",winningpitcher
Games,"hometeam, htbf, id, location, losingpitcher, sv",attendance
Games,"hometeam, htbf, id, location, losingpitcher, sv",visteam
Games,"hometeam, htbf, id, location, losingpitcher, sv",usedh
Games,"hometeam, htbf, id, location, losingpitcher, sv",date
Games,"date, hometeam, htbf, id, location, sv",winningpitcher
Games,"date, hometeam, htbf, id, location, sv",attendance
Games,"date, hometeam, htbf, id, location, sv",visteam
Games,"date, hometeam, htbf, id, location, sv",usedh
Games,"date, hometeam, htbf, id, location, sv",losingpitcher
Games,"date, hometeam, htbf, location, losingpitcher, sv",winningpitcher
Games,"date, hometeam, htbf, location, losingpitcher, sv",attendance
Games,"date, hometeam, htbf, location, losingpitcher, sv",visteam
Games,"date, hometeam, htbf, location, losingpitcher, sv",usedh
Games,"date, hometeam, htbf, location, losingpitcher, sv",id
Games,"hometeam, htbf, id, sv, usedh, visteam",winningpitcher
Games,"hometeam, htbf, id, sv, usedh, visteam",attendance
Games,"hometeam, htbf, id, sv, usedh, visteam",location
Games,"hometeam, htbf, id, sv, usedh, visteam",losingpitcher
Games,"hometeam, htbf, id, sv, usedh, visteam",date
Games,"hometeam, htbf, losingpitcher, sv, usedh, visteam",winningpitcher
Games,"hometeam, htbf, losingpitcher, sv, usedh, visteam",attendance
Games,"hometeam, htbf, losingpitcher, sv, usedh, visteam",location
Games,"hometeam, htbf, losingpitcher, sv, usedh, visteam",id
Games,"hometeam, htbf, losingpitcher, sv, usedh, visteam",date
Games,"date, hometeam, htbf, sv, usedh, visteam",winningpitcher
Games,"date, hometeam, htbf, sv, usedh, visteam",attendance
Games,"date, hometeam, htbf, sv, usedh, visteam",location
Games,"date, hometeam, htbf, sv, usedh, visteam",id
Games,"date, hometeam, htbf, sv, usedh, visteam",losingpitcher
Games,"hometeam, htbf, id, losingpitcher, sv, visteam",winningpitcher
Games,"hometeam, htbf, id, losingpitcher, sv, visteam",attendance
Games,"hometeam, htbf, id, losingpitcher, sv, visteam",location
Games,"hometeam, htbf, id, losingpitcher, sv, visteam",usedh
Games,"hometeam, htbf, id, losingpitcher, sv, visteam",date
Games,"date, hometeam, htbf, id, sv, visteam",winningpitcher
Games,"date, hometeam, htbf, id, sv, visteam",attendance
Games,"date, hometeam, htbf, id, sv, visteam",location
Games,"date, hometeam, htbf, id, sv, visteam",usedh
Games,"date, hometeam, htbf, id, sv, visteam",losingpitcher
Games,"date, hometeam, htbf, losingpitcher, sv, visteam",winningpitcher
Games,"date, hometeam, htbf, losingpitcher, sv, visteam",attendance
Games,"date, hometeam, htbf, losingpitcher, sv, visteam",location
Games,"date, hometeam, htbf, losingpitcher, sv, visteam",usedh
Games,"date, hometeam, htbf, losingpitcher, sv, visteam",id
Games,"hometeam, htbf, id, losingpitcher, sv, usedh",winningpitcher
Games,"hometeam, htbf, id, losingpitcher, sv, usedh",attendance
Games,"hometeam, htbf, id, losingpitcher, sv, usedh",visteam
Games,"hometeam, htbf, id, losingpitcher, sv, usedh",location
Games,"hometeam, htbf, id, losingpitcher, sv, usedh",date
Games,"date, hometeam, htbf, id, sv, usedh",winningpitcher
Games,"date, hometeam, htbf, id, sv, usedh",attendance
Games,"date, hometeam, htbf, id, sv, usedh",visteam
Games,"date, hometeam, htbf, id, sv, usedh",location
Games,"date, hometeam, htbf, id, sv, usedh",losingpitcher
Games,"date, hometeam, htbf, losingpitcher, sv, usedh",winningpitcher
Games,"date, hometeam, htbf, losingpitcher, sv, usedh",attendance
Games,"date, hometeam, htbf, losingpitcher, sv, usedh",visteam
Games,"date, hometeam, htbf, losingpitcher, sv, usedh",location
Games,"date, hometeam, htbf, losingpitcher, sv, usedh",id
Games,"date, hometeam, htbf, id, losingpitcher, sv",winningpitcher
Games,"date, hometeam, htbf, id, losingpitcher, sv",attendance
Games,"date, hometeam, htbf, id, losingpitcher, sv",visteam
Games,"date, hometeam, htbf, id, losingpitcher, sv",location
Games,"date, hometeam, htbf, id, losingpitcher, sv",usedh
Games,"htbf, id, location, sv, usedh, visteam",winningpitcher
Games,"htbf, id, location, sv, usedh, visteam",attendance
Games,"htbf, id, location, sv, usedh, visteam",hometeam
Games,"htbf, id, location, sv, usedh, visteam",losingpitcher
Games,"htbf, id, location, sv, usedh, visteam",date
Games,"htbf, location, losingpitcher, sv, usedh, visteam",winningpitcher
Games,"htbf, location, losingpitcher, sv, usedh, visteam",attendance
Games,"htbf, location, losingpitcher, sv, usedh, visteam",hometeam
Games,"htbf, location, losingpitcher, sv, usedh, visteam",id
Games,"htbf, location, losingpitcher, sv, usedh, visteam",date
Games,"date, htbf, location, sv, usedh, visteam",winningpitcher
Games,"date, htbf, location, sv, usedh, visteam",attendance
Games,"date, htbf, location, sv, usedh, visteam",hometeam
Games,"date, htbf, location, sv, usedh, visteam",id
Games,"date, htbf, location, sv, usedh, visteam",losingpitcher
Games,"htbf, id, location, losingpitcher, sv, visteam",winningpitcher
Games,"htbf, id, location, losingpitcher, sv, visteam",attendance
Games,"htbf, id, location, losingpitcher, sv, visteam",hometeam
Games,"htbf, id, location, losingpitcher, sv, visteam",usedh
Games,"htbf, id, location, losingpitcher, sv, visteam",date
Games,"date, htbf, id, location, sv, visteam",winningpitcher
Games,"date, htbf, id, location, sv, visteam",attendance
Games,"date, htbf, id, location, sv, visteam",hometeam
Games,"date, htbf, id, location, sv, visteam",usedh
Games,"date, htbf, id, location, sv, visteam",losingpitcher
Games,"date, htbf, location, losingpitcher, sv, visteam",winningpitcher
Games,"date, htbf, location, losingpitcher, sv, visteam",attendance
Games,"date, htbf, location, losingpitcher, sv, visteam",hometeam
Games,"date, htbf, location, losingpitcher, sv, visteam",usedh
Games,"date, htbf, location, losingpitcher, sv, visteam",id
Games,"htbf, id, location, losingpitcher, sv, usedh",winningpitcher
Games,"htbf, id, location, losingpitcher, sv, usedh",attendance
Games,"htbf, id, location, losingpitcher, sv, usedh",hometeam
Games,"htbf, id, location, losingpitcher, sv, usedh",visteam
Games,"htbf, id, location, losingpitcher, sv, usedh",date
Games,"date, htbf, id, location, sv, usedh",winningpitcher
Games,"date, htbf, id, location, sv, usedh",attendance
Games,"date, htbf, id, location, sv, usedh",hometeam
Games,"date, htbf, id, location, sv, usedh",visteam
Games,"date, htbf, id, location, sv, usedh",losingpitcher
Games,"date, htbf, location, losingpitcher, sv, usedh",winningpitcher
Games,"date, htbf, location, losingpitcher, sv, usedh",attendance
Games,"date, htbf, location, losingpitcher, sv, usedh",hometeam
Games,"date, htbf, location, losingpitcher, sv, usedh",visteam
Games,"date, htbf, location, losingpitcher, sv, usedh",id
Games,"date, htbf, id, location, losingpitcher, sv",winningpitcher
Games,"date, htbf, id, location, losingpitcher, sv",attendance
Games,"date, htbf, id, location, losingpitcher, sv",hometeam
Games,"date, htbf, id, location, losingpitcher, sv",visteam
Games,"date, htbf, id, location, losingpitcher, sv",usedh
Games,"htbf, id, losingpitcher, sv, usedh, visteam",winningpitcher
Games,"htbf, id, losingpitcher, sv, usedh, visteam",attendance
Games,"htbf, id, losingpitcher, sv, usedh, visteam",hometeam
Games,"htbf, id, losingpitcher, sv, usedh, visteam",location
Games,"htbf, id, losingpitcher, sv, usedh, visteam",date
Games,"date, htbf, id, sv, usedh, visteam",winningpitcher
Games,"date, htbf, id, sv, usedh, visteam",attendance
Games,"date, htbf, id, sv, usedh, visteam",hometeam
Games,"date, htbf, id, sv, usedh, visteam",location
Games,"date, htbf, id, sv, usedh, visteam",losingpitcher
Games,"date, htbf, losingpitcher, sv, usedh, visteam",winningpitcher
Games,"date, htbf, losingpitcher, sv, usedh, visteam",attendance
Games,"date, htbf, losingpitcher, sv, usedh, visteam",hometeam
Games,"date, htbf, losingpitcher, sv, usedh, visteam",location
Games,"date, htbf, losingpitcher, sv, usedh, visteam",id
Games,"date, htbf, id, losingpitcher, sv, visteam",winningpitcher
Games,"date, htbf, id, losingpitcher, sv, visteam",attendance
Games,"date, htbf, id, losingpitcher, sv, visteam",hometeam
Games,"date, htbf, id, losingpitcher, sv, visteam",location
Games,"date, htbf, id, losingpitcher, sv, visteam",usedh
Games,"date, htbf, id, losingpitcher, sv, usedh",winningpitcher
Games,"date, htbf, id, losingpitcher, sv, usedh",attendance
Games,"date, htbf, id, losingpitcher, sv, usedh",hometeam
Games,"date, htbf, id, losingpitcher, sv, usedh",visteam
Games,"date, htbf, id, losingpitcher, sv, usedh",location
Games,"hometeam, id, location, sv, usedh, visteam",winningpitcher
Games,"hometeam, id, location, sv, usedh, visteam",attendance
Games,"hometeam, id, location, sv, usedh, visteam",htbf
Games,"hometeam, id, location, sv, usedh, visteam",losingpitcher
Games,"hometeam, id, location, sv, usedh, visteam",date
Games,"hometeam, location, losingpitcher, sv, usedh, visteam",winningpitcher
Games,"hometeam, location, losingpitcher, sv, usedh, visteam",attendance
Games,"hometeam, location, losingpitcher, sv, usedh, visteam",htbf
Games,"hometeam, location, losingpitcher, sv, usedh, visteam",id
Games,"hometeam, location, losingpitcher, sv, usedh, visteam",date
Games,"hometeam, id, location, losingpitcher, sv, visteam",winningpitcher
Games,"hometeam, id, location, losingpitcher, sv, visteam",attendance
Games,"hometeam, id, location, losingpitcher, sv, visteam",htbf
Games,"hometeam, id, location, losingpitcher, sv, visteam",usedh
Games,"hometeam, id, location, losingpitcher, sv, visteam",date
Games,"date, hometeam, id, location, sv, visteam",winningpitcher
Games,"date, hometeam, id, location, sv, visteam",attendance
Games,"date, hometeam, id, location, sv, visteam",htbf
Games,"date, hometeam, id, location, sv, visteam",usedh
Games,"date, hometeam, id, location, sv, visteam",losingpitcher
Games,"date, hometeam, location, losingpitcher, sv, visteam",winningpitcher
Games,"date, hometeam, location, losingpitcher, sv, visteam",attendance
Games,"date, hometeam, location, losingpitcher, sv, visteam",htbf
Games,"date, hometeam, location, losingpitcher, sv, visteam",usedh
Games,"date, hometeam, location, losingpitcher, sv, visteam",id
Games,"hometeam, id, location, losingpitcher, sv, usedh",winningpitcher
Games,"hometeam, id, location, losingpitcher, sv, usedh",attendance
Games,"hometeam, id, location, losingpitcher, sv, usedh",htbf
Games,"hometeam, id, location, losingpitcher, sv, usedh",visteam
Games,"hometeam, id, location, losingpitcher, sv, usedh",date
Games,"date, hometeam, id, location, sv, usedh",winningpitcher
Games,"date, hometeam, id, location, sv, usedh",attendance
Games,"date, hometeam, id, location, sv, usedh",htbf
Games,"date, hometeam, id, location, sv, usedh",visteam
Games,"date, hometeam, id, location, sv, usedh",losingpitcher
Games,"date, hometeam, location, losingpitcher, sv, usedh",winningpitcher
Games,"date, hometeam, location, losingpitcher, sv, usedh",attendance
Games,"date, hometeam, location, losingpitcher, sv, usedh",htbf
Games,"date, hometeam, location, losingpitcher, sv, usedh",visteam
Games,"date, hometeam, location, losingpitcher, sv, usedh",id
Games,"date, hometeam, id, location, losingpitcher, sv",winningpitcher
Games,"date, hometeam, id, location, losingpitcher, sv",attendance
Games,"date, hometeam, id, location, losingpitcher, sv",htbf
Games,"date, hometeam, id, location, losingpitcher, sv",visteam
Games,"date, hometeam, id, location, losingpitcher, sv",usedh
Games,"hometeam, id, losingpitcher, sv, usedh, visteam",winningpitcher
Games,"hometeam, id, losingpitcher, sv, usedh, visteam",attendance
Games,"hometeam, id, losingpitcher, sv, usedh, visteam",htbf
Games,"hometeam, id, losingpitcher, sv, usedh, visteam",location
Games,"hometeam, id, losingpitcher, sv, usedh, visteam",date
Games,"date, hometeam, id, sv, usedh, visteam",winningpitcher
Games,"date, hometeam, id, sv, usedh, visteam",attendance
Games,"date, hometeam, id, sv, usedh, visteam",htbf
Games,"date, hometeam, id, sv, usedh, visteam",location
Games,"date, hometeam, id, sv, usedh, visteam",losingpitcher
Games,"date, hometeam, losingpitcher, sv, usedh, visteam",winningpitcher
Games,"date, hometeam, losingpitcher, sv, usedh, visteam",attendance
Games,"date, hometeam, losingpitcher, sv, usedh, visteam",htbf
Games,"date, hometeam, losingpitcher, sv, usedh, visteam",location
Games,"date, hometeam, losingpitcher, sv, usedh, visteam",id
Games,"date, hometeam, id, losingpitcher, sv, visteam",winningpitcher
Games,"date, hometeam, id, losingpitcher, sv, visteam",attendance
Games,"date, hometeam, id, losingpitcher, sv, visteam",htbf
Games,"date, hometeam, id, losingpitcher, sv, visteam",location
Games,"date, hometeam, id, losingpitcher, sv, visteam",usedh
Games,"date, hometeam, id, losingpitcher, sv, usedh",winningpitcher
Games,"date, hometeam, id, losingpitcher, sv, usedh",attendance
Games,"date, hometeam, id, losingpitcher, sv, usedh",htbf
Games,"date, hometeam, id, losingpitcher, sv, usedh",visteam
Games,"date, hometeam, id, losingpitcher, sv, usedh",location
Games,"id, location, losingpitcher, sv, usedh, visteam",winningpitcher
Games,"id, location, losingpitcher, sv, usedh, visteam",attendance
Games,"id, location, losingpitcher, sv, usedh, visteam",htbf
Games,"id, location, losingpitcher, sv, usedh, visteam",hometeam
Games,"id, location, losingpitcher, sv, usedh, visteam",date
Games,"date, id, location, sv, usedh, visteam",winningpitcher
Games,"date, id, location, sv, usedh, visteam",attendance
Games,"date, id, location, sv, usedh, visteam",htbf
Games,"date, id, location, sv, usedh, visteam",hometeam
Games,"date, id, location, sv, usedh, visteam",losingpitcher
Games,"date, location, losingpitcher, sv, usedh, visteam",winningpitcher
Games,"date, location, losingpitcher, sv, usedh, visteam",attendance
Games,"date, location, losingpitcher, sv, usedh, visteam",htbf
Games,"date, location, losingpitcher, sv, usedh, visteam",hometeam
Games,"date, location, losingpitcher, sv, usedh, visteam",id
Games,"date, id, location, losingpitcher, sv, visteam",winningpitcher
Games,"date, id, location, losingpitcher, sv, visteam",attendance
Games,"date, id, location, losingpitcher, sv, visteam",htbf
Games,"date, id, location, losingpitcher, sv, visteam",hometeam
Games,"date, id, location, losingpitcher, sv, visteam",usedh
Games,"date, id, location, losingpitcher, sv, usedh",winningpitcher
Games,"date, id, location, losingpitcher, sv, usedh",attendance
Games,"date, id, location, losingpitcher, sv, usedh",htbf
Games,"date, id, location, losingpitcher, sv, usedh",hometeam
Games,"date, id, location, losingpitcher, sv, usedh",visteam
Games,"date, id, losingpitcher, sv, usedh, visteam",winningpitcher
Games,"date, id, losingpitcher, sv, usedh, visteam",attendance
Games,"date, id, losingpitcher, sv, usedh, visteam",htbf
Games,"date, id, losingpitcher, sv, usedh, visteam",hometeam
Games,"date, id, losingpitcher, sv, usedh, visteam",location
Games,"hometeam, htbf, id, location, usedh, visteam",winningpitcher
Games,"hometeam, htbf, id, location, usedh, visteam",attendance
Games,"hometeam, htbf, id, location, usedh, visteam",sv
Games,"hometeam, htbf, id, location, usedh, visteam",losingpitcher
Games,"hometeam, htbf, id, location, usedh, visteam",date
Games,"hometeam, htbf, location, losingpitcher, usedh, visteam",winningpitcher
Games,"hometeam, htbf, location, losingpitcher, usedh, visteam",attendance
Games,"hometeam, htbf, location, losingpitcher, usedh, visteam",sv
Games,"hometeam, htbf, location, losingpitcher, usedh, visteam",id
Games,"hometeam, htbf, location, losingpitcher, usedh, visteam",date
Games,"date, hometeam, htbf, location, usedh, visteam",winningpitcher
Games,"date, hometeam, htbf, location, usedh, visteam",attendance
Games,"date, hometeam, htbf, location, usedh, visteam",sv
Games,"date, hometeam, htbf, location, usedh, visteam",id
Games,"date, hometeam, htbf, location, usedh, visteam",losingpitcher
Games,"hometeam, htbf, id, location, losingpitcher, visteam",winningpitcher
Games,"hometeam, htbf, id, location, losingpitcher, visteam",attendance
Games,"hometeam, htbf, id, location, losingpitcher, visteam",sv
Games,"hometeam, htbf, id, location, losingpitcher, visteam",usedh
Games,"hometeam, htbf, id, location, losingpitcher, visteam",date
Games,"date, hometeam, htbf, id, location, visteam",winningpitcher
Games,"date, hometeam, htbf, id, location, visteam",attendance
Games,"date, hometeam, htbf, id, location, visteam",sv
Games,"date, hometeam, htbf, id, location, visteam",usedh
Games,"date, hometeam, htbf, id, location, visteam",losingpitcher
Games,"date, hometeam, htbf, location, losingpitcher, visteam",winningpitcher
Games,"date, hometeam, htbf, location, losingpitcher, visteam",attendance
Games,"date, hometeam, htbf, location, losingpitcher, visteam",sv
Games,"date, hometeam, htbf, location, losingpitcher, visteam",usedh
Games,"date, hometeam, htbf, location, losingpitcher, visteam",id
Games,"hometeam, htbf, id, location, losingpitcher, usedh",winningpitcher
Games,"hometeam, htbf, id, location, losingpitcher, usedh",attendance
Games,"hometeam, htbf, id, location, losingpitcher, usedh",sv
Games,"hometeam, htbf, id, location, losingpitcher, usedh",visteam
Games,"hometeam, htbf, id, location, losingpitcher, usedh",date
Games,"date, hometeam, htbf, id, location, usedh",winningpitcher
Games,"date, hometeam, htbf, id, location, usedh",attendance
Games,"date, hometeam, htbf, id, location, usedh",sv
Games,"date, hometeam, htbf, id, location, usedh",visteam
Games,"date, hometeam, htbf, id, location, usedh",losingpitcher
Games,"date, hometeam, htbf, location, losingpitcher, usedh",winningpitcher
Games,"date, hometeam, htbf, location, losingpitcher, usedh",attendance
Games,"date, hometeam, htbf, location, losingpitcher, usedh",sv
Games,"date, hometeam, htbf, location, losingpitcher, usedh",visteam
Games,"date, hometeam, htbf, location, losingpitcher, usedh",id
Games,"date, hometeam, htbf, id, location, losingpitcher",winningpitcher
Games,"date, hometeam, htbf, id, location, losingpitcher",attendance
Games,"date, hometeam, htbf, id, location, losingpitcher",sv
Games,"date, hometeam, htbf, id, location, losingpitcher",visteam
Games,"date, hometeam, htbf, id, location, losingpitcher",usedh
Games,"hometeam, htbf, id, losingpitcher, usedh, visteam",winningpitcher
Games,"hometeam, htbf, id, losingpitcher, usedh, visteam",attendance
Games,"hometeam, htbf, id, losingpitcher, usedh, visteam",sv
Games,"hometeam, htbf, id, losingpitcher, usedh, visteam",location
Games,"hometeam, htbf, id, losingpitcher, usedh, visteam",date
Games,"date, hometeam, htbf, id, usedh, visteam",winningpitcher
Games,"date, hometeam, htbf, id, usedh, visteam",attendance
Games,"date, hometeam, htbf, id, usedh, visteam",sv
Games,"date, hometeam, htbf, id, usedh, visteam",location
Games,"date, hometeam, htbf, id, usedh, visteam",losingpitcher
Games,"date, hometeam, htbf, losingpitcher, usedh, visteam",winningpitcher
Games,"date, hometeam, htbf, losingpitcher, usedh, visteam",attendance
Games,"date, hometeam, htbf, losingpitcher, usedh, visteam",sv
Games,"date, hometeam, htbf, losingpitcher, usedh, visteam",location
Games,"date, hometeam, htbf, losingpitcher, usedh, visteam",id
Games,"date, hometeam, htbf, id, losingpitcher, visteam",winningpitcher
Games,"date, hometeam, htbf, id, losingpitcher, visteam",attendance
Games,"date, hometeam, htbf, id, losingpitcher, visteam",sv
Games,"date, hometeam, htbf, id, losingpitcher, visteam",location
Games,"date, hometeam, htbf, id, losingpitcher, visteam",usedh
Games,"date, hometeam, htbf, id, losingpitcher, usedh",winningpitcher
Games,"date, hometeam, htbf, id, losingpitcher, usedh",attendance
Games,"date, hometeam, htbf, id, losingpitcher, usedh",sv
Games,"date, hometeam, htbf, id, losingpitcher, usedh",visteam
Games,"date, hometeam, htbf, id, losingpitcher, usedh",location
Games,"htbf, id, location, losingpitcher, usedh, visteam",winningpitcher
Games,"htbf, id, location, losingpitcher, usedh, visteam",attendance
Games,"htbf, id, location, losingpitcher, usedh, visteam",sv
Games,"htbf, id, location, losingpitcher, usedh, visteam",hometeam
Games,"htbf, id, location, losingpitcher, usedh, visteam",date
Games,"date, htbf, id, location, usedh, visteam",winningpitcher
Games,"date, htbf, id, location, usedh, visteam",attendance
Games,"date, htbf, id, location, usedh, visteam",sv
Games,"date, htbf, id, location, usedh, visteam",hometeam
Games,"date, htbf, id, location, usedh, visteam",losingpitcher
Games,"date, htbf, location, losingpitcher, usedh, visteam",winningpitcher
Games,"date, htbf, location, losingpitcher, usedh, visteam",attendance
Games,"date, htbf, location, losingpitcher, usedh, visteam",sv
Games,"date, htbf, location, losingpitcher, usedh, visteam",hometeam
Games,"date, htbf, location, losingpitcher, usedh, visteam",id
Games,"date, htbf, id, location, losingpitcher, visteam",winningpitcher
Games,"date, htbf, id, location, losingpitcher, visteam",attendance
Games,"date, htbf, id, location, losingpitcher, visteam",sv
Games,"date, htbf, id, location, losingpitcher, visteam",hometeam
Games,"date, htbf, id, location, losingpitcher, visteam",usedh
Games,"date, htbf, id, location, losingpitcher, usedh",winningpitcher
Games,"date, htbf, id, location, losingpitcher, usedh",attendance
Games,"date, htbf, id, location, losingpitcher, usedh",sv
Games,"date, htbf, id, location, losingpitcher, usedh",hometeam
Games,"date, htbf, id, location, losingpitcher, usedh",visteam
Games,"date, htbf, id, losingpitcher, usedh, visteam",winningpitcher
Games,"date, htbf, id, losingpitcher, usedh, visteam",attendance
Games,"date, htbf, id, losingpitcher, usedh, visteam",sv
Games,"date, htbf, id, losingpitcher, usedh, visteam",hometeam
Games,"date, htbf, id, losingpitcher, usedh, visteam",location
Games,"hometeam, id, location, losingpitcher, usedh, visteam",winningpitcher
Games,"hometeam, id, location, losingpitcher, usedh, visteam",attendance
Games,"hometeam, id, location, losingpitcher, usedh, visteam",sv
Games,"hometeam, id, location, losingpitcher, usedh, visteam",htbf
Games,"hometeam, id, location, losingpitcher, usedh, visteam",date
Games,"date, hometeam, id, location, usedh, visteam",winningpitcher
Games,"date, hometeam, id, location, usedh, visteam",attendance
Games,"date, hometeam, id, location, usedh, visteam",sv
Games,"date, hometeam, id, location, usedh, visteam",htbf
Games,"date, hometeam, id, location, usedh, visteam",losingpitcher
Games,"date, hometeam, location, losingpitcher, usedh, visteam",winningpitcher
Games,"date, hometeam, location, losingpitcher, usedh, visteam",attendance
Games,"date, hometeam, location, losingpitcher, usedh, visteam",sv
Games,"date, hometeam, location, losingpitcher, usedh, visteam",htbf
Games,"date, hometeam, location, losingpitcher, usedh, visteam",id
Games,"date, hometeam, id, location, losingpitcher, visteam",winningpitcher
Games,"date, hometeam, id, location, losingpitcher, visteam",attendance
Games,"date, hometeam, id, location, losingpitcher, visteam",sv
Games,"date, hometeam, id, location, losingpitcher, visteam",htbf
Games,"date, hometeam, id, location, losingpitcher, visteam",usedh
Games,"date, hometeam, id, location, losingpitcher, usedh",winningpitcher
Games,"date, hometeam, id, location, losingpitcher, usedh",attendance
Games,"date, hometeam, id, location, losingpitcher, usedh",sv
Games,"date, hometeam, id, location, losingpitcher, usedh",htbf
Games,"date, hometeam, id, location, losingpitcher, usedh",visteam
Games,"date, hometeam, id, losingpitcher, usedh, visteam",winningpitcher
Games,"date, hometeam, id, losingpitcher, usedh, visteam",attendance
Games,"date, hometeam, id, losingpitcher, usedh, visteam",sv
Games,"date, hometeam, id, losingpitcher, usedh, visteam",htbf
Games,"date, hometeam, id, losingpitcher, usedh, visteam",location
Games,"date, id, location, losingpitcher, usedh, visteam",winningpitcher
Games,"date, id, location, losingpitcher, usedh, visteam",attendance
Games,"date, id, location, losingpitcher, usedh, visteam",sv
Games,"date, id, location, losingpitcher, usedh, visteam",htbf
Games,"date, id, location, losingpitcher, usedh, visteam",hometeam
Games,"attendance, hometeam, htbf, location, sv, visteam, winningpitcher",id
Games,"attendance, hometeam, htbf, location, sv, visteam, winningpitcher",usedh
Games,"attendance, hometeam, htbf, location, sv, visteam, winningpitcher",date
Games,"attendance, hometeam, htbf, location, sv, visteam, winningpitcher",losingpitcher
Games,"attendance, hometeam, htbf, location, sv, usedh, winningpitcher",visteam
Games,"attendance, hometeam, htbf, location, sv, usedh, winningpitcher",id
Games,"attendance, hometeam, htbf, location, sv, usedh, winningpitcher",date
Games,"attendance, hometeam, htbf, location, sv, usedh, winningpitcher",losingpitcher
Games,"attendance, hometeam, htbf, id, location, sv, winningpitcher",visteam
Games,"attendance, hometeam, htbf, id, location, sv, winningpitcher",usedh
Games,"attendance, hometeam, htbf, id, location, sv, winningpitcher",date
Games,"attendance, hometeam, htbf, id, location, sv, winningpitcher",losingpitcher
Games,"attendance, hometeam, htbf, location, losingpitcher, sv, winningpitcher",visteam
Games,"attendance, hometeam, htbf, location, losingpitcher, sv, winningpitcher",id
Games,"attendance, hometeam, htbf, location, losingpitcher, sv, winningpitcher",usedh
Games,"attendance, hometeam, htbf, location, losingpitcher, sv, winningpitcher",date
Games,"attendance, date, hometeam, htbf, location, sv, winningpitcher",visteam
Games,"attendance, date, hometeam, htbf, location, sv, winningpitcher",usedh
Games,"attendance, date, hometeam, htbf, location, sv, winningpitcher",id
Games,"attendance, date, hometeam, htbf, location, sv, winningpitcher",losingpitcher
Games,"attendance, hometeam, htbf, sv, usedh, visteam, winningpitcher",location
Games,"attendance, hometeam, htbf, sv, usedh, visteam, winningpitcher",id
Games,"attendance, hometeam, htbf, sv, usedh, visteam, winningpitcher",date
Games,"attendance, hometeam, htbf, sv, usedh, visteam, winningpitcher",losingpitcher
Games,"attendance, hometeam, htbf, id, sv, visteam, winningpitcher",location
Games,"attendance, hometeam, htbf, id, sv, visteam, winningpitcher",usedh
Games,"attendance, hometeam, htbf, id, sv, visteam, winningpitcher",date
Games,"attendance, hometeam, htbf, id, sv, visteam, winningpitcher",losingpitcher
Games,"attendance, hometeam, htbf, losingpitcher, sv, visteam, winningpitcher",location
Games,"attendance, hometeam, htbf, losingpitcher, sv, visteam, winningpitcher",id
Games,"attendance, hometeam, htbf, losingpitcher, sv, visteam, winningpitcher",usedh
Games,"attendance, hometeam, htbf, losingpitcher, sv, visteam, winningpitcher",date
Games,"attendance, date, hometeam, htbf, sv, visteam, winningpitcher",location
Games,"attendance, date, hometeam, htbf, sv, visteam, winningpitcher",usedh
Games,"attendance, date, hometeam, htbf, sv, visteam, winningpitcher",id
Games,"attendance, date, hometeam, htbf, sv, visteam, winningpitcher",losingpitcher
Games,"attendance, hometeam, htbf, id, sv, usedh, winningpitcher",location
Games,"attendance, hometeam, htbf, id, sv, usedh, winningpitcher",date
Games,"attendance, hometeam, htbf, id, sv, usedh, winningpitcher",visteam
Games,"attendance, hometeam, htbf, id, sv, usedh, winningpitcher",losingpitcher
Games,"attendance, hometeam, htbf, losingpitcher, sv, usedh, winningpitcher",location
Games,"attendance, hometeam, htbf, losingpitcher, sv, usedh, winningpitcher",id
Games,"attendance, hometeam, htbf, losingpitcher, sv, usedh, winningpitcher",date
Games,"attendance, hometeam, htbf, losingpitcher, sv, usedh, winningpitcher",visteam
Games,"attendance, date, hometeam, htbf, sv, usedh, winningpitcher",location
Games,"attendance, date, hometeam, htbf, sv, usedh, winningpitcher",id
Games,"attendance, date, hometeam, htbf, sv, usedh, winningpitcher",visteam
Games,"attendance, date, hometeam, htbf, sv, usedh, winningpitcher",losingpitcher
Games,"attendance, hometeam, htbf, id, losingpitcher, sv, winningpitcher",date
Games,"attendance, hometeam, htbf, id, losingpitcher, sv, winningpitcher",location
Games,"attendance, hometeam, htbf, id, losingpitcher, sv, winningpitcher",usedh
Games,"attendance, hometeam, htbf, id, losingpitcher, sv, winningpitcher",visteam
Games,"attendance, date, hometeam, htbf, id, sv, winningpitcher",location
Games,"attendance, date, hometeam, htbf, id, sv, winningpitcher",usedh
Games,"attendance, date, hometeam, htbf, id, sv, winningpitcher",visteam
Games,"attendance, date, hometeam, htbf, id, sv, winningpitcher",losingpitcher
Games,"attendance, date, hometeam, htbf, losingpitcher, sv, winningpitcher",location
Games,"attendance, date, hometeam, htbf, losingpitcher, sv, winningpitcher",id
Games,"attendance, date, hometeam, htbf, losingpitcher, sv, winningpitcher",usedh
Games,"attendance, date, hometeam, htbf, losingpitcher, sv, winningpitcher",visteam
Games,"attendance, htbf, location, sv, usedh, visteam, winningpitcher",hometeam
Games,"attendance, htbf, location, sv, usedh, visteam, winningpitcher",id
Games,"attendance, htbf, location, sv, usedh, visteam, winningpitcher",date
Games,"attendance, htbf, location, sv, usedh, visteam, winningpitcher",losingpitcher
Games,"attendance, htbf, id, location, sv, visteam, winningpitcher",hometeam
Games,"attendance, htbf, id, location, sv, visteam, winningpitcher",usedh
Games,"attendance, htbf, id, location, sv, visteam, winningpitcher",date
Games,"attendance, htbf, id, location, sv, visteam, winningpitcher",losingpitcher
Games,"attendance, htbf, location, losingpitcher, sv, visteam, winningpitcher",hometeam
Games,"attendance, htbf, location, losingpitcher, sv, visteam, winningpitcher",id
Games,"attendance, htbf, location, losingpitcher, sv, visteam, winningpitcher",usedh
Games,"attendance, htbf, location, losingpitcher, sv, visteam, winningpitcher",date
Games,"attendance, date, htbf, location, sv, visteam, winningpitcher",hometeam
Games,"attendance, date, htbf, location, sv, visteam, winningpitcher",usedh
Games,"attendance, date, htbf, location, sv, visteam, winningpitcher",id
Games,"attendance, date, htbf, location, sv, visteam, winningpitcher",losingpitcher
Games,"attendance, htbf, id, location, sv, usedh, winningpitcher",hometeam
Games,"attendance, htbf, id, location, sv, usedh, winningpitcher",visteam
Games,"attendance, htbf, id, location, sv, usedh, winningpitcher",date
Games,"attendance, htbf, id, location, sv, usedh, winningpitcher",losingpitcher
Games,"attendance, htbf, location, losingpitcher, sv, usedh, winningpitcher",hometeam
Games,"attendance, htbf, location, losingpitcher, sv, usedh, winningpitcher",visteam
Games,"attendance, htbf, location, losingpitcher, sv, usedh, winningpitcher",id
Games,"attendance, htbf, location, losingpitcher, sv, usedh, winningpitcher",date
Games,"attendance, date, htbf, location, sv, usedh, winningpitcher",hometeam
Games,"attendance, date, htbf, location, sv, usedh, winningpitcher",visteam
Games,"attendance, date, htbf, location, sv, usedh, winningpitcher",id
Games,"attendance, date, htbf, location, sv, usedh, winningpitcher",losingpitcher
Games,"attendance, htbf, id, location, losingpitcher, sv, winningpitcher",hometeam
Games,"attendance, htbf, id, location, losingpitcher, sv, winningpitcher",visteam
Games,"attendance, htbf, id, location, losingpitcher, sv, winningpitcher",usedh
Games,"attendance, htbf, id, location, losingpitcher, sv, winningpitcher",date
Games,"attendance, date, htbf, id, location, sv, winningpitcher",hometeam
Games,"attendance, date, htbf, id, location, sv, winningpitcher",visteam
Games,"attendance, date, htbf, id, location, sv, winningpitcher",usedh
Games,"attendance, date, htbf, id, location, sv, winningpitcher",losingpitcher
Games,"attendance, date, htbf, location, losingpitcher, sv, winningpitcher",hometeam
Games,"attendance, date, htbf, location, losingpitcher, sv, winningpitcher",visteam
Games,"attendance, date, htbf, location, losingpitcher, sv, winningpitcher",usedh
Games,"attendance, date, htbf, location, losingpitcher, sv, winningpitcher",id
Games,"attendance, htbf, id, sv, usedh, visteam, winningpitcher",hometeam
Games,"attendance, htbf, id, sv, usedh, visteam, winningpitcher",location
Games,"attendance, htbf, id, sv, usedh, visteam, winningpitcher",date
Games,"attendance, htbf, id, sv, usedh, visteam, winningpitcher",losingpitcher
Games,"attendance, htbf, losingpitcher, sv, usedh, visteam, winningpitcher",hometeam
Games,"attendance, htbf, losingpitcher, sv, usedh, visteam, winningpitcher",location
Games,"attendance, htbf, losingpitcher, sv, usedh, visteam, winningpitcher",id
Games,"attendance, htbf, losingpitcher, sv, usedh, visteam, winningpitcher",date
Games,"attendance, date, htbf, sv, usedh, visteam, winningpitcher",hometeam
Games,"attendance, date, htbf, sv, usedh, visteam, winningpitcher",location
Games,"attendance, date, htbf, sv, usedh, visteam, winningpitcher",id
Games,"attendance, date, htbf, sv, usedh, visteam, winningpitcher",losingpitcher
Games,"attendance, htbf, id, losingpitcher, sv, visteam, winningpitcher",hometeam
Games,"attendance, htbf, id, losingpitcher, sv, visteam, winningpitcher",location
Games,"attendance, htbf, id, losingpitcher, sv, visteam, winningpitcher",usedh
Games,"attendance, htbf, id, losingpitcher, sv, visteam, winningpitcher",date
Games,"attendance, date, htbf, id, sv, visteam, winningpitcher",hometeam
Games,"attendance, date, htbf, id, sv, visteam, winningpitcher",location
Games,"attendance, date, htbf, id, sv, visteam, winningpitcher",usedh
Games,"attendance, date, htbf, id, sv, visteam, winningpitcher",losingpitcher
Games,"attendance, date, htbf, losingpitcher, sv, visteam, winningpitcher",hometeam
Games,"attendance, date, htbf, losingpitcher, sv, visteam, winningpitcher",location
Games,"attendance, date, htbf, losingpitcher, sv, visteam, winningpitcher",usedh
Games,"attendance, date, htbf, losingpitcher, sv, visteam, winningpitcher",id
Games,"attendance, htbf, id, losingpitcher, sv, usedh, winningpitcher",hometeam
Games,"attendance, htbf, id, losingpitcher, sv, usedh, winningpitcher",location
Games,"attendance, htbf, id, losingpitcher, sv, usedh, winningpitcher",date
Games,"attendance, htbf, id, losingpitcher, sv, usedh, winningpitcher",visteam
Games,"attendance, date, htbf, id, sv, usedh, winningpitcher",hometeam
Games,"attendance, date, htbf, id, sv, usedh, winningpitcher",location
Games,"attendance, date, htbf, id, sv, usedh, winningpitcher",visteam
Games,"attendance, date, htbf, id, sv, usedh, winningpitcher",losingpitcher
Games,"attendance, date, htbf, losingpitcher, sv, usedh, winningpitcher",hometeam
Games,"attendance, date, htbf, losingpitcher, sv, usedh, winningpitcher",location
Games,"attendance, date, htbf, losingpitcher, sv, usedh, winningpitcher",id
Games,"attendance, date, htbf, losingpitcher, sv, usedh, winningpitcher",visteam
Games,"attendance, date, htbf, id, losingpitcher, sv, winningpitcher",hometeam
Games,"attendance, date, htbf, id, losingpitcher, sv, winningpitcher",location
Games,"attendance, date, htbf, id, losingpitcher, sv, winningpitcher",usedh
Games,"attendance, date, htbf, id, losingpitcher, sv, winningpitcher",visteam
Games,"attendance, hometeam, id, location, sv, visteam, winningpitcher",date
Games,"attendance, hometeam, id, location, sv, visteam, winningpitcher",usedh
Games,"attendance, hometeam, id, location, sv, visteam, winningpitcher",losingpitcher
Games,"attendance, hometeam, id, location, sv, visteam, winningpitcher",htbf
Games,"attendance, hometeam, location, losingpitcher, sv, visteam, winningpitcher",id
Games,"attendance, hometeam, location, losingpitcher, sv, visteam, winningpitcher",usedh
Games,"attendance, hometeam, location, losingpitcher, sv, visteam, winningpitcher",date
Games,"attendance, hometeam, location, losingpitcher, sv, visteam, winningpitcher",htbf
Games,"attendance, date, hometeam, location, sv, visteam, winningpitcher",id
Games,"attendance, date, hometeam, location, sv, visteam, winningpitcher",usedh
Games,"attendance, date, hometeam, location, sv, visteam, winningpitcher",losingpitcher
Games,"attendance, date, hometeam, location, sv, visteam, winningpitcher",htbf
Games,"attendance, hometeam, id, location, sv, usedh, winningpitcher",visteam
Games,"attendance, hometeam, id, location, sv, usedh, winningpitcher",date
Games,"attendance, hometeam, id, location, sv, usedh, winningpitcher",losingpitcher
Games,"attendance, hometeam, id, location, sv, usedh, winningpitcher",htbf
Games,"attendance, hometeam, location, losingpitcher, sv, usedh, winningpitcher",visteam
Games,"attendance, hometeam, location, losingpitcher, sv, usedh, winningpitcher",id
Games,"attendance, hometeam, location, losingpitcher, sv, usedh, winningpitcher",date
Games,"attendance, hometeam, location, losingpitcher, sv, usedh, winningpitcher",htbf
Games,"attendance, date, hometeam, location, sv, usedh, winningpitcher",visteam
Games,"attendance, date, hometeam, location, sv, usedh, winningpitcher",id
Games,"attendance, date, hometeam, location, sv, usedh, winningpitcher",losingpitcher
Games,"attendance, date, hometeam, location, sv, usedh, winningpitcher",htbf
Games,"attendance, hometeam, id, location, losingpitcher, sv, winningpitcher",visteam
Games,"attendance, hometeam, id, location, losingpitcher, sv, winningpitcher",usedh
Games,"attendance, hometeam, id, location, losingpitcher, sv, winningpitcher",date
Games,"attendance, hometeam, id, location, losingpitcher, sv, winningpitcher",htbf
Games,"attendance, date, hometeam, id, location, sv, winningpitcher",visteam
Games,"attendance, date, hometeam, id, location, sv, winningpitcher",usedh
Games,"attendance, date, hometeam, id, location, sv, winningpitcher",losingpitcher
Games,"attendance, date, hometeam, id, location, sv, winningpitcher",htbf
Games,"attendance, date, hometeam, location, losingpitcher, sv, winningpitcher",visteam
Games,"attendance, date, hometeam, location, losingpitcher, sv, winningpitcher",usedh
Games,"attendance, date, hometeam, location, losingpitcher, sv, winningpitcher",id
Games,"attendance, date, hometeam, location, losingpitcher, sv, winningpitcher",htbf
Games,"attendance, hometeam, id, sv, usedh, visteam, winningpitcher",location
Games,"attendance, hometeam, id, sv, usedh, visteam, winningpitcher",date
Games,"attendance, hometeam, id, sv, usedh, visteam, winningpitcher",losingpitcher
Games,"attendance, hometeam, id, sv, usedh, visteam, winningpitcher",htbf
Games,"attendance, hometeam, losingpitcher, sv, usedh, visteam, winningpitcher",location
Games,"attendance, hometeam, losingpitcher, sv, usedh, visteam, winningpitcher",id
Games,"attendance, hometeam, losingpitcher, sv, usedh, visteam, winningpitcher",date
Games,"attendance, hometeam, losingpitcher, sv, usedh, visteam, winningpitcher",htbf
Games,"attendance, date, hometeam, sv, usedh, visteam, winningpitcher",location
Games,"attendance, date, hometeam, sv, usedh, visteam, winningpitcher",id
Games,"attendance, date, hometeam, sv, usedh, visteam, winningpitcher",losingpitcher
Games,"attendance, date, hometeam, sv, usedh, visteam, winningpitcher",htbf
Games,"attendance, hometeam, id, losingpitcher, sv, visteam, winningpitcher",location
Games,"attendance, hometeam, id, losingpitcher, sv, visteam, winningpitcher",usedh
Games,"attendance, hometeam, id, losingpitcher, sv, visteam, winningpitcher",date
Games,"attendance, hometeam, id, losingpitcher, sv, visteam, winningpitcher",htbf
Games,"attendance, date, hometeam, id, sv, visteam, winningpitcher",location
Games,"attendance, date, hometeam, id, sv, visteam, winningpitcher",usedh
Games,"attendance, date, hometeam, id, sv, visteam, winningpitcher",losingpitcher
Games,"attendance, date, hometeam, id, sv, visteam, winningpitcher",htbf
Games,"attendance, date, hometeam, losingpitcher, sv, visteam, winningpitcher",location
Games,"attendance, date, hometeam, losingpitcher, sv, visteam, winningpitcher",usedh
Games,"attendance, date, hometeam, losingpitcher, sv, visteam, winningpitcher",id
Games,"attendance, date, hometeam, losingpitcher, sv, visteam, winningpitcher",htbf
Games,"attendance, hometeam, id, losingpitcher, sv, usedh, winningpitcher",location
Games,"attendance, hometeam, id, losingpitcher, sv, usedh, winningpitcher",date
Games,"attendance, hometeam, id, losingpitcher, sv, usedh, winningpitcher",visteam
Games,"attendance, hometeam, id, losingpitcher, sv, usedh, winningpitcher",htbf
Games,"attendance, date, hometeam, id, sv, usedh, winningpitcher",location
Games,"attendance, date, hometeam, id, sv, usedh, winningpitcher",losingpitcher
Games,"attendance, date, hometeam, id, sv, usedh, winningpitcher",visteam
Games,"attendance, date, hometeam, id, sv, usedh, winningpitcher",htbf
Games,"attendance, date, hometeam, losingpitcher, sv, usedh, winningpitcher",location
Games,"attendance, date, hometeam, losingpitcher, sv, usedh, winningpitcher",id
Games,"attendance, date, hometeam, losingpitcher, sv, usedh, winningpitcher",visteam
Games,"attendance, date, hometeam, losingpitcher, sv, usedh, winningpitcher",htbf
Games,"attendance, date, hometeam, id, losingpitcher, sv, winningpitcher",location
Games,"attendance, date, hometeam, id, losingpitcher, sv, winningpitcher",usedh
Games,"attendance, date, hometeam, id, losingpitcher, sv, winningpitcher",visteam
Games,"attendance, date, hometeam, id, losingpitcher, sv, winningpitcher",htbf
Games,"attendance, id, location, sv, usedh, visteam, winningpitcher",hometeam
Games,"attendance, id, location, sv, usedh, visteam, winningpitcher",date
Games,"attendance, id, location, sv, usedh, visteam, winningpitcher",losingpitcher
Games,"attendance, id, location, sv, usedh, visteam, winningpitcher",htbf
Games,"attendance, location, losingpitcher, sv, usedh, visteam, winningpitcher",hometeam
Games,"attendance, location, losingpitcher, sv, usedh, visteam, winningpitcher",id
Games,"attendance, location, losingpitcher, sv, usedh, visteam, winningpitcher",date
Games,"attendance, location, losingpitcher, sv, usedh, visteam, winningpitcher",htbf
Games,"attendance, date, location, sv, usedh, visteam, winningpitcher",hometeam
Games,"attendance, date, location, sv, usedh, visteam, winningpitcher",id
Games,"attendance, date, location, sv, usedh, visteam, winningpitcher",losingpitcher
Games,"attendance, date, location, sv, usedh, visteam, winningpitcher",htbf
Games,"attendance, id, location, losingpitcher, sv, visteam, winningpitcher",hometeam
Games,"attendance, id, location, losingpitcher, sv, visteam, winningpitcher",usedh
Games,"attendance, id, location, losingpitcher, sv, visteam, winningpitcher",date
Games,"attendance, id, location, losingpitcher, sv, visteam, winningpitcher",htbf
Games,"attendance, date, id, location, sv, visteam, winningpitcher",hometeam
Games,"attendance, date, id, location, sv, visteam, winningpitcher",usedh
Games,"attendance, date, id, location, sv, visteam, winningpitcher",losingpitcher
Games,"attendance, date, id, location, sv, visteam, winningpitcher",htbf
Games,"attendance, date, location, losingpitcher, sv, visteam, winningpitcher",hometeam
Games,"attendance, date, location, losingpitcher, sv, visteam, winningpitcher",usedh
Games,"attendance, date, location, losingpitcher, sv, visteam, winningpitcher",id
Games,"attendance, date, location, losingpitcher, sv, visteam, winningpitcher",htbf
Games,"attendance, id, location, losingpitcher, sv, usedh, winningpitcher",hometeam
Games,"attendance, id, location, losingpitcher, sv, usedh, winningpitcher",visteam
Games,"attendance, id, location, losingpitcher, sv, usedh, winningpitcher",date
Games,"attendance, id, location, losingpitcher, sv, usedh, winningpitcher",htbf
Games,"attendance, date, id, location, sv, usedh, winningpitcher",hometeam
Games,"attendance, date, id, location, sv, usedh, winningpitcher",visteam
Games,"attendance, date, id, location, sv, usedh, winningpitcher",losingpitcher
Games,"attendance, date, id, location, sv, usedh, winningpitcher",htbf
Games,"attendance, date, location, losingpitcher, sv, usedh, winningpitcher",hometeam
Games,"attendance, date, location, losingpitcher, sv, usedh, winningpitcher",visteam
Games,"attendance, date, location, losingpitcher, sv, usedh, winningpitcher",id
Games,"attendance, date, location, losingpitcher, sv, usedh, winningpitcher",htbf
Games,"attendance, date, id, location, losingpitcher, sv, winningpitcher",hometeam
Games,"attendance, date, id, location, losingpitcher, sv, winningpitcher",visteam
Games,"attendance, date, id, location, losingpitcher, sv, winningpitcher",usedh
Games,"attendance, date, id, location, losingpitcher, sv, winningpitcher",htbf
Games,"attendance, id, losingpitcher, sv, usedh, visteam, winningpitcher",hometeam
Games,"attendance, id, losingpitcher, sv, usedh, visteam, winningpitcher",location
Games,"attendance, id, losingpitcher, sv, usedh, visteam, winningpitcher",date
Games,"attendance, id, losingpitcher, sv, usedh, visteam, winningpitcher",htbf
Games,"attendance, date, id, sv, usedh, visteam, winningpitcher",hometeam
Games,"attendance, date, id, sv, usedh, visteam, winningpitcher",location
Games,"attendance, date, id, sv, usedh, visteam, winningpitcher",losingpitcher
Games,"attendance, date, id, sv, usedh, visteam, winningpitcher",htbf
Games,"attendance, date, losingpitcher, sv, usedh, visteam, winningpitcher",hometeam
Games,"attendance, date, losingpitcher, sv, usedh, visteam, winningpitcher",location
Games,"attendance, date, losingpitcher, sv, usedh, visteam, winningpitcher",id
Games,"attendance, date, losingpitcher, sv, usedh, visteam, winningpitcher",htbf
Games,"attendance, date, id, losingpitcher, sv, visteam, winningpitcher",hometeam
Games,"attendance, date, id, losingpitcher, sv, visteam, winningpitcher",location
Games,"attendance, date, id, losingpitcher, sv, visteam, winningpitcher",usedh
Games,"attendance, date, id, losingpitcher, sv, visteam, winningpitcher",htbf
Games,"attendance, date, id, losingpitcher, sv, usedh, winningpitcher",hometeam
Games,"attendance, date, id, losingpitcher, sv, usedh, winningpitcher",location
Games,"attendance, date, id, losingpitcher, sv, usedh, winningpitcher",visteam
Games,"attendance, date, id, losingpitcher, sv, usedh, winningpitcher",htbf
Games,"attendance, hometeam, htbf, location, usedh, visteam, winningpitcher",id
Games,"attendance, hometeam, htbf, location, usedh, visteam, winningpitcher",sv
Games,"attendance, hometeam, htbf, location, usedh, visteam, winningpitcher",date
Games,"attendance, hometeam, htbf, location, usedh, visteam, winningpitcher",losingpitcher
Games,"attendance, hometeam, htbf, id, location, visteam, winningpitcher",sv
Games,"attendance, hometeam, htbf, id, location, visteam, winningpitcher",usedh
Games,"attendance, hometeam, htbf, id, location, visteam, winningpitcher",date
Games,"attendance, hometeam, htbf, id, location, visteam, winningpitcher",losingpitcher
Games,"attendance, hometeam, htbf, location, losingpitcher, visteam, winningpitcher",id
Games,"attendance, hometeam, htbf, location, losingpitcher, visteam, winningpitcher",sv
Games,"attendance, hometeam, htbf, location, losingpitcher, visteam, winningpitcher",usedh
Games,"attendance, hometeam, htbf, location, losingpitcher, visteam, winningpitcher",date
Games,"attendance, date, hometeam, htbf, location, visteam, winningpitcher",sv
Games,"attendance, date, hometeam, htbf, location, visteam, winningpitcher",usedh
Games,"attendance, date, hometeam, htbf, location, visteam, winningpitcher",id
Games,"attendance, date, hometeam, htbf, location, visteam, winningpitcher",losingpitcher
Games,"attendance, hometeam, htbf, id, location, usedh, winningpitcher",visteam
Games,"attendance, hometeam, htbf, id, location, usedh, winningpitcher",sv
Games,"attendance, hometeam, htbf, id, location, usedh, winningpitcher",date
Games,"attendance, hometeam, htbf, id, location, usedh, winningpitcher",losingpitcher
Games,"attendance, hometeam, htbf, location, losingpitcher, usedh, winningpitcher",id
Games,"attendance, hometeam, htbf, location, losingpitcher, usedh, winningpitcher",visteam
Games,"attendance, hometeam, htbf, location, losingpitcher, usedh, winningpitcher",sv
Games,"attendance, hometeam, htbf, location, losingpitcher, usedh, winningpitcher",date
Games,"attendance, date, hometeam, htbf, location, usedh, winningpitcher",visteam
Games,"attendance, date, hometeam, htbf, location, usedh, winningpitcher",sv
Games,"attendance, date, hometeam, htbf, location, usedh, winningpitcher",id
Games,"attendance, date, hometeam, htbf, location, usedh, winningpitcher",losingpitcher
Games,"attendance, hometeam, htbf, id, location, losingpitcher, winningpitcher",visteam
Games,"attendance, hometeam, htbf, id, location, losingpitcher, winningpitcher",sv
Games,"attendance, hometeam, htbf, id, location, losingpitcher, winningpitcher",usedh
Games,"attendance, hometeam, htbf, id, location, losingpitcher, winningpitcher",date
Games,"attendance, date, hometeam, htbf, id, location, winningpitcher",visteam
Games,"attendance, date, hometeam, htbf, id, location, winningpitcher",sv
Games,"attendance, date, hometeam, htbf, id, location, winningpitcher",usedh
Games,"attendance, date, hometeam, htbf, id, location, winningpitcher",losingpitcher
Games,"attendance, date, hometeam, htbf, location, losingpitcher, winningpitcher",visteam
Games,"attendance, date, hometeam, htbf, location, losingpitcher, winningpitcher",sv
Games,"attendance, date, hometeam, htbf, location, losingpitcher, winningpitcher",usedh
Games,"attendance, date, hometeam, htbf, location, losingpitcher, winningpitcher",id
Games,"attendance, hometeam, htbf, id, usedh, visteam, winningpitcher",location
Games,"attendance, hometeam, htbf, id, usedh, visteam, winningpitcher",sv
Games,"attendance, hometeam, htbf, id, usedh, visteam, winningpitcher",date
Games,"attendance, hometeam, htbf, id, usedh, visteam, winningpitcher",losingpitcher
Games,"attendance, hometeam, htbf, losingpitcher, usedh, visteam, winningpitcher",id
Games,"attendance, hometeam, htbf, losingpitcher, usedh, visteam, winningpitcher",location
Games,"attendance, hometeam, htbf, losingpitcher, usedh, visteam, winningpitcher",sv
Games,"attendance, hometeam, htbf, losingpitcher, usedh, visteam, winningpitcher",date
Games,"attendance, date, hometeam, htbf, usedh, visteam, winningpitcher",location
Games,"attendance, date, hometeam, htbf, usedh, visteam, winningpitcher",sv
Games,"attendance, date, hometeam, htbf, usedh, visteam, winningpitcher",id
Games,"attendance, date, hometeam, htbf, usedh, visteam, winningpitcher",losingpitcher
Games,"attendance, hometeam, htbf, id, losingpitcher, visteam, winningpitcher",location
Games,"attendance, hometeam, htbf, id, losingpitcher, visteam, winningpitcher",sv
Games,"attendance, hometeam, htbf, id, losingpitcher, visteam, winningpitcher",usedh
Games,"attendance, hometeam, htbf, id, losingpitcher, visteam, winningpitcher",date
Games,"attendance, date, hometeam, htbf, id, visteam, winningpitcher",location
Games,"attendance, date, hometeam, htbf, id, visteam, winningpitcher",sv
Games,"attendance, date, hometeam, htbf, id, visteam, winningpitcher",usedh
Games,"attendance, date, hometeam, htbf, id, visteam, winningpitcher",losingpitcher
Games,"attendance, date, hometeam, htbf, losingpitcher, visteam, winningpitcher",location
Games,"attendance, date, hometeam, htbf, losingpitcher, visteam, winningpitcher",sv
Games,"attendance, date, hometeam, htbf, losingpitcher, visteam, winningpitcher",usedh
Games,"attendance, date, hometeam, htbf, losingpitcher, visteam, winningpitcher",id
Games,"attendance, hometeam, htbf, id, losingpitcher, usedh, winningpitcher",location
Games,"attendance, hometeam, htbf, id, losingpitcher, usedh, winningpitcher",sv
Games,"attendance, hometeam, htbf, id, losingpitcher, usedh, winningpitcher",date
Games,"attendance, hometeam, htbf, id, losingpitcher, usedh, winningpitcher",visteam
Games,"attendance, date, hometeam, htbf, id, usedh, winningpitcher",location
Games,"attendance, date, hometeam, htbf, id, usedh, winningpitcher",sv
Games,"attendance, date, hometeam, htbf, id, usedh, winningpitcher",visteam
Games,"attendance, date, hometeam, htbf, id, usedh, winningpitcher",losingpitcher
Games,"attendance, date, hometeam, htbf, losingpitcher, usedh, winningpitcher",id
Games,"attendance, date, hometeam, htbf, losingpitcher, usedh, winningpitcher",location
Games,"attendance, date, hometeam, htbf, losingpitcher, usedh, winningpitcher",sv
Games,"attendance, date, hometeam, htbf, losingpitcher, usedh, winningpitcher",visteam
Games,"attendance, date, hometeam, htbf, id, losingpitcher, winningpitcher",location
Games,"attendance, date, hometeam, htbf, id, losingpitcher, winningpitcher",sv
Games,"attendance, date, hometeam, htbf, id, losingpitcher, winningpitcher",usedh
Games,"attendance, date, hometeam, htbf, id, losingpitcher, winningpitcher",visteam
Games,"attendance, htbf, id, location, usedh, visteam, winningpitcher",hometeam
Games,"attendance, htbf, id, location, usedh, visteam, winningpitcher",sv
Games,"attendance, htbf, id, location, usedh, visteam, winningpitcher",date
Games,"attendance, htbf, id, location, usedh, visteam, winningpitcher",losingpitcher
Games,"attendance, htbf, location, losingpitcher, usedh, visteam, winningpitcher",hometeam
Games,"attendance, htbf, location, losingpitcher, usedh, visteam, winningpitcher",id
Games,"attendance, htbf, location, losingpitcher, usedh, visteam, winningpitcher",sv
Games,"attendance, htbf, location, losingpitcher, usedh, visteam, winningpitcher",date
Games,"attendance, date, htbf, location, usedh, visteam, winningpitcher",hometeam
Games,"attendance, date, htbf, location, usedh, visteam, winningpitcher",sv
Games,"attendance, date, htbf, location, usedh, visteam, winningpitcher",id
Games,"attendance, date, htbf, location, usedh, visteam, winningpitcher",losingpitcher
Games,"attendance, htbf, id, location, losingpitcher, visteam, winningpitcher",hometeam
Games,"attendance, htbf, id, location, losingpitcher, visteam, winningpitcher",sv
Games,"attendance, htbf, id, location, losingpitcher, visteam, winningpitcher",usedh
Games,"attendance, htbf, id, location, losingpitcher, visteam, winningpitcher",date
Games,"attendance, date, htbf, id, location, visteam, winningpitcher",hometeam
Games,"attendance, date, htbf, id, location, visteam, winningpitcher",sv
Games,"attendance, date, htbf, id, location, visteam, winningpitcher",usedh
Games,"attendance, date, htbf, id, location, visteam, winningpitcher",losingpitcher
Games,"attendance, date, htbf, location, losingpitcher, visteam, winningpitcher",hometeam
Games,"attendance, date, htbf, location, losingpitcher, visteam, winningpitcher",sv
Games,"attendance, date, htbf, location, losingpitcher, visteam, winningpitcher",usedh
Games,"attendance, date, htbf, location, losingpitcher, visteam, winningpitcher",id
Games,"attendance, htbf, id, location, losingpitcher, usedh, winningpitcher",hometeam
Games,"attendance, htbf, id, location, losingpitcher, usedh, winningpitcher",visteam
Games,"attendance, htbf, id, location, losingpitcher, usedh, winningpitcher",sv
Games,"attendance, htbf, id, location, losingpitcher, usedh, winningpitcher",date
Games,"attendance, date, htbf, id, location, usedh, winningpitcher",hometeam
Games,"attendance, date, htbf, id, location, usedh, winningpitcher",visteam
Games,"attendance, date, htbf, id, location, usedh, winningpitcher",sv
Games,"attendance, date, htbf, id, location, usedh, winningpitcher",losingpitcher
Games,"attendance, date, htbf, location, losingpitcher, usedh, winningpitcher",hometeam
Games,"attendance, date, htbf, location, losingpitcher, usedh, winningpitcher",visteam
Games,"attendance, date, htbf, location, losingpitcher, usedh, winningpitcher",sv
Games,"attendance, date, htbf, location, losingpitcher, usedh, winningpitcher",id
Games,"attendance, date, htbf, id, location, losingpitcher, winningpitcher",hometeam
Games,"attendance, date, htbf, id, location, losingpitcher, winningpitcher",visteam
Games,"attendance, date, htbf, id, location, losingpitcher, winningpitcher",sv
Games,"attendance, date, htbf, id, location, losingpitcher, winningpitcher",usedh
Games,"attendance, htbf, id, losingpitcher, usedh, visteam, winningpitcher",hometeam
Games,"attendance, htbf, id, losingpitcher, usedh, visteam, winningpitcher",location
Games,"attendance, htbf, id, losingpitcher, usedh, visteam, winningpitcher",sv
Games,"attendance, htbf, id, losingpitcher, usedh, visteam, winningpitcher",date
Games,"attendance, date, htbf, id, usedh, visteam, winningpitcher",hometeam
Games,"attendance, date, htbf, id, usedh, visteam, winningpitcher",location
Games,"attendance, date, htbf, id, usedh, visteam, winningpitcher",sv
Games,"attendance, date, htbf, id, usedh, visteam, winningpitcher",losingpitcher
Games,"attendance, date, htbf, losingpitcher, usedh, visteam, winningpitcher",hometeam
Games,"attendance, date, htbf, losingpitcher, usedh, visteam, winningpitcher",location
Games,"attendance, date, htbf, losingpitcher, usedh, visteam, winningpitcher",sv
Games,"attendance, date, htbf, losingpitcher, usedh, visteam, winningpitcher",id
Games,"attendance, date, htbf, id, losingpitcher, visteam, winningpitcher",hometeam
Games,"attendance, date, htbf, id, losingpitcher, visteam, winningpitcher",location
Games,"attendance, date, htbf, id, losingpitcher, visteam, winningpitcher",sv
Games,"attendance, date, htbf, id, losingpitcher, visteam, winningpitcher",usedh
Games,"attendance, date, htbf, id, losingpitcher, usedh, winningpitcher",hometeam
Games,"attendance, date, htbf, id, losingpitcher, usedh, winningpitcher",location
Games,"attendance, date, htbf, id, losingpitcher, usedh, winningpitcher",sv
Games,"attendance, date, htbf, id, losingpitcher, usedh, winningpitcher",visteam
Games,"attendance, hometeam, id, location, usedh, visteam, winningpitcher",date
Games,"attendance, hometeam, id, location, usedh, visteam, winningpitcher",sv
Games,"attendance, hometeam, id, location, usedh, visteam, winningpitcher",losingpitcher
Games,"attendance, hometeam, id, location, usedh, visteam, winningpitcher",htbf
Games,"attendance, hometeam, location, losingpitcher, usedh, visteam, winningpitcher",id
Games,"attendance, hometeam, location, losingpitcher, usedh, visteam, winningpitcher",sv
Games,"attendance, hometeam, location, losingpitcher, usedh, visteam, winningpitcher",date
Games,"attendance, hometeam, location, losingpitcher, usedh, visteam, winningpitcher",htbf
Games,"attendance, date, hometeam, location, usedh, visteam, winningpitcher",id
Games,"attendance, date, hometeam, location, usedh, visteam, winningpitcher",sv
Games,"attendance, date, hometeam, location, usedh, visteam, winningpitcher",losingpitcher
Games,"attendance, date, hometeam, location, usedh, visteam, winningpitcher",htbf
Games,"attendance, hometeam, id, location, losingpitcher, visteam, winningpitcher",sv
Games,"attendance, hometeam, id, location, losingpitcher, visteam, winningpitcher",usedh
Games,"attendance, hometeam, id, location, losingpitcher, visteam, winningpitcher",date
Games,"attendance, hometeam, id, location, losingpitcher, visteam, winningpitcher",htbf
Games,"attendance, date, hometeam, id, location, visteam, winningpitcher",sv
Games,"attendance, date, hometeam, id, location, visteam, winningpitcher",usedh
Games,"attendance, date, hometeam, id, location, visteam, winningpitcher",losingpitcher
Games,"attendance, date, hometeam, id, location, visteam, winningpitcher",htbf
Games,"attendance, date, hometeam, location, losingpitcher, visteam, winningpitcher",sv
Games,"attendance, date, hometeam, location, losingpitcher, visteam, winningpitcher",usedh
Games,"attendance, date, hometeam, location, losingpitcher, visteam, winningpitcher",id
Games,"attendance, date, hometeam, location, losingpitcher, visteam, winningpitcher",htbf
Games,"attendance, hometeam, id, location, losingpitcher, usedh, winningpitcher",visteam
Games,"attendance, hometeam, id, location, losingpitcher, usedh, winningpitcher",sv
Games,"attendance, hometeam, id, location, losingpitcher, usedh, winningpitcher",date
Games,"attendance, hometeam, id, location, losingpitcher, usedh, winningpitcher",htbf
Games,"attendance, date, hometeam, id, location, usedh, winningpitcher",visteam
Games,"attendance, date, hometeam, id, location, usedh, winningpitcher",sv
Games,"attendance, date, hometeam, id, location, usedh, winningpitcher",losingpitcher
Games,"attendance, date, hometeam, id, location, usedh, winningpitcher",htbf
Games,"attendance, date, hometeam, location, losingpitcher, usedh, winningpitcher",visteam
Games,"attendance, date, hometeam, location, losingpitcher, usedh, winningpitcher",sv
Games,"attendance, date, hometeam, location, losingpitcher, usedh, winningpitcher",id
Games,"attendance, date, hometeam, location, losingpitcher, usedh, winningpitcher",htbf
Games,"attendance, date, hometeam, id, location, losingpitcher, winningpitcher",visteam
Games,"attendance, date, hometeam, id, location, losingpitcher, winningpitcher",sv
Games,"attendance, date, hometeam, id, location, losingpitcher, winningpitcher",usedh
Games,"attendance, date, hometeam, id, location, losingpitcher, winningpitcher",htbf
Games,"attendance, hometeam, id, losingpitcher, usedh, visteam, winningpitcher",location
Games,"attendance, hometeam, id, losingpitcher, usedh, visteam, winningpitcher",sv
Games,"attendance, hometeam, id, losingpitcher, usedh, visteam, winningpitcher",date
Games,"attendance, hometeam, id, losingpitcher, usedh, visteam, winningpitcher",htbf
Games,"attendance, date, hometeam, id, usedh, visteam, winningpitcher",location
Games,"attendance, date, hometeam, id, usedh, visteam, winningpitcher",sv
Games,"attendance, date, hometeam, id, usedh, visteam, winningpitcher",losingpitcher
Games,"attendance, date, hometeam, id, usedh, visteam, winningpitcher",htbf
Games,"attendance, date, hometeam, losingpitcher, usedh, visteam, winningpitcher",location
Games,"attendance, date, hometeam, losingpitcher, usedh, visteam, winningpitcher",sv
Games,"attendance, date, hometeam, losingpitcher, usedh, visteam, winningpitcher",id
Games,"attendance, date, hometeam, losingpitcher, usedh, visteam, winningpitcher",htbf
Games,"attendance, date, hometeam, id, losingpitcher, visteam, winningpitcher",location
Games,"attendance, date, hometeam, id, losingpitcher, visteam, winningpitcher",sv
Games,"attendance, date, hometeam, id, losingpitcher, visteam, winningpitcher",usedh
Games,"attendance, date, hometeam, id, losingpitcher, visteam, winningpitcher",htbf
Games,"attendance, date, hometeam, id, losingpitcher, usedh, winningpitcher",location
Games,"attendance, date, hometeam, id, losingpitcher, usedh, winningpitcher",sv
Games,"attendance, date, hometeam, id, losingpitcher, usedh, winningpitcher",visteam
Games,"attendance, date, hometeam, id, losingpitcher, usedh, winningpitcher",htbf
Games,"attendance, id, location, losingpitcher, usedh, visteam, winningpitcher",hometeam
Games,"attendance, id, location, losingpitcher, usedh, visteam, winningpitcher",sv
Games,"attendance, id, location, losingpitcher, usedh, visteam, winningpitcher",date
Games,"attendance, id, location, losingpitcher, usedh, visteam, winningpitcher",htbf
Games,"attendance, date, id, location, usedh, visteam, winningpitcher",hometeam
Games,"attendance, date, id, location, usedh, visteam, winningpitcher",sv
Games,"attendance, date, id, location, usedh, visteam, winningpitcher",losingpitcher
Games,"attendance, date, id, location, usedh, visteam, winningpitcher",htbf
Games,"attendance, date, location, losingpitcher, usedh, visteam, winningpitcher",hometeam
Games,"attendance, date, location, losingpitcher, usedh, visteam, winningpitcher",sv
Games,"attendance, date, location, losingpitcher, usedh, visteam, winningpitcher",id
Games,"attendance, date, location, losingpitcher, usedh, visteam, winningpitcher",htbf
Games,"attendance, date, id, location, losingpitcher, visteam, winningpitcher",hometeam
Games,"attendance, date, id, location, losingpitcher, visteam, winningpitcher",sv
Games,"attendance, date, id, location, losingpitcher, visteam, winningpitcher",usedh
Games,"attendance, date, id, location, losingpitcher, visteam, winningpitcher",htbf
Games,"attendance, date, id, location, losingpitcher, usedh, winningpitcher",hometeam
Games,"attendance, date, id, location, losingpitcher, usedh, winningpitcher",visteam
Games,"attendance, date, id, location, losingpitcher, usedh, winningpitcher",sv
Games,"attendance, date, id, location, losingpitcher, usedh, winningpitcher",htbf
Games,"attendance, date, id, losingpitcher, usedh, visteam, winningpitcher",hometeam
Games,"attendance, date, id, losingpitcher, usedh, visteam, winningpitcher",location
Games,"attendance, date, id, losingpitcher, usedh, visteam, winningpitcher",sv
Games,"attendance, date, id, losingpitcher, usedh, visteam, winningpitcher",htbf
Games,"hometeam, htbf, location, sv, usedh, visteam, winningpitcher",attendance
Games,"hometeam, htbf, location, sv, usedh, visteam, winningpitcher",id
Games,"hometeam, htbf, location, sv, usedh, visteam, winningpitcher",date
Games,"hometeam, htbf, location, sv, usedh, visteam, winningpitcher",losingpitcher
Games,"hometeam, htbf, id, location, sv, visteam, winningpitcher",attendance
Games,"hometeam, htbf, id, location, sv, visteam, winningpitcher",usedh
Games,"hometeam, htbf, id, location, sv, visteam, winningpitcher",date
Games,"hometeam, htbf, id, location, sv, visteam, winningpitcher",losingpitcher
Games,"hometeam, htbf, location, losingpitcher, sv, visteam, winningpitcher",attendance
Games,"hometeam, htbf, location, losingpitcher, sv, visteam, winningpitcher",id
Games,"hometeam, htbf, location, losingpitcher, sv, visteam, winningpitcher",usedh
Games,"hometeam, htbf, location, losingpitcher, sv, visteam, winningpitcher",date
Games,"date, hometeam, htbf, location, sv, visteam, winningpitcher",attendance
Games,"date, hometeam, htbf, location, sv, visteam, winningpitcher",usedh
Games,"date, hometeam, htbf, location, sv, visteam, winningpitcher",id
Games,"date, hometeam, htbf, location, sv, visteam, winningpitcher",losingpitcher
Games,"hometeam, htbf, id, location, sv, usedh, winningpitcher",attendance
Games,"hometeam, htbf, id, location, sv, usedh, winningpitcher",visteam
Games,"hometeam, htbf, id, location, sv, usedh, winningpitcher",date
Games,"hometeam, htbf, id, location, sv, usedh, winningpitcher",losingpitcher
Games,"hometeam, htbf, location, losingpitcher, sv, usedh, winningpitcher",attendance
Games,"hometeam, htbf, location, losingpitcher, sv, usedh, winningpitcher",visteam
Games,"hometeam, htbf, location, losingpitcher, sv, usedh, winningpitcher",id
Games,"hometeam, htbf, location, losingpitcher, sv, usedh, winningpitcher",date
Games,"date, hometeam, htbf, location, sv, usedh, winningpitcher",attendance
Games,"date, hometeam, htbf, location, sv, usedh, winningpitcher",visteam
Games,"date, hometeam, htbf, location, sv, usedh, winningpitcher",id
Games,"date, hometeam, htbf, location, sv, usedh, winningpitcher",losingpitcher
Games,"hometeam, htbf, id, location, losingpitcher, sv, winningpitcher",attendance
Games,"hometeam, htbf, id, location, losingpitcher, sv, winningpitcher",visteam
Games,"hometeam, htbf, id, location, losingpitcher, sv, winningpitcher",usedh
Games,"hometeam, htbf, id, location, losingpitcher, sv, winningpitcher",date
Games,"date, hometeam, htbf, id, location, sv, winningpitcher",attendance
Games,"date, hometeam, htbf, id, location, sv, winningpitcher",visteam
Games,"date, hometeam, htbf, id, location, sv, winningpitcher",usedh
Games,"date, hometeam, htbf, id, location, sv, winningpitcher",losingpitcher
Games,"date, hometeam, htbf, location, losingpitcher, sv, winningpitcher",attendance
Games,"date, hometeam, htbf, location, losingpitcher, sv, winningpitcher",visteam
Games,"date, hometeam, htbf, location, losingpitcher, sv, winningpitcher",usedh
Games,"date, hometeam, htbf, location, losingpitcher, sv, winningpitcher",id
Games,"hometeam, htbf, id, sv, usedh, visteam, winningpitcher",attendance
Games,"hometeam, htbf, id, sv, usedh, visteam, winningpitcher",location
Games,"hometeam, htbf, id, sv, usedh, visteam, winningpitcher",date
Games,"hometeam, htbf, id, sv, usedh, visteam, winningpitcher",losingpitcher
Games,"hometeam, htbf, losingpitcher, sv, usedh, visteam, winningpitcher",attendance
Games,"hometeam, htbf, losingpitcher, sv, usedh, visteam, winningpitcher",location
Games,"hometeam, htbf, losingpitcher, sv, usedh, visteam, winningpitcher",id
Games,"hometeam, htbf, losingpitcher, sv, usedh, visteam, winningpitcher",date
Games,"date, hometeam, htbf, sv, usedh, visteam, winningpitcher",attendance
Games,"date, hometeam, htbf, sv, usedh, visteam, winningpitcher",location
Games,"date, hometeam, htbf, sv, usedh, visteam, winningpitcher",id
Games,"date, hometeam, htbf, sv, usedh, visteam, winningpitcher",losingpitcher
Games,"hometeam, htbf, id, losingpitcher, sv, visteam, winningpitcher",attendance
Games,"hometeam, htbf, id, losingpitcher, sv, visteam, winningpitcher",location
Games,"hometeam, htbf, id, losingpitcher, sv, visteam, winningpitcher",usedh
Games,"hometeam, htbf, id, losingpitcher, sv, visteam, winningpitcher",date
Games,"date, hometeam, htbf, id, sv, visteam, winningpitcher",attendance
Games,"date, hometeam, htbf, id, sv, visteam, winningpitcher",location
Games,"date, hometeam, htbf, id, sv, visteam, winningpitcher",usedh
Games,"date, hometeam, htbf, id, sv, visteam, winningpitcher",losingpitcher
Games,"date, hometeam, htbf, losingpitcher, sv, visteam, winningpitcher",attendance
Games,"date, hometeam, htbf, losingpitcher, sv, visteam, winningpitcher",location
Games,"date, hometeam, htbf, losingpitcher, sv, visteam, winningpitcher",usedh
Games,"date, hometeam, htbf, losingpitcher, sv, visteam, winningpitcher",id
Games,"hometeam, htbf, id, losingpitcher, sv, usedh, winningpitcher",attendance
Games,"hometeam, htbf, id, losingpitcher, sv, usedh, winningpitcher",visteam
Games,"hometeam, htbf, id, losingpitcher, sv, usedh, winningpitcher",date
Games,"hometeam, htbf, id, losingpitcher, sv, usedh, winningpitcher",location
Games,"date, hometeam, htbf, id, sv, usedh, winningpitcher",attendance
Games,"date, hometeam, htbf, id, sv, usedh, winningpitcher",visteam
Games,"date, hometeam, htbf, id, sv, usedh, winningpitcher",location
Games,"date, hometeam, htbf, id, sv, usedh, winningpitcher",losingpitcher
Games,"date, hometeam, htbf, losingpitcher, sv, usedh, winningpitcher",attendance
Games,"date, hometeam, htbf, losingpitcher, sv, usedh, winningpitcher",visteam
Games,"date, hometeam, htbf, losingpitcher, sv, usedh, winningpitcher",id
Games,"date, hometeam, htbf, losingpitcher, sv, usedh, winningpitcher",location
Games,"date, hometeam, htbf, id, losingpitcher, sv, winningpitcher",attendance
Games,"date, hometeam, htbf, id, losingpitcher, sv, winningpitcher",visteam
Games,"date, hometeam, htbf, id, losingpitcher, sv, winningpitcher",usedh
Games,"date, hometeam, htbf, id, losingpitcher, sv, winningpitcher",location
Games,"htbf, id, location, sv, usedh, visteam, winningpitcher",hometeam
Games,"htbf, id, location, sv, usedh, visteam, winningpitcher",attendance
Games,"htbf, id, location, sv, usedh, visteam, winningpitcher",date
Games,"htbf, id, location, sv, usedh, visteam, winningpitcher",losingpitcher
Games,"htbf, location, losingpitcher, sv, usedh, visteam, winningpitcher",hometeam
Games,"htbf, location, losingpitcher, sv, usedh, visteam, winningpitcher",attendance
Games,"htbf, location, losingpitcher, sv, usedh, visteam, winningpitcher",id
Games,"htbf, location, losingpitcher, sv, usedh, visteam, winningpitcher",date
Games,"date, htbf, location, sv, usedh, visteam, winningpitcher",hometeam
Games,"date, htbf, location, sv, usedh, visteam, winningpitcher",attendance
Games,"date, htbf, location, sv, usedh, visteam, winningpitcher",id
Games,"date, htbf, location, sv, usedh, visteam, winningpitcher",losingpitcher
Games,"htbf, id, location, losingpitcher, sv, visteam, winningpitcher",hometeam
Games,"htbf, id, location, losingpitcher, sv, visteam, winningpitcher",attendance
Games,"htbf, id, location, losingpitcher, sv, visteam, winningpitcher",usedh
Games,"htbf, id, location, losingpitcher, sv, visteam, winningpitcher",date
Games,"date, htbf, id, location, sv, visteam, winningpitcher",hometeam
Games,"date, htbf, id, location, sv, visteam, winningpitcher",attendance
Games,"date, htbf, id, location, sv, visteam, winningpitcher",usedh
Games,"date, htbf, id, location, sv, visteam, winningpitcher",losingpitcher
Games,"date, htbf, location, losingpitcher, sv, visteam, winningpitcher",hometeam
Games,"date, htbf, location, losingpitcher, sv, visteam, winningpitcher",attendance
Games,"date, htbf, location, losingpitcher, sv, visteam, winningpitcher",usedh
Games,"date, htbf, location, losingpitcher, sv, visteam, winningpitcher",id
Games,"htbf, id, location, losingpitcher, sv, usedh, winningpitcher",hometeam
Games,"htbf, id, location, losingpitcher, sv, usedh, winningpitcher",attendance
Games,"htbf, id, location, losingpitcher, sv, usedh, winningpitcher",visteam
Games,"htbf, id, location, losingpitcher, sv, usedh, winningpitcher",date
Games,"date, htbf, id, location, sv, usedh, winningpitcher",hometeam
Games,"date, htbf, id, location, sv, usedh, winningpitcher",attendance
Games,"date, htbf, id, location, sv, usedh, winningpitcher",visteam
Games,"date, htbf, id, location, sv, usedh, winningpitcher",losingpitcher
Games,"date, htbf, location, losingpitcher, sv, usedh, winningpitcher",hometeam
Games,"date, htbf, location, losingpitcher, sv, usedh, winningpitcher",attendance
Games,"date, htbf, location, losingpitcher, sv, usedh, winningpitcher",visteam
Games,"date, htbf, location, losingpitcher, sv, usedh, winningpitcher",id
Games,"date, htbf, id, location, losingpitcher, sv, winningpitcher",hometeam
Games,"date, htbf, id, location, losingpitcher, sv, winningpitcher",attendance
Games,"date, htbf, id, location, losingpitcher, sv, winningpitcher",visteam
Games,"date, htbf, id, location, losingpitcher, sv, winningpitcher",usedh
Games,"htbf, id, losingpitcher, sv, usedh, visteam, winningpitcher",hometeam
Games,"htbf, id, losingpitcher, sv, usedh, visteam, winningpitcher",attendance
Games,"htbf, id, losingpitcher, sv, usedh, visteam, winningpitcher",location
Games,"htbf, id, losingpitcher, sv, usedh, visteam, winningpitcher",date
Games,"date, htbf, id, sv, usedh, visteam, winningpitcher",hometeam
Games,"date, htbf, id, sv, usedh, visteam, winningpitcher",attendance
Games,"date, htbf, id, sv, usedh, visteam, winningpitcher",location
Games,"date, htbf, id, sv, usedh, visteam, winningpitcher",losingpitcher
Games,"date, htbf, losingpitcher, sv, usedh, visteam, winningpitcher",hometeam
Games,"date, htbf, losingpitcher, sv, usedh, visteam, winningpitcher",attendance
Games,"date, htbf, losingpitcher, sv, usedh, visteam, winningpitcher",location
Games,"date, htbf, losingpitcher, sv, usedh, visteam, winningpitcher",id
Games,"date, htbf, id, losingpitcher, sv, visteam, winningpitcher",hometeam
Games,"date, htbf, id, losingpitcher, sv, visteam, winningpitcher",attendance
Games,"date, htbf, id, losingpitcher, sv, visteam, winningpitcher",location
Games,"date, htbf, id, losingpitcher, sv, visteam, winningpitcher",usedh
Games,"date, htbf, id, losingpitcher, sv, usedh, winningpitcher",hometeam
Games,"date, htbf, id, losingpitcher, sv, usedh, winningpitcher",attendance
Games,"date, htbf, id, losingpitcher, sv, usedh, winningpitcher",visteam
Games,"date, htbf, id, losingpitcher, sv, usedh, winningpitcher",location
Games,"hometeam, id, location, sv, usedh, visteam, winningpitcher",attendance
Games,"hometeam, id, location, sv, usedh, visteam, winningpitcher",date
Games,"hometeam, id, location, sv, usedh, visteam, winningpitcher",losingpitcher
Games,"hometeam, id, location, sv, usedh, visteam, winningpitcher",htbf
Games,"hometeam, location, losingpitcher, sv, usedh, visteam, winningpitcher",attendance
Games,"hometeam, location, losingpitcher, sv, usedh, visteam, winningpitcher",id
Games,"hometeam, location, losingpitcher, sv, usedh, visteam, winningpitcher",date
Games,"hometeam, location, losingpitcher, sv, usedh, visteam, winningpitcher",htbf
Games,"date, hometeam, location, sv, usedh, visteam, winningpitcher",attendance
Games,"date, hometeam, location, sv, usedh, visteam, winningpitcher",id
Games,"date, hometeam, location, sv, usedh, visteam, winningpitcher",losingpitcher
Games,"date, hometeam, location, sv, usedh, visteam, winningpitcher",htbf
Games,"hometeam, id, location, losingpitcher, sv, visteam, winningpitcher",attendance
Games,"hometeam, id, location, losingpitcher, sv, visteam, winningpitcher",usedh
Games,"hometeam, id, location, losingpitcher, sv, visteam, winningpitcher",date
Games,"hometeam, id, location, losingpitcher, sv, visteam, winningpitcher",htbf
Games,"date, hometeam, id, location, sv, visteam, winningpitcher",attendance
Games,"date, hometeam, id, location, sv, visteam, winningpitcher",usedh
Games,"date, hometeam, id, location, sv, visteam, winningpitcher",losingpitcher
Games,"date, hometeam, id, location, sv, visteam, winningpitcher",htbf
Games,"date, hometeam, location, losingpitcher, sv, visteam, winningpitcher",attendance
Games,"date, hometeam, location, losingpitcher, sv, visteam, winningpitcher",usedh
Games,"date, hometeam, location, losingpitcher, sv, visteam, winningpitcher",id
Games,"date, hometeam, location, losingpitcher, sv, visteam, winningpitcher",htbf
Games,"hometeam, id, location, losingpitcher, sv, usedh, winningpitcher",attendance
Games,"hometeam, id, location, losingpitcher, sv, usedh, winningpitcher",visteam
Games,"hometeam, id, location, losingpitcher, sv, usedh, winningpitcher",date
Games,"hometeam, id, location, losingpitcher, sv, usedh, winningpitcher",htbf
Games,"date, hometeam, id, location, sv, usedh, winningpitcher",attendance
Games,"date, hometeam, id, location, sv, usedh, winningpitcher",visteam
Games,"date, hometeam, id, location, sv, usedh, winningpitcher",losingpitcher
Games,"date, hometeam, id, location, sv, usedh, winningpitcher",htbf
Games,"date, hometeam, location, losingpitcher, sv, usedh, winningpitcher",attendance
Games,"date, hometeam, location, losingpitcher, sv, usedh, winningpitcher",visteam
Games,"date, hometeam, location, losingpitcher, sv, usedh, winningpitcher",id
Games,"date, hometeam, location, losingpitcher, sv, usedh, winningpitcher",htbf
Games,"date, hometeam, id, location, losingpitcher, sv, winningpitcher",attendance
Games,"date, hometeam, id, location, losingpitcher, sv, winningpitcher",visteam
Games,"date, hometeam, id, location, losingpitcher, sv, winningpitcher",usedh
Games,"date, hometeam, id, location, losingpitcher, sv, winningpitcher",htbf
Games,"hometeam, id, losingpitcher, sv, usedh, visteam, winningpitcher",attendance
Games,"hometeam, id, losingpitcher, sv, usedh, visteam, winningpitcher",location
Games,"hometeam, id, losingpitcher, sv, usedh, visteam, winningpitcher",date
Games,"hometeam, id, losingpitcher, sv, usedh, visteam, winningpitcher",htbf
Games,"date, hometeam, id, sv, usedh, visteam, winningpitcher",attendance
Games,"date, hometeam, id, sv, usedh, visteam, winningpitcher",location
Games,"date, hometeam, id, sv, usedh, visteam, winningpitcher",losingpitcher
Games,"date, hometeam, id, sv, usedh, visteam, winningpitcher",htbf
Games,"date, hometeam, losingpitcher, sv, usedh, visteam, winningpitcher",attendance
Games,"date, hometeam, losingpitcher, sv, usedh, visteam, winningpitcher",location
Games,"date, hometeam, losingpitcher, sv, usedh, visteam, winningpitcher",id
Games,"date, hometeam, losingpitcher, sv, usedh, visteam, winningpitcher",htbf
Games,"date, hometeam, id, losingpitcher, sv, visteam, winningpitcher",attendance
Games,"date, hometeam, id, losingpitcher, sv, visteam, winningpitcher",location
Games,"date, hometeam, id, losingpitcher, sv, visteam, winningpitcher",usedh
Games,"date, hometeam, id, losingpitcher, sv, visteam, winningpitcher",htbf
Games,"date, hometeam, id, losingpitcher, sv, usedh, winningpitcher",attendance
Games,"date, hometeam, id, losingpitcher, sv, usedh, winningpitcher",visteam
Games,"date, hometeam, id, losingpitcher, sv, usedh, winningpitcher",location
Games,"date, hometeam, id, losingpitcher, sv, usedh, winningpitcher",htbf
Games,"id, location, losingpitcher, sv, usedh, visteam, winningpitcher",hometeam
Games,"id, location, losingpitcher, sv, usedh, visteam, winningpitcher",attendance
Games,"id, location, losingpitcher, sv, usedh, visteam, winningpitcher",date
Games,"id, location, losingpitcher, sv, usedh, visteam, winningpitcher",htbf
Games,"date, id, location, sv, usedh, visteam, winningpitcher",hometeam
Games,"date, id, location, sv, usedh, visteam, winningpitcher",attendance
Games,"date, id, location, sv, usedh, visteam, winningpitcher",losingpitcher
Games,"date, id, location, sv, usedh, visteam, winningpitcher",htbf
Games,"date, location, losingpitcher, sv, usedh, visteam, winningpitcher",hometeam
Games,"date, location, losingpitcher, sv, usedh, visteam, winningpitcher",attendance
Games,"date, location, losingpitcher, sv, usedh, visteam, winningpitcher",id
Games,"date, location, losingpitcher, sv, usedh, visteam, winningpitcher",htbf
Games,"date, id, location, losingpitcher, sv, visteam, winningpitcher",hometeam
Games,"date, id, location, losingpitcher, sv, visteam, winningpitcher",attendance
Games,"date, id, location, losingpitcher, sv, visteam, winningpitcher",usedh
Games,"date, id, location, losingpitcher, sv, visteam, winningpitcher",htbf
Games,"date, id, location, losingpitcher, sv, usedh, winningpitcher",hometeam
Games,"date, id, location, losingpitcher, sv, usedh, winningpitcher",attendance
Games,"date, id, location, losingpitcher, sv, usedh, winningpitcher",visteam
Games,"date, id, location, losingpitcher, sv, usedh, winningpitcher",htbf
Games,"date, id, losingpitcher, sv, usedh, visteam, winningpitcher",hometeam
Games,"date, id, losingpitcher, sv, usedh, visteam, winningpitcher",attendance
Games,"date, id, losingpitcher, sv, usedh, visteam, winningpitcher",location
Games,"date, id, losingpitcher, sv, usedh, visteam, winningpitcher",htbf
Games,"hometeam, htbf, id, location, usedh, visteam, winningpitcher",attendance
Games,"hometeam, htbf, id, location, usedh, visteam, winningpitcher",sv
Games,"hometeam, htbf, id, location, usedh, visteam, winningpitcher",date
Games,"hometeam, htbf, id, location, usedh, visteam, winningpitcher",losingpitcher
Games,"hometeam, htbf, location, losingpitcher, usedh, visteam, winningpitcher",id
Games,"hometeam, htbf, location, losingpitcher, usedh, visteam, winningpitcher",attendance
Games,"hometeam, htbf, location, losingpitcher, usedh, visteam, winningpitcher",sv
Games,"hometeam, htbf, location, losingpitcher, usedh, visteam, winningpitcher",date
Games,"date, hometeam, htbf, location, usedh, visteam, winningpitcher",attendance
Games,"date, hometeam, htbf, location, usedh, visteam, winningpitcher",sv
Games,"date, hometeam, htbf, location, usedh, visteam, winningpitcher",id
Games,"date, hometeam, htbf, location, usedh, visteam, winningpitcher",losingpitcher
Games,"hometeam, htbf, id, location, losingpitcher, visteam, winningpitcher",attendance
Games,"hometeam, htbf, id, location, losingpitcher, visteam, winningpitcher",sv
Games,"hometeam, htbf, id, location, losingpitcher, visteam, winningpitcher",usedh
Games,"hometeam, htbf, id, location, losingpitcher, visteam, winningpitcher",date
Games,"date, hometeam, htbf, id, location, visteam, winningpitcher",attendance
Games,"date, hometeam, htbf, id, location, visteam, winningpitcher",sv
Games,"date, hometeam, htbf, id, location, visteam, winningpitcher",usedh
Games,"date, hometeam, htbf, id, location, visteam, winningpitcher",losingpitcher
Games,"date, hometeam, htbf, location, losingpitcher, visteam, winningpitcher",attendance
Games,"date, hometeam, htbf, location, losingpitcher, visteam, winningpitcher",sv
Games,"date, hometeam, htbf, location, losingpitcher, visteam, winningpitcher",usedh
Games,"date, hometeam, htbf, location, losingpitcher, visteam, winningpitcher",id
Games,"hometeam, htbf, id, location, losingpitcher, usedh, winningpitcher",attendance
Games,"hometeam, htbf, id, location, losingpitcher, usedh, winningpitcher",visteam
Games,"hometeam, htbf, id, location, losingpitcher, usedh, winningpitcher",sv
Games,"hometeam, htbf, id, location, losingpitcher, usedh, winningpitcher",date
Games,"date, hometeam, htbf, id, location, usedh, winningpitcher",attendance
Games,"date, hometeam, htbf, id, location, usedh, winningpitcher",visteam
Games,"date, hometeam, htbf, id, location, usedh, winningpitcher",sv
Games,"date, hometeam, htbf, id, location, usedh, winningpitcher",losingpitcher
Games,"date, hometeam, htbf, location, losingpitcher, usedh, winningpitcher",attendance
Games,"date, hometeam, htbf, location, losingpitcher, usedh, winningpitcher",visteam
Games,"date, hometeam, htbf, location, losingpitcher, usedh, winningpitcher",sv
Games,"date, hometeam, htbf, location, losingpitcher, usedh, winningpitcher",id
Games,"date, hometeam, htbf, id, location, losingpitcher, winningpitcher",attendance
Games,"date, hometeam, htbf, id, location, losingpitcher, winningpitcher",visteam
Games,"date, hometeam, htbf, id, location, losingpitcher, winningpitcher",sv
Games,"date, hometeam, htbf, id, location, losingpitcher, winningpitcher",usedh
Games,"hometeam, htbf, id, losingpitcher, usedh, visteam, winningpitcher",attendance
Games,"hometeam, htbf, id, losingpitcher, usedh, visteam, winningpitcher",location
Games,"hometeam, htbf, id, losingpitcher, usedh, visteam, winningpitcher",sv
Games,"hometeam, htbf, id, losingpitcher, usedh, visteam, winningpitcher",date
Games,"date, hometeam, htbf, id, usedh, visteam, winningpitcher",attendance
Games,"date, hometeam, htbf, id, usedh, visteam, winningpitcher",location
Games,"date, hometeam, htbf, id, usedh, visteam, winningpitcher",sv
Games,"date, hometeam, htbf, id, usedh, visteam, winningpitcher",losingpitcher
Games,"date, hometeam, htbf, losingpitcher, usedh, visteam, winningpitcher",attendance
Games,"date, hometeam, htbf, losingpitcher, usedh, visteam, winningpitcher",location
Games,"date, hometeam, htbf, losingpitcher, usedh, visteam, winningpitcher",sv
Games,"date, hometeam, htbf, losingpitcher, usedh, visteam, winningpitcher",id
Games,"date, hometeam, htbf, id, losingpitcher, visteam, winningpitcher",attendance
Games,"date, hometeam, htbf, id, losingpitcher, visteam, winningpitcher",location
Games,"date, hometeam, htbf, id, losingpitcher, visteam, winningpitcher",sv
Games,"date, hometeam, htbf, id, losingpitcher, visteam, winningpitcher",usedh
Games,"date, hometeam, htbf, id, losingpitcher, usedh, winningpitcher",attendance
Games,"date, hometeam, htbf, id, losingpitcher, usedh, winningpitcher",visteam
Games,"date, hometeam, htbf, id, losingpitcher, usedh, winningpitcher",sv
Games,"date, hometeam, htbf, id, losingpitcher, usedh, winningpitcher",location
Games,"htbf, id, location, losingpitcher, usedh, visteam, winningpitcher",hometeam
Games,"htbf, id, location, losingpitcher, usedh, visteam, winningpitcher",attendance
Games,"htbf, id, location, losingpitcher, usedh, visteam, winningpitcher",sv
Games,"htbf, id, location, losingpitcher, usedh, visteam, winningpitcher",date
Games,"date, htbf, id, location, usedh, visteam, winningpitcher",hometeam
Games,"date, htbf, id, location, usedh, visteam, winningpitcher",attendance
Games,"date, htbf, id, location, usedh, visteam, winningpitcher",sv
Games,"date, htbf, id, location, usedh, visteam, winningpitcher",losingpitcher
Games,"date, htbf, location, losingpitcher, usedh, visteam, winningpitcher",hometeam
Games,"date, htbf, location, losingpitcher, usedh, visteam, winningpitcher",attendance
Games,"date, htbf, location, losingpitcher, usedh, visteam, winningpitcher",sv
Games,"date, htbf, location, losingpitcher, usedh, visteam, winningpitcher",id
Games,"date, htbf, id, location, losingpitcher, visteam, winningpitcher",hometeam
Games,"date, htbf, id, location, losingpitcher, visteam, winningpitcher",attendance
Games,"date, htbf, id, location, losingpitcher, visteam, winningpitcher",sv
Games,"date, htbf, id, location, losingpitcher, visteam, winningpitcher",usedh
Games,"date, htbf, id, location, losingpitcher, usedh, winningpitcher",hometeam
Games,"date, htbf, id, location, losingpitcher, usedh, winningpitcher",attendance
Games,"date, htbf, id, location, losingpitcher, usedh, winningpitcher",visteam
Games,"date, htbf, id, location, losingpitcher, usedh, winningpitcher",sv
Games,"date, htbf, id, losingpitcher, usedh, visteam, winningpitcher",hometeam
Games,"date, htbf, id, losingpitcher, usedh, visteam, winningpitcher",attendance
Games,"date, htbf, id, losingpitcher, usedh, visteam, winningpitcher",location
Games,"date, htbf, id, losingpitcher, usedh, visteam, winningpitcher",sv
Games,"hometeam, id, location, losingpitcher, usedh, visteam, winningpitcher",attendance
Games,"hometeam, id, location, losingpitcher, usedh, visteam, winningpitcher",sv
Games,"hometeam, id, location, losingpitcher, usedh, visteam, winningpitcher",date
Games,"hometeam, id, location, losingpitcher, usedh, visteam, winningpitcher",htbf
Games,"date, hometeam, id, location, usedh, visteam, winningpitcher",attendance
Games,"date, hometeam, id, location, usedh, visteam, winningpitcher",sv
Games,"date, hometeam, id, location, usedh, visteam, winningpitcher",losingpitcher
Games,"date, hometeam, id, location, usedh, visteam, winningpitcher",htbf
Games,"date, hometeam, location, losingpitcher, usedh, visteam, winningpitcher",attendance
Games,"date, hometeam, location, losingpitcher, usedh, visteam, winningpitcher",sv
Games,"date, hometeam, location, losingpitcher, usedh, visteam, winningpitcher",id
Games,"date, hometeam, location, losingpitcher, usedh, visteam, winningpitcher",htbf
Games,"date, hometeam, id, location, losingpitcher, visteam, winningpitcher",attendance
Games,"date, hometeam, id, location, losingpitcher, visteam, winningpitcher",sv
Games,"date, hometeam, id, location, losingpitcher, visteam, winningpitcher",usedh
Games,"date, hometeam, id, location, losingpitcher, visteam, winningpitcher",htbf
Games,"date, hometeam, id, location, losingpitcher, usedh, winningpitcher",attendance
Games,"date, hometeam, id, location, losingpitcher, usedh, winningpitcher",visteam
Games,"date, hometeam, id, location, losingpitcher, usedh, winningpitcher",sv
Games,"date, hometeam, id, location, losingpitcher, usedh, winningpitcher",htbf
Games,"date, hometeam, id, losingpitcher, usedh, visteam, winningpitcher",attendance
Games,"date, hometeam, id, losingpitcher, usedh, visteam, winningpitcher",location
Games,"date, hometeam, id, losingpitcher, usedh, visteam, winningpitcher",sv
Games,"date, hometeam, id, losingpitcher, usedh, visteam, winningpitcher",htbf
Games,"date, id, location, losingpitcher, usedh, visteam, winningpitcher",hometeam
Games,"date, id, location, losingpitcher, usedh, visteam, winningpitcher",attendance
Games,"date, id, location, losingpitcher, usedh, visteam, winningpitcher",sv
Games,"date, id, location, losingpitcher, usedh, visteam, winningpitcher",htbf
Games,"attendance, hometeam, htbf, location, sv, usedh, visteam",winningpitcher
Games,"attendance, hometeam, htbf, location, sv, usedh, visteam",id
Games,"attendance, hometeam, htbf, location, sv, usedh, visteam",date
Games,"attendance, hometeam, htbf, location, sv, usedh, visteam",losingpitcher
Games,"attendance, hometeam, htbf, id, location, sv, visteam",winningpitcher
Games,"attendance, hometeam, htbf, id, location, sv, visteam",usedh
Games,"attendance, hometeam, htbf, id, location, sv, visteam",date
Games,"attendance, hometeam, htbf, id, location, sv, visteam",losingpitcher
Games,"attendance, hometeam, htbf, location, losingpitcher, sv, visteam",winningpitcher
Games,"attendance, hometeam, htbf, location, losingpitcher, sv, visteam",id
Games,"attendance, hometeam, htbf, location, losingpitcher, sv, visteam",usedh
Games,"attendance, hometeam, htbf, location, losingpitcher, sv, visteam",date
Games,"attendance, date, hometeam, htbf, location, sv, visteam",winningpitcher
Games,"attendance, date, hometeam, htbf, location, sv, visteam",usedh
Games,"attendance, date, hometeam, htbf, location, sv, visteam",id
Games,"attendance, date, hometeam, htbf, location, sv, visteam",losingpitcher
Games,"attendance, hometeam, htbf, id, location, sv, usedh",winningpitcher
Games,"attendance, hometeam, htbf, id, location, sv, usedh",visteam
Games,"attendance, hometeam, htbf, id, location, sv, usedh",date
Games,"attendance, hometeam, htbf, id, location, sv, usedh",losingpitcher
Games,"attendance, hometeam, htbf, location, losingpitcher, sv, usedh",winningpitcher
Games,"attendance, hometeam, htbf, location, losingpitcher, sv, usedh",visteam
Games,"attendance, hometeam, htbf, location, losingpitcher, sv, usedh",id
Games,"attendance, hometeam, htbf, location, losingpitcher, sv, usedh",date
Games,"attendance, date, hometeam, htbf, location, sv, usedh",winningpitcher
Games,"attendance, date, hometeam, htbf, location, sv, usedh",visteam
Games,"attendance, date, hometeam, htbf, location, sv, usedh",id
Games,"attendance, date, hometeam, htbf, location, sv, usedh",losingpitcher
Games,"attendance, hometeam, htbf, id, location, losingpitcher, sv",winningpitcher
Games,"attendance, hometeam, htbf, id, location, losingpitcher, sv",visteam
Games,"attendance, hometeam, htbf, id, location, losingpitcher, sv",usedh
Games,"attendance, hometeam, htbf, id, location, losingpitcher, sv",date
Games,"attendance, date, hometeam, htbf, id, location, sv",winningpitcher
Games,"attendance, date, hometeam, htbf, id, location, sv",visteam
Games,"attendance, date, hometeam, htbf, id, location, sv",usedh
Games,"attendance, date, hometeam, htbf, id, location, sv",losingpitcher
Games,"attendance, date, hometeam, htbf, location, losingpitcher, sv",winningpitcher
Games,"attendance, date, hometeam, htbf, location, losingpitcher, sv",visteam
Games,"attendance, date, hometeam, htbf, location, losingpitcher, sv",usedh
Games,"attendance, date, hometeam, htbf, location, losingpitcher, sv",id
Games,"attendance, hometeam, htbf, id, sv, usedh, visteam",winningpitcher
Games,"attendance, hometeam, htbf, id, sv, usedh, visteam",location
Games,"attendance, hometeam, htbf, id, sv, usedh, visteam",date
Games,"attendance, hometeam, htbf, id, sv, usedh, visteam",losingpitcher
Games,"attendance, hometeam, htbf, losingpitcher, sv, usedh, visteam",winningpitcher
Games,"attendance, hometeam, htbf, losingpitcher, sv, usedh, visteam",location
Games,"attendance, hometeam, htbf, losingpitcher, sv, usedh, visteam",id
Games,"attendance, hometeam, htbf, losingpitcher, sv, usedh, visteam",date
Games,"attendance, date, hometeam, htbf, sv, usedh, visteam",winningpitcher
Games,"attendance, date, hometeam, htbf, sv, usedh, visteam",location
Games,"attendance, date, hometeam, htbf, sv, usedh, visteam",id
Games,"attendance, date, hometeam, htbf, sv, usedh, visteam",losingpitcher
Games,"attendance, hometeam, htbf, id, losingpitcher, sv, visteam",winningpitcher
Games,"attendance, hometeam, htbf, id, losingpitcher, sv, visteam",location
Games,"attendance, hometeam, htbf, id, losingpitcher, sv, visteam",usedh
Games,"attendance, hometeam, htbf, id, losingpitcher, sv, visteam",date
Games,"attendance, date, hometeam, htbf, id, sv, visteam",winningpitcher
Games,"attendance, date, hometeam, htbf, id, sv, visteam",location
Games,"attendance, date, hometeam, htbf, id, sv, visteam",usedh
Games,"attendance, date, hometeam, htbf, id, sv, visteam",losingpitcher
Games,"attendance, date, hometeam, htbf, losingpitcher, sv, visteam",winningpitcher
Games,"attendance, date, hometeam, htbf, losingpitcher, sv, visteam",location
Games,"attendance, date, hometeam, htbf, losingpitcher, sv, visteam",usedh
Games,"attendance, date, hometeam, htbf, losingpitcher, sv, visteam",id
Games,"attendance, hometeam, htbf, id, losingpitcher, sv, usedh",winningpitcher
Games,"attendance, hometeam, htbf, id, losingpitcher, sv, usedh",location
Games,"attendance, hometeam, htbf, id, losingpitcher, sv, usedh",date
Games,"attendance, hometeam, htbf, id, losingpitcher, sv, usedh",visteam
Games,"attendance, date, hometeam, htbf, id, sv, usedh",winningpitcher
Games,"attendance, date, hometeam, htbf, id, sv, usedh",location
Games,"attendance, date, hometeam, htbf, id, sv, usedh",visteam
Games,"attendance, date, hometeam, htbf, id, sv, usedh",losingpitcher
Games,"attendance, date, hometeam, htbf, losingpitcher, sv, usedh",winningpitcher
Games,"attendance, date, hometeam, htbf, losingpitcher, sv, usedh",location
Games,"attendance, date, hometeam, htbf, losingpitcher, sv, usedh",id
Games,"attendance, date, hometeam, htbf, losingpitcher, sv, usedh",visteam
Games,"attendance, date, hometeam, htbf, id, losingpitcher, sv",winningpitcher
Games,"attendance, date, hometeam, htbf, id, losingpitcher, sv",location
Games,"attendance, date, hometeam, htbf, id, losingpitcher, sv",usedh
Games,"attendance, date, hometeam, htbf, id, losingpitcher, sv",visteam
Games,"attendance, htbf, id, location, sv, usedh, visteam",winningpitcher
Games,"attendance, htbf, id, location, sv, usedh, visteam",hometeam
Games,"attendance, htbf, id, location, sv, usedh, visteam",date
Games,"attendance, htbf, id, location, sv, usedh, visteam",losingpitcher
Games,"attendance, htbf, location, losingpitcher, sv, usedh, visteam",winningpitcher
Games,"attendance, htbf, location, losingpitcher, sv, usedh, visteam",hometeam
Games,"attendance, htbf, location, losingpitcher, sv, usedh, visteam",id
Games,"attendance, htbf, location, losingpitcher, sv, usedh, visteam",date
Games,"attendance, date, htbf, location, sv, usedh, visteam",winningpitcher
Games,"attendance, date, htbf, location, sv, usedh, visteam",hometeam
Games,"attendance, date, htbf, location, sv, usedh, visteam",id
Games,"attendance, date, htbf, location, sv, usedh, visteam",losingpitcher
Games,"attendance, htbf, id, location, losingpitcher, sv, visteam",winningpitcher
Games,"attendance, htbf, id, location, losingpitcher, sv, visteam",hometeam
Games,"attendance, htbf, id, location, losingpitcher, sv, visteam",usedh
Games,"attendance, htbf, id, location, losingpitcher, sv, visteam",date
Games,"attendance, date, htbf, id, location, sv, visteam",winningpitcher
Games,"attendance, date, htbf, id, location, sv, visteam",hometeam
Games,"attendance, date, htbf, id, location, sv, visteam",usedh
Games,"attendance, date, htbf, id, location, sv, visteam",losingpitcher
Games,"attendance, date, htbf, location, losingpitcher, sv, visteam",winningpitcher
Games,"attendance, date, htbf, location, losingpitcher, sv, visteam",hometeam
Games,"attendance, date, htbf, location, losingpitcher, sv, visteam",usedh
Games,"attendance, date, htbf, location, losingpitcher, sv, visteam",id
Games,"attendance, htbf, id, location, losingpitcher, sv, usedh",winningpitcher
Games,"attendance, htbf, id, location, losingpitcher, sv, usedh",hometeam
Games,"attendance, htbf, id, location, losingpitcher, sv, usedh",visteam
Games,"attendance, htbf, id, location, losingpitcher, sv, usedh",date
Games,"attendance, date, htbf, id, location, sv, usedh",winningpitcher
Games,"attendance, date, htbf, id, location, sv, usedh",hometeam
Games,"attendance, date, htbf, id, location, sv, usedh",visteam
Games,"attendance, date, htbf, id, location, sv, usedh",losingpitcher
Games,"attendance, date, htbf, location, losingpitcher, sv, usedh",winningpitcher
Games,"attendance, date, htbf, location, losingpitcher, sv, usedh",hometeam
Games,"attendance, date, htbf, location, losingpitcher, sv, usedh",visteam
Games,"attendance, date, htbf, location, losingpitcher, sv, usedh",id
Games,"attendance, date, htbf, id, location, losingpitcher, sv",winningpitcher
Games,"attendance, date, htbf, id, location, losingpitcher, sv",hometeam
Games,"attendance, date, htbf, id, location, losingpitcher, sv",visteam
Games,"attendance, date, htbf, id, location, losingpitcher, sv",usedh
Games,"attendance, htbf, id, losingpitcher, sv, usedh, visteam",winningpitcher
Games,"attendance, htbf, id, losingpitcher, sv, usedh, visteam",hometeam
Games,"attendance, htbf, id, losingpitcher, sv, usedh, visteam",location
Games,"attendance, htbf, id, losingpitcher, sv, usedh, visteam",date
Games,"attendance, date, htbf, id, sv, usedh, visteam",winningpitcher
Games,"attendance, date, htbf, id, sv, usedh, visteam",hometeam
Games,"attendance, date, htbf, id, sv, usedh, visteam",location
Games,"attendance, date, htbf, id, sv, usedh, visteam",losingpitcher
Games,"attendance, date, htbf, losingpitcher, sv, usedh, visteam",winningpitcher
Games,"attendance, date, htbf, losingpitcher, sv, usedh, visteam",hometeam
Games,"attendance, date, htbf, losingpitcher, sv, usedh, visteam",location
Games,"attendance, date, htbf, losingpitcher, sv, usedh, visteam",id
Games,"attendance, date, htbf, id, losingpitcher, sv, visteam",winningpitcher
Games,"attendance, date, htbf, id, losingpitcher, sv, visteam",hometeam
Games,"attendance, date, htbf, id, losingpitcher, sv, visteam",location
Games,"attendance, date, htbf, id, losingpitcher, sv, visteam",usedh
Games,"attendance, date, htbf, id, losingpitcher, sv, usedh",winningpitcher
Games,"attendance, date, htbf, id, losingpitcher, sv, usedh",hometeam
Games,"attendance, date, htbf, id, losingpitcher, sv, usedh",location
Games,"attendance, date, htbf, id, losingpitcher, sv, usedh",visteam
Games,"attendance, hometeam, id, location, sv, usedh, visteam",winningpitcher
Games,"attendance, hometeam, id, location, sv, usedh, visteam",date
Games,"attendance, hometeam, id, location, sv, usedh, visteam",losingpitcher
Games,"attendance, hometeam, id, location, sv, usedh, visteam",htbf
Games,"attendance, hometeam, location, losingpitcher, sv, usedh, visteam",winningpitcher
Games,"attendance, hometeam, location, losingpitcher, sv, usedh, visteam",id
Games,"attendance, hometeam, location, losingpitcher, sv, usedh, visteam",date
Games,"attendance, hometeam, location, losingpitcher, sv, usedh, visteam",htbf
Games,"attendance, date, hometeam, location, sv, usedh, visteam",winningpitcher
Games,"attendance, date, hometeam, location, sv, usedh, visteam",id
Games,"attendance, date, hometeam, location, sv, usedh, visteam",losingpitcher
Games,"attendance, date, hometeam, location, sv, usedh, visteam",htbf
Games,"attendance, hometeam, id, location, losingpitcher, sv, visteam",winningpitcher
Games,"attendance, hometeam, id, location, losingpitcher, sv, visteam",usedh
Games,"attendance, hometeam, id, location, losingpitcher, sv, visteam",date
Games,"attendance, hometeam, id, location, losingpitcher, sv, visteam",htbf
Games,"attendance, date, hometeam, id, location, sv, visteam",winningpitcher
Games,"attendance, date, hometeam, id, location, sv, visteam",usedh
Games,"attendance, date, hometeam, id, location, sv, visteam",losingpitcher
Games,"attendance, date, hometeam, id, location, sv, visteam",htbf
Games,"attendance, date, hometeam, location, losingpitcher, sv, visteam",winningpitcher
Games,"attendance, date, hometeam, location, losingpitcher, sv, visteam",usedh
Games,"attendance, date, hometeam, location, losingpitcher, sv, visteam",id
Games,"attendance, date, hometeam, location, losingpitcher, sv, visteam",htbf
Games,"attendance, hometeam, id, location, losingpitcher, sv, usedh",winningpitcher
Games,"attendance, hometeam, id, location, losingpitcher, sv, usedh",visteam
Games,"attendance, hometeam, id, location, losingpitcher, sv, usedh",date
Games,"attendance, hometeam, id, location, losingpitcher, sv, usedh",htbf
Games,"attendance, date, hometeam, id, location, sv, usedh",winningpitcher
Games,"attendance, date, hometeam, id, location, sv, usedh",visteam
Games,"attendance, date, hometeam, id, location, sv, usedh",losingpitcher
Games,"attendance, date, hometeam, id, location, sv, usedh",htbf
Games,"attendance, date, hometeam, location, losingpitcher, sv, usedh",winningpitcher
Games,"attendance, date, hometeam, location, losingpitcher, sv, usedh",visteam
Games,"attendance, date, hometeam, location, losingpitcher, sv, usedh",id
Games,"attendance, date, hometeam, location, losingpitcher, sv, usedh",htbf
Games,"attendance, date, hometeam, id, location, losingpitcher, sv",winningpitcher
Games,"attendance, date, hometeam, id, location, losingpitcher, sv",visteam
Games,"attendance, date, hometeam, id, location, losingpitcher, sv",usedh
Games,"attendance, date, hometeam, id, location, losingpitcher, sv",htbf
Games,"attendance, hometeam, id, losingpitcher, sv, usedh, visteam",winningpitcher
Games,"attendance, hometeam, id, losingpitcher, sv, usedh, visteam",location
Games,"attendance, hometeam, id, losingpitcher, sv, usedh, visteam",date
Games,"attendance, hometeam, id, losingpitcher, sv, usedh, visteam",htbf
Games,"attendance, date, hometeam, id, sv, usedh, visteam",winningpitcher
Games,"attendance, date, hometeam, id, sv, usedh, visteam",location
Games,"attendance, date, hometeam, id, sv, usedh, visteam",losingpitcher
Games,"attendance, date, hometeam, id, sv, usedh, visteam",htbf
Games,"attendance, date, hometeam, losingpitcher, sv, usedh, visteam",winningpitcher
Games,"attendance, date, hometeam, losingpitcher, sv, usedh, visteam",location
Games,"attendance, date, hometeam, losingpitcher, sv, usedh, visteam",id
Games,"attendance, date, hometeam, losingpitcher, sv, usedh, visteam",htbf
Games,"attendance, date, hometeam, id, losingpitcher, sv, visteam",winningpitcher
Games,"attendance, date, hometeam, id, losingpitcher, sv, visteam",location
Games,"attendance, date, hometeam, id, losingpitcher, sv, visteam",usedh
Games,"attendance, date, hometeam, id, losingpitcher, sv, visteam",htbf
Games,"attendance, date, hometeam, id, losingpitcher, sv, usedh",winningpitcher
Games,"attendance, date, hometeam, id, losingpitcher, sv, usedh",location
Games,"attendance, date, hometeam, id, losingpitcher, sv, usedh",visteam
Games,"attendance, date, hometeam, id, losingpitcher, sv, usedh",htbf
Games,"attendance, id, location, losingpitcher, sv, usedh, visteam",winningpitcher
Games,"attendance, id, location, losingpitcher, sv, usedh, visteam",hometeam
Games,"attendance, id, location, losingpitcher, sv, usedh, visteam",date
Games,"attendance, id, location, losingpitcher, sv, usedh, visteam",htbf
Games,"attendance, date, id, location, sv, usedh, visteam",winningpitcher
Games,"attendance, date, id, location, sv, usedh, visteam",hometeam
Games,"attendance, date, id, location, sv, usedh, visteam",losingpitcher
Games,"attendance, date, id, location, sv, usedh, visteam",htbf
Games,"attendance, date, location, losingpitcher, sv, usedh, visteam",winningpitcher
Games,"attendance, date, location, losingpitcher, sv, usedh, visteam",hometeam
Games,"attendance, date, location, losingpitcher, sv, usedh, visteam",id
Games,"attendance, date, location, losingpitcher, sv, usedh, visteam",htbf
Games,"attendance, date, id, location, losingpitcher, sv, visteam",winningpitcher
Games,"attendance, date, id, location, losingpitcher, sv, visteam",hometeam
Games,"attendance, date, id, location, losingpitcher, sv, visteam",usedh
Games,"attendance, date, id, location, losingpitcher, sv, visteam",htbf
Games,"attendance, date, id, location, losingpitcher, sv, usedh",winningpitcher
Games,"attendance, date, id, location, losingpitcher, sv, usedh",hometeam
Games,"attendance, date, id, location, losingpitcher, sv, usedh",visteam
Games,"attendance, date, id, location, losingpitcher, sv, usedh",htbf
Games,"attendance, date, id, losingpitcher, sv, usedh, visteam",winningpitcher
Games,"attendance, date, id, losingpitcher, sv, usedh, visteam",hometeam
Games,"attendance, date, id, losingpitcher, sv, usedh, visteam",location
Games,"attendance, date, id, losingpitcher, sv, usedh, visteam",htbf
Games,"attendance, hometeam, htbf, id, location, usedh, visteam",winningpitcher
Games,"attendance, hometeam, htbf, id, location, usedh, visteam",sv
Games,"attendance, hometeam, htbf, id, location, usedh, visteam",date
Games,"attendance, hometeam, htbf, id, location, usedh, visteam",losingpitcher
Games,"attendance, hometeam, htbf, location, losingpitcher, usedh, visteam",winningpitcher
Games,"attendance, hometeam, htbf, location, losingpitcher, usedh, visteam",id
Games,"attendance, hometeam, htbf, location, losingpitcher, usedh, visteam",sv
Games,"attendance, hometeam, htbf, location, losingpitcher, usedh, visteam",date
Games,"attendance, date, hometeam, htbf, location, usedh, visteam",winningpitcher
Games,"attendance, date, hometeam, htbf, location, usedh, visteam",sv
Games,"attendance, date, hometeam, htbf, location, usedh, visteam",id
Games,"attendance, date, hometeam, htbf, location, usedh, visteam",losingpitcher
Games,"attendance, hometeam, htbf, id, location, losingpitcher, visteam",winningpitcher
Games,"attendance, hometeam, htbf, id, location, losingpitcher, visteam",sv
Games,"attendance, hometeam, htbf, id, location, losingpitcher, visteam",usedh
Games,"attendance, hometeam, htbf, id, location, losingpitcher, visteam",date
Games,"attendance, date, hometeam, htbf, id, location, visteam",winningpitcher
Games,"attendance, date, hometeam, htbf, id, location, visteam",sv
Games,"attendance, date, hometeam, htbf, id, location, visteam",usedh
Games,"attendance, date, hometeam, htbf, id, location, visteam",losingpitcher
Games,"attendance, date, hometeam, htbf, location, losingpitcher, visteam",winningpitcher
Games,"attendance, date, hometeam, htbf, location, losingpitcher, visteam",sv
Games,"attendance, date, hometeam, htbf, location, losingpitcher, visteam",usedh
Games,"attendance, date, hometeam, htbf, location, losingpitcher, visteam",id
Games,"attendance, hometeam, htbf, id, location, losingpitcher, usedh",winningpitcher
Games,"attendance, hometeam, htbf, id, location, losingpitcher, usedh",visteam
Games,"attendance, hometeam, htbf, id, location, losingpitcher, usedh",sv
Games,"attendance, hometeam, htbf, id, location, losingpitcher, usedh",date
Games,"attendance, date, hometeam, htbf, id, location, usedh",winningpitcher
Games,"attendance, date, hometeam, htbf, id, location, usedh",visteam
Games,"attendance, date, hometeam, htbf, id, location, usedh",sv
Games,"attendance, date, hometeam, htbf, id, location, usedh",losingpitcher
Games,"attendance, date, hometeam, htbf, location, losingpitcher, usedh",winningpitcher
Games,"attendance, date, hometeam, htbf, location, losingpitcher, usedh",visteam
Games,"attendance, date, hometeam, htbf, location, losingpitcher, usedh",sv
Games,"attendance, date, hometeam, htbf, location, losingpitcher, usedh",id
Games,"attendance, date, hometeam, htbf, id, location, losingpitcher",winningpitcher
Games,"attendance, date, hometeam, htbf, id, location, losingpitcher",visteam
Games,"attendance, date, hometeam, htbf, id, location, losingpitcher",sv
Games,"attendance, date, hometeam, htbf, id, location, losingpitcher",usedh
Games,"attendance, hometeam, htbf, id, losingpitcher, usedh, visteam",winningpitcher
Games,"attendance, hometeam, htbf, id, losingpitcher, usedh, visteam",location
Games,"attendance, hometeam, htbf, id, losingpitcher, usedh, visteam",sv
Games,"attendance, hometeam, htbf, id, losingpitcher, usedh, visteam",date
Games,"attendance, date, hometeam, htbf, id, usedh, visteam",winningpitcher
Games,"attendance, date, hometeam, htbf, id, usedh, visteam",location
Games,"attendance, date, hometeam, htbf, id, usedh, visteam",sv
Games,"attendance, date, hometeam, htbf, id, usedh, visteam",losingpitcher
Games,"attendance, date, hometeam, htbf, losingpitcher, usedh, visteam",winningpitcher
Games,"attendance, date, hometeam, htbf, losingpitcher, usedh, visteam",location
Games,"attendance, date, hometeam, htbf, losingpitcher, usedh, visteam",sv
Games,"attendance, date, hometeam, htbf, losingpitcher, usedh, visteam",id
Games,"attendance, date, hometeam, htbf, id, losingpitcher, visteam",winningpitcher
Games,"attendance, date, hometeam, htbf, id, losingpitcher, visteam",location
Games,"attendance, date, hometeam, htbf, id, losingpitcher, visteam",sv
Games,"attendance, date, hometeam, htbf, id, losingpitcher, visteam",usedh
Games,"attendance, date, hometeam, htbf, id, losingpitcher, usedh",winningpitcher
Games,"attendance, date, hometeam, htbf, id, losingpitcher, usedh",location
Games,"attendance, date, hometeam, htbf, id, losingpitcher, usedh",sv
Games,"attendance, date, hometeam, htbf, id, losingpitcher, usedh",visteam
Games,"attendance, htbf, id, location, losingpitcher, usedh, visteam",winningpitcher
Games,"attendance, htbf, id, location, losingpitcher, usedh, visteam",hometeam
Games,"attendance, htbf, id, location, losingpitcher, usedh, visteam",sv
Games,"attendance, htbf, id, location, losingpitcher, usedh, visteam",date
Games,"attendance, date, htbf, id, location, usedh, visteam",winningpitcher
Games,"attendance, date, htbf, id, location, usedh, visteam",hometeam
Games,"attendance, date, htbf, id, location, usedh, visteam",sv
Games,"attendance, date, htbf, id, location, usedh, visteam",losingpitcher
Games,"attendance, date, htbf, location, losingpitcher, usedh, visteam",winningpitcher
Games,"attendance, date, htbf, location, losingpitcher, usedh, visteam",hometeam
Games,"attendance, date, htbf, location, losingpitcher, usedh, visteam",sv
Games,"attendance, date, htbf, location, losingpitcher, usedh, visteam",id
Games,"attendance, date, htbf, id, location, losingpitcher, visteam",winningpitcher
Games,"attendance, date, htbf, id, location, losingpitcher, visteam",hometeam
Games,"attendance, date, htbf, id, location, losingpitcher, visteam",sv
Games,"attendance, date, htbf, id, location, losingpitcher, visteam",usedh
Games,"attendance, date, htbf, id, location, losingpitcher, usedh",winningpitcher
Games,"attendance, date, htbf, id, location, losingpitcher, usedh",hometeam
Games,"attendance, date, htbf, id, location, losingpitcher, usedh",visteam
Games,"attendance, date, htbf, id, location, losingpitcher, usedh",sv
Games,"attendance, date, htbf, id, losingpitcher, usedh, visteam",winningpitcher
Games,"attendance, date, htbf, id, losingpitcher, usedh, visteam",hometeam
Games,"attendance, date, htbf, id, losingpitcher, usedh, visteam",location
Games,"attendance, date, htbf, id, losingpitcher, usedh, visteam",sv
Games,"attendance, hometeam, id, location, losingpitcher, usedh, visteam",winningpitcher
Games,"attendance, hometeam, id, location, losingpitcher, usedh, visteam",sv
Games,"attendance, hometeam, id, location, losingpitcher, usedh, visteam",date
Games,"attendance, hometeam, id, location, losingpitcher, usedh, visteam",htbf
Games,"attendance, date, hometeam, id, location, usedh, visteam",winningpitcher
Games,"attendance, date, hometeam, id, location, usedh, visteam",sv
Games,"attendance, date, hometeam, id, location, usedh, visteam",losingpitcher
Games,"attendance, date, hometeam, id, location, usedh, visteam",htbf
Games,"attendance, date, hometeam, location, losingpitcher, usedh, visteam",winningpitcher
Games,"attendance, date, hometeam, location, losingpitcher, usedh, visteam",sv
Games,"attendance, date, hometeam, location, losingpitcher, usedh, visteam",id
Games,"attendance, date, hometeam, location, losingpitcher, usedh, visteam",htbf
Games,"attendance, date, hometeam, id, location, losingpitcher, visteam",winningpitcher
Games,"attendance, date, hometeam, id, location, losingpitcher, visteam",sv
Games,"attendance, date, hometeam, id, location, losingpitcher, visteam",usedh
Games,"attendance, date, hometeam, id, location, losingpitcher, visteam",htbf
Games,"attendance, date, hometeam, id, location, losingpitcher, usedh",winningpitcher
Games,"attendance, date, hometeam, id, location, losingpitcher, usedh",visteam
Games,"attendance, date, hometeam, id, location, losingpitcher, usedh",sv
Games,"attendance, date, hometeam, id, location, losingpitcher, usedh",htbf
Games,"attendance, date, hometeam, id, losingpitcher, usedh, visteam",winningpitcher
Games,"attendance, date, hometeam, id, losingpitcher, usedh, visteam",location
Games,"attendance, date, hometeam, id, losingpitcher, usedh, visteam",sv
Games,"attendance, date, hometeam, id, losingpitcher, usedh, visteam",htbf
Games,"attendance, date, id, location, losingpitcher, usedh, visteam",winningpitcher
Games,"attendance, date, id, location, losingpitcher, usedh, visteam",hometeam
Games,"attendance, date, id, location, losingpitcher, usedh, visteam",sv
Games,"attendance, date, id, location, losingpitcher, usedh, visteam",htbf
Games,"hometeam, htbf, id, location, sv, usedh, visteam",winningpitcher
Games,"hometeam, htbf, id, location, sv, usedh, visteam",attendance
Games,"hometeam, htbf, id, location, sv, usedh, visteam",date
Games,"hometeam, htbf, id, location, sv, usedh, visteam",losingpitcher
Games,"hometeam, htbf, location, losingpitcher, sv, usedh, visteam",winningpitcher
Games,"hometeam, htbf, location, losingpitcher, sv, usedh, visteam",attendance
Games,"hometeam, htbf, location, losingpitcher, sv, usedh, visteam",id
Games,"hometeam, htbf, location, losingpitcher, sv, usedh, visteam",date
Games,"date, hometeam, htbf, location, sv, usedh, visteam",winningpitcher
Games,"date, hometeam, htbf, location, sv, usedh, visteam",attendance
Games,"date, hometeam, htbf, location, sv, usedh, visteam",id
Games,"date, hometeam, htbf, location, sv, usedh, visteam",losingpitcher
Games,"hometeam, htbf, id, location, losingpitcher, sv, visteam",winningpitcher
Games,"hometeam, htbf, id, location, losingpitcher, sv, visteam",attendance
Games,"hometeam, htbf, id, location, losingpitcher, sv, visteam",usedh
Games,"hometeam, htbf, id, location, losingpitcher, sv, visteam",date
Games,"date, hometeam, htbf, id, location, sv, visteam",winningpitcher
Games,"date, hometeam, htbf, id, location, sv, visteam",attendance
Games,"date, hometeam, htbf, id, location, sv, visteam",usedh
Games,"date, hometeam, htbf, id, location, sv, visteam",losingpitcher
Games,"date, hometeam, htbf, location, losingpitcher, sv, visteam",winningpitcher
Games,"date, hometeam, htbf, location, losingpitcher, sv, visteam",attendance
Games,"date, hometeam, htbf, location, losingpitcher, sv, visteam",usedh
Games,"date, hometeam, htbf, location, losingpitcher, sv, visteam",id
Games,"hometeam, htbf, id, location, losingpitcher, sv, usedh",winningpitcher
Games,"hometeam, htbf, id, location, losingpitcher, sv, usedh",attendance
Games,"hometeam, htbf, id, location, losingpitcher, sv, usedh",visteam
Games,"hometeam, htbf, id, location, losingpitcher, sv, usedh",date
Games,"date, hometeam, htbf, id, location, sv, usedh",winningpitcher
Games,"date, hometeam, htbf, id, location, sv, usedh",attendance
Games,"date, hometeam, htbf, id, location, sv, usedh",visteam
Games,"date, hometeam, htbf, id, location, sv, usedh",losingpitcher
Games,"date, hometeam, htbf, location, losingpitcher, sv, usedh",winningpitcher
Games,"date, hometeam, htbf, location, losingpitcher, sv, usedh",attendance
Games,"date, hometeam, htbf, location, losingpitcher, sv, usedh",visteam
Games,"date, hometeam, htbf, location, losingpitcher, sv, usedh",id
Games,"date, hometeam, htbf, id, location, losingpitcher, sv",winningpitcher
Games,"date, hometeam, htbf, id, location, losingpitcher, sv",attendance
Games,"date, hometeam, htbf, id, location, losingpitcher, sv",visteam
Games,"date, hometeam, htbf, id, location, losingpitcher, sv",usedh
Games,"hometeam, htbf, id, losingpitcher, sv, usedh, visteam",winningpitcher
Games,"hometeam, htbf, id, losingpitcher, sv, usedh, visteam",attendance
Games,"hometeam, htbf, id, losingpitcher, sv, usedh, visteam",location
Games,"hometeam, htbf, id, losingpitcher, sv, usedh, visteam",date
Games,"date, hometeam, htbf, id, sv, usedh, visteam",winningpitcher
Games,"date, hometeam, htbf, id, sv, usedh, visteam",attendance
Games,"date, hometeam, htbf, id, sv, usedh, visteam",location
Games,"date, hometeam, htbf, id, sv, usedh, visteam",losingpitcher
Games,"date, hometeam, htbf, losingpitcher, sv, usedh, visteam",winningpitcher
Games,"date, hometeam, htbf, losingpitcher, sv, usedh, visteam",attendance
Games,"date, hometeam, htbf, losingpitcher, sv, usedh, visteam",location
Games,"date, hometeam, htbf, losingpitcher, sv, usedh, visteam",id
Games,"date, hometeam, htbf, id, losingpitcher, sv, visteam",winningpitcher
Games,"date, hometeam, htbf, id, losingpitcher, sv, visteam",attendance
Games,"date, hometeam, htbf, id, losingpitcher, sv, visteam",location
Games,"date, hometeam, htbf, id, losingpitcher, sv, visteam",usedh
Games,"date, hometeam, htbf, id, losingpitcher, sv, usedh",winningpitcher
Games,"date, hometeam, htbf, id, losingpitcher, sv, usedh",attendance
Games,"date, hometeam, htbf, id, losingpitcher, sv, usedh",visteam
Games,"date, hometeam, htbf, id, losingpitcher, sv, usedh",location
Games,"htbf, id, location, losingpitcher, sv, usedh, visteam",winningpitcher
Games,"htbf, id, location, losingpitcher, sv, usedh, visteam",hometeam
Games,"htbf, id, location, losingpitcher, sv, usedh, visteam",attendance
Games,"htbf, id, location, losingpitcher, sv, usedh, visteam",date
Games,"date, htbf, id, location, sv, usedh, visteam",winningpitcher
Games,"date, htbf, id, location, sv, usedh, visteam",hometeam
Games,"date, htbf, id, location, sv, usedh, visteam",attendance
Games,"date, htbf, id, location, sv, usedh, visteam",losingpitcher
Games,"date, htbf, location, losingpitcher, sv, usedh, visteam",winningpitcher
Games,"date, htbf, location, losingpitcher, sv, usedh, visteam",hometeam
Games,"date, htbf, location, losingpitcher, sv, usedh, visteam",attendance
Games,"date, htbf, location, losingpitcher, sv, usedh, visteam",id
Games,"date, htbf, id, location, losingpitcher, sv, visteam",winningpitcher
Games,"date, htbf, id, location, losingpitcher, sv, visteam",hometeam
Games,"date, htbf, id, location, losingpitcher, sv, visteam",attendance
Games,"date, htbf, id, location, losingpitcher, sv, visteam",usedh
Games,"date, htbf, id, location, losingpitcher, sv, usedh",winningpitcher
Games,"date, htbf, id, location, losingpitcher, sv, usedh",hometeam
Games,"date, htbf, id, location, losingpitcher, sv, usedh",attendance
Games,"date, htbf, id, location, losingpitcher, sv, usedh",visteam
Games,"date, htbf, id, losingpitcher, sv, usedh, visteam",winningpitcher
Games,"date, htbf, id, losingpitcher, sv, usedh, visteam",hometeam
Games,"date, htbf, id, losingpitcher, sv, usedh, visteam",attendance
Games,"date, htbf, id, losingpitcher, sv, usedh, visteam",location
Games,"hometeam, id, location, losingpitcher, sv, usedh, visteam",winningpitcher
Games,"hometeam, id, location, losingpitcher, sv, usedh, visteam",attendance
Games,"hometeam, id, location, losingpitcher, sv, usedh, visteam",date
Games,"hometeam, id, location, losingpitcher, sv, usedh, visteam",htbf
Games,"date, hometeam, id, location, sv, usedh, visteam",winningpitcher
Games,"date, hometeam, id, location, sv, usedh, visteam",attendance
Games,"date, hometeam, id, location, sv, usedh, visteam",losingpitcher
Games,"date, hometeam, id, location, sv, usedh, visteam",htbf
Games,"date, hometeam, location, losingpitcher, sv, usedh, visteam",winningpitcher
Games,"date, hometeam, location, losingpitcher, sv, usedh, visteam",attendance
Games,"date, hometeam, location, losingpitcher, sv, usedh, visteam",id
Games,"date, hometeam, location, losingpitcher, sv, usedh, visteam",htbf
Games,"date, hometeam, id, location, losingpitcher, sv, visteam",winningpitcher
Games,"date, hometeam, id, location, losingpitcher, sv, visteam",attendance
Games,"date, hometeam, id, location, losingpitcher, sv, visteam",usedh
Games,"date, hometeam, id, location, losingpitcher, sv, visteam",htbf
Games,"date, hometeam, id, location, losingpitcher, sv, usedh",winningpitcher
Games,"date, hometeam, id, location, losingpitcher, sv, usedh",attendance
Games,"date, hometeam, id, location, losingpitcher, sv, usedh",visteam
Games,"date, hometeam, id, location, losingpitcher, sv, usedh",htbf
Games,"date, hometeam, id, losingpitcher, sv, usedh, visteam",winningpitcher
Games,"date, hometeam, id, losingpitcher, sv, usedh, visteam",attendance
Games,"date, hometeam, id, losingpitcher, sv, usedh, visteam",location
Games,"date, hometeam, id, losingpitcher, sv, usedh, visteam",htbf
Games,"date, id, location, losingpitcher, sv, usedh, visteam",winningpitcher
Games,"date, id, location, losingpitcher, sv, usedh, visteam",hometeam
Games,"date, id, location, losingpitcher, sv, usedh, visteam",attendance
Games,"date, id, location, losingpitcher, sv, usedh, visteam",htbf
Games,"hometeam, htbf, id, location, losingpitcher, usedh, visteam",winningpitcher
Games,"hometeam, htbf, id, location, losingpitcher, usedh, visteam",attendance
Games,"hometeam, htbf, id, location, losingpitcher, usedh, visteam",sv
Games,"hometeam, htbf, id, location, losingpitcher, usedh, visteam",date
Games,"date, hometeam, htbf, id, location, usedh, visteam",winningpitcher
Games,"date, hometeam, htbf, id, location, usedh, visteam",attendance
Games,"date, hometeam, htbf, id, location, usedh, visteam",sv
Games,"date, hometeam, htbf, id, location, usedh, visteam",losingpitcher
Games,"date, hometeam, htbf, location, losingpitcher, usedh, visteam",winningpitcher
Games,"date, hometeam, htbf, location, losingpitcher, usedh, visteam",attendance
Games,"date, hometeam, htbf, location, losingpitcher, usedh, visteam",sv
Games,"date, hometeam, htbf, location, losingpitcher, usedh, visteam",id
Games,"date, hometeam, htbf, id, location, losingpitcher, visteam",winningpitcher
Games,"date, hometeam, htbf, id, location, losingpitcher, visteam",attendance
Games,"date, hometeam, htbf, id, location, losingpitcher, visteam",sv
Games,"date, hometeam, htbf, id, location, losingpitcher, visteam",usedh
Games,"date, hometeam, htbf, id, location, losingpitcher, usedh",winningpitcher
Games,"date, hometeam, htbf, id, location, losingpitcher, usedh",attendance
Games,"date, hometeam, htbf, id, location, losingpitcher, usedh",visteam
Games,"date, hometeam, htbf, id, location, losingpitcher, usedh",sv
Games,"date, hometeam, htbf, id, losingpitcher, usedh, visteam",winningpitcher
Games,"date, hometeam, htbf, id, losingpitcher, usedh, visteam",attendance
Games,"date, hometeam, htbf, id, losingpitcher, usedh, visteam",location
Games,"date, hometeam, htbf, id, losingpitcher, usedh, visteam",sv
Games,"date, htbf, id, location, losingpitcher, usedh, visteam",winningpitcher
Games,"date, htbf, id, location, losingpitcher, usedh, visteam",hometeam
Games,"date, htbf, id, location, losingpitcher, usedh, visteam",attendance
Games,"date, htbf, id, location, losingpitcher, usedh, visteam",sv
Games,"date, hometeam, id, location, losingpitcher, usedh, visteam",winningpitcher
Games,"date, hometeam, id, location, losingpitcher, usedh, visteam",attendance
Games,"date, hometeam, id, location, losingpitcher, usedh, visteam",sv
Games,"date, hometeam, id, location, losingpitcher, usedh, visteam",htbf
Games,"attendance, hometeam, htbf, location, sv, usedh, visteam, winningpitcher",date
Games,"attendance, hometeam, htbf, location, sv, usedh, visteam, winningpitcher",id
Games,"attendance, hometeam, htbf, location, sv, usedh, visteam, winningpitcher",losingpitcher
Games,"attendance, hometeam, htbf, id, location, sv, visteam, winningpitcher",usedh
Games,"attendance, hometeam, htbf, id, location, sv, visteam, winningpitcher",date
Games,"attendance, hometeam, htbf, id, location, sv, visteam, winningpitcher",losingpitcher
Games,"attendance, hometeam, htbf, location, losingpitcher, sv, visteam, winningpitcher",date
Games,"attendance, hometeam, htbf, location, losingpitcher, sv, visteam, winningpitcher",usedh
Games,"attendance, hometeam, htbf, location, losingpitcher, sv, visteam, winningpitcher",id
Games,"attendance, date, hometeam, htbf, location, sv, visteam, winningpitcher",usedh
Games,"attendance, date, hometeam, htbf, location, sv, visteam, winningpitcher",id
Games,"attendance, date, hometeam, htbf, location, sv, visteam, winningpitcher",losingpitcher
Games,"attendance, hometeam, htbf, id, location, sv, usedh, winningpitcher",visteam
Games,"attendance, hometeam, htbf, id, location, sv, usedh, winningpitcher",date
Games,"attendance, hometeam, htbf, id, location, sv, usedh, winningpitcher",losingpitcher
Games,"attendance, hometeam, htbf, location, losingpitcher, sv, usedh, winningpitcher",visteam
Games,"attendance, hometeam, htbf, location, losingpitcher, sv, usedh, winningpitcher",date
Games,"attendance, hometeam, htbf, location, losingpitcher, sv, usedh, winningpitcher",id
Games,"attendance, date, hometeam, htbf, location, sv, usedh, winningpitcher",visteam
Games,"attendance, date, hometeam, htbf, location, sv, usedh, winningpitcher",id
Games,"attendance, date, hometeam, htbf, location, sv, usedh, winningpitcher",losingpitcher
Games,"attendance, hometeam, htbf, id, location, losingpitcher, sv, winningpitcher",visteam
Games,"attendance, hometeam, htbf, id, location, losingpitcher, sv, winningpitcher",usedh
Games,"attendance, hometeam, htbf, id, location, losingpitcher, sv, winningpitcher",date
Games,"attendance, date, hometeam, htbf, id, location, sv, winningpitcher",visteam
Games,"attendance, date, hometeam, htbf, id, location, sv, winningpitcher",usedh
Games,"attendance, date, hometeam, htbf, id, location, sv, winningpitcher",losingpitcher
Games,"attendance, date, hometeam, htbf, location, losingpitcher, sv, winningpitcher",visteam
Games,"attendance, date, hometeam, htbf, location, losingpitcher, sv, winningpitcher",usedh
Games,"attendance, date, hometeam, htbf, location, losingpitcher, sv, winningpitcher",id
Games,"attendance, hometeam, htbf, id, sv, usedh, visteam, winningpitcher",location
Games,"attendance, hometeam, htbf, id, sv, usedh, visteam, winningpitcher",date
Games,"attendance, hometeam, htbf, id, sv, usedh, visteam, winningpitcher",losingpitcher
Games,"attendance, hometeam, htbf, losingpitcher, sv, usedh, visteam, winningpitcher",location
Games,"attendance, hometeam, htbf, losingpitcher, sv, usedh, visteam, winningpitcher",date
Games,"attendance, hometeam, htbf, losingpitcher, sv, usedh, visteam, winningpitcher",id
Games,"attendance, date, hometeam, htbf, sv, usedh, visteam, winningpitcher",location
Games,"attendance, date, hometeam, htbf, sv, usedh, visteam, winningpitcher",id
Games,"attendance, date, hometeam, htbf, sv, usedh, visteam, winningpitcher",losingpitcher
Games,"attendance, hometeam, htbf, id, losingpitcher, sv, visteam, winningpitcher",location
Games,"attendance, hometeam, htbf, id, losingpitcher, sv, visteam, winningpitcher",usedh
Games,"attendance, hometeam, htbf, id, losingpitcher, sv, visteam, winningpitcher",date
Games,"attendance, date, hometeam, htbf, id, sv, visteam, winningpitcher",location
Games,"attendance, date, hometeam, htbf, id, sv, visteam, winningpitcher",usedh
Games,"attendance, date, hometeam, htbf, id, sv, visteam, winningpitcher",losingpitcher
Games,"attendance, date, hometeam, htbf, losingpitcher, sv, visteam, winningpitcher",location
Games,"attendance, date, hometeam, htbf, losingpitcher, sv, visteam, winningpitcher",usedh
Games,"attendance, date, hometeam, htbf, losingpitcher, sv, visteam, winningpitcher",id
Games,"attendance, hometeam, htbf, id, losingpitcher, sv, usedh, winningpitcher",location
Games,"attendance, hometeam, htbf, id, losingpitcher, sv, usedh, winningpitcher",date
Games,"attendance, hometeam, htbf, id, losingpitcher, sv, usedh, winningpitcher",visteam
Games,"attendance, date, hometeam, htbf, id, sv, usedh, winningpitcher",location
Games,"attendance, date, hometeam, htbf, id, sv, usedh, winningpitcher",visteam
Games,"attendance, date, hometeam, htbf, id, sv, usedh, winningpitcher",losingpitcher
Games,"attendance, date, hometeam, htbf, losingpitcher, sv, usedh, winningpitcher",location
Games,"attendance, date, hometeam, htbf, losingpitcher, sv, usedh, winningpitcher",id
Games,"attendance, date, hometeam, htbf, losingpitcher, sv, usedh, winningpitcher",visteam
Games,"attendance, date, hometeam, htbf, id, losingpitcher, sv, winningpitcher",location
Games,"attendance, date, hometeam, htbf, id, losingpitcher, sv, winningpitcher",usedh
Games,"attendance, date, hometeam, htbf, id, losingpitcher, sv, winningpitcher",visteam
Games,"attendance, htbf, id, location, sv, usedh, visteam, winningpitcher",hometeam
Games,"attendance, htbf, id, location, sv, usedh, visteam, winningpitcher",date
Games,"attendance, htbf, id, location, sv, usedh, visteam, winningpitcher",losingpitcher
Games,"attendance, htbf, location, losingpitcher, sv, usedh, visteam, winningpitcher",hometeam
Games,"attendance, htbf, location, losingpitcher, sv, usedh, visteam, winningpitcher",date
Games,"attendance, htbf, location, losingpitcher, sv, usedh, visteam, winningpitcher",id
Games,"attendance, date, htbf, location, sv, usedh, visteam, winningpitcher",hometeam
Games,"attendance, date, htbf, location, sv, usedh, visteam, winningpitcher",id
Games,"attendance, date, htbf, location, sv, usedh, visteam, winningpitcher",losingpitcher
Games,"attendance, htbf, id, location, losingpitcher, sv, visteam, winningpitcher",hometeam
Games,"attendance, htbf, id, location, losingpitcher, sv, visteam, winningpitcher",usedh
Games,"attendance, htbf, id, location, losingpitcher, sv, visteam, winningpitcher",date
Games,"attendance, date, htbf, id, location, sv, visteam, winningpitcher",hometeam
Games,"attendance, date, htbf, id, location, sv, visteam, winningpitcher",usedh
Games,"attendance, date, htbf, id, location, sv, visteam, winningpitcher",losingpitcher
Games,"attendance, date, htbf, location, losingpitcher, sv, visteam, winningpitcher",hometeam
Games,"attendance, date, htbf, location, losingpitcher, sv, visteam, winningpitcher",usedh
Games,"attendance, date, htbf, location, losingpitcher, sv, visteam, winningpitcher",id
Games,"attendance, htbf, id, location, losingpitcher, sv, usedh, winningpitcher",hometeam
Games,"attendance, htbf, id, location, losingpitcher, sv, usedh, winningpitcher",visteam
Games,"attendance, htbf, id, location, losingpitcher, sv, usedh, winningpitcher",date
Games,"attendance, date, htbf, id, location, sv, usedh, winningpitcher",hometeam
Games,"attendance, date, htbf, id, location, sv, usedh, winningpitcher",visteam
Games,"attendance, date, htbf, id, location, sv, usedh, winningpitcher",losingpitcher
Games,"attendance, date, htbf, location, losingpitcher, sv, usedh, winningpitcher",hometeam
Games,"attendance, date, htbf, location, losingpitcher, sv, usedh, winningpitcher",visteam
Games,"attendance, date, htbf, location, losingpitcher, sv, usedh, winningpitcher",id
Games,"attendance, date, htbf, id, location, losingpitcher, sv, winningpitcher",hometeam
Games,"attendance, date, htbf, id, location, losingpitcher, sv, winningpitcher",visteam
Games,"attendance, date, htbf, id, location, losingpitcher, sv, winningpitcher",usedh
Games,"attendance, htbf, id, losingpitcher, sv, usedh, visteam, winningpitcher",hometeam
Games,"attendance, htbf, id, losingpitcher, sv, usedh, visteam, winningpitcher",location
Games,"attendance, htbf, id, losingpitcher, sv, usedh, visteam, winningpitcher",date
Games,"attendance, date, htbf, id, sv, usedh, visteam, winningpitcher",hometeam
Games,"attendance, date, htbf, id, sv, usedh, visteam, winningpitcher",location
Games,"attendance, date, htbf, id, sv, usedh, visteam, winningpitcher",losingpitcher
Games,"attendance, date, htbf, losingpitcher, sv, usedh, visteam, winningpitcher",hometeam
Games,"attendance, date, htbf, losingpitcher, sv, usedh, visteam, winningpitcher",location
Games,"attendance, date, htbf, losingpitcher, sv, usedh, visteam, winningpitcher",id
Games,"attendance, date, htbf, id, losingpitcher, sv, visteam, winningpitcher",hometeam
Games,"attendance, date, htbf, id, losingpitcher, sv, visteam, winningpitcher",location
Games,"attendance, date, htbf, id, losingpitcher, sv, visteam, winningpitcher",usedh
Games,"attendance, date, htbf, id, losingpitcher, sv, usedh, winningpitcher",hometeam
Games,"attendance, date, htbf, id, losingpitcher, sv, usedh, winningpitcher",location
Games,"attendance, date, htbf, id, losingpitcher, sv, usedh, winningpitcher",visteam
Games,"attendance, hometeam, id, location, sv, usedh, visteam, winningpitcher",date
Games,"attendance, hometeam, id, location, sv, usedh, visteam, winningpitcher",losingpitcher
Games,"attendance, hometeam, id, location, sv, usedh, visteam, winningpitcher",htbf
Games,"attendance, hometeam, location, losingpitcher, sv, usedh, visteam, winningpitcher",date
Games,"attendance, hometeam, location, losingpitcher, sv, usedh, visteam, winningpitcher",id
Games,"attendance, hometeam, location, losingpitcher, sv, usedh, visteam, winningpitcher",htbf
Games,"attendance, date, hometeam, location, sv, usedh, visteam, winningpitcher",losingpitcher
Games,"attendance, date, hometeam, location, sv, usedh, visteam, winningpitcher",id
Games,"attendance, date, hometeam, location, sv, usedh, visteam, winningpitcher",htbf
Games,"attendance, hometeam, id, location, losingpitcher, sv, visteam, winningpitcher",usedh
Games,"attendance, hometeam, id, location, losingpitcher, sv, visteam, winningpitcher",date
Games,"attendance, hometeam, id, location, losingpitcher, sv, visteam, winningpitcher",htbf
Games,"attendance, date, hometeam, id, location, sv, visteam, winningpitcher",usedh
Games,"attendance, date, hometeam, id, location, sv, visteam, winningpitcher",losingpitcher
Games,"attendance, date, hometeam, id, location, sv, visteam, winningpitcher",htbf
Games,"attendance, date, hometeam, location, losingpitcher, sv, visteam, winningpitcher",usedh
Games,"attendance, date, hometeam, location, losingpitcher, sv, visteam, winningpitcher",id
Games,"attendance, date, hometeam, location, losingpitcher, sv, visteam, winningpitcher",htbf
Games,"attendance, hometeam, id, location, losingpitcher, sv, usedh, winningpitcher",visteam
Games,"attendance, hometeam, id, location, losingpitcher, sv, usedh, winningpitcher",date
Games,"attendance, hometeam, id, location, losingpitcher, sv, usedh, winningpitcher",htbf
Games,"attendance, date, hometeam, id, location, sv, usedh, winningpitcher",visteam
Games,"attendance, date, hometeam, id, location, sv, usedh, winningpitcher",losingpitcher
Games,"attendance, date, hometeam, id, location, sv, usedh, winningpitcher",htbf
Games,"attendance, date, hometeam, location, losingpitcher, sv, usedh, winningpitcher",visteam
Games,"attendance, date, hometeam, location, losingpitcher, sv, usedh, winningpitcher",id
Games,"attendance, date, hometeam, location, losingpitcher, sv, usedh, winningpitcher",htbf
Games,"attendance, date, hometeam, id, location, losingpitcher, sv, winningpitcher",visteam
Games,"attendance, date, hometeam, id, location, losingpitcher, sv, winningpitcher",usedh
Games,"attendance, date, hometeam, id, location, losingpitcher, sv, winningpitcher",htbf
Games,"attendance, hometeam, id, losingpitcher, sv, usedh, visteam, winningpitcher",location
Games,"attendance, hometeam, id, losingpitcher, sv, usedh, visteam, winningpitcher",date
Games,"attendance, hometeam, id, losingpitcher, sv, usedh, visteam, winningpitcher",htbf
Games,"attendance, date, hometeam, id, sv, usedh, visteam, winningpitcher",location
Games,"attendance, date, hometeam, id, sv, usedh, visteam, winningpitcher",losingpitcher
Games,"attendance, date, hometeam, id, sv, usedh, visteam, winningpitcher",htbf
Games,"attendance, date, hometeam, losingpitcher, sv, usedh, visteam, winningpitcher",location
Games,"attendance, date, hometeam, losingpitcher, sv, usedh, visteam, winningpitcher",id
Games,"attendance, date, hometeam, losingpitcher, sv, usedh, visteam, winningpitcher",htbf
Games,"attendance, date, hometeam, id, losingpitcher, sv, visteam, winningpitcher",location
Games,"attendance, date, hometeam, id, losingpitcher, sv, visteam, winningpitcher",usedh
Games,"attendance, date, hometeam, id, losingpitcher, sv, visteam, winningpitcher",htbf
Games,"attendance, date, hometeam, id, losingpitcher, sv, usedh, winningpitcher",location
Games,"attendance, date, hometeam, id, losingpitcher, sv, usedh, winningpitcher",visteam
Games,"attendance, date, hometeam, id, losingpitcher, sv, usedh, winningpitcher",htbf
Games,"attendance, id, location, losingpitcher, sv, usedh, visteam, winningpitcher",hometeam
Games,"attendance, id, location, losingpitcher, sv, usedh, visteam, winningpitcher",date
Games,"attendance, id, location, losingpitcher, sv, usedh, visteam, winningpitcher",htbf
Games,"attendance, date, id, location, sv, usedh, visteam, winningpitcher",hometeam
Games,"attendance, date, id, location, sv, usedh, visteam, winningpitcher",losingpitcher
Games,"attendance, date, id, location, sv, usedh, visteam, winningpitcher",htbf
Games,"attendance, date, location, losingpitcher, sv, usedh, visteam, winningpitcher",hometeam
Games,"attendance, date, location, losingpitcher, sv, usedh, visteam, winningpitcher",id
Games,"attendance, date, location, losingpitcher, sv, usedh, visteam, winningpitcher",htbf
Games,"attendance, date, id, location, losingpitcher, sv, visteam, winningpitcher",hometeam
Games,"attendance, date, id, location, losingpitcher, sv, visteam, winningpitcher",usedh
Games,"attendance, date, id, location, losingpitcher, sv, visteam, winningpitcher",htbf
Games,"attendance, date, id, location, losingpitcher, sv, usedh, winningpitcher",hometeam
Games,"attendance, date, id, location, losingpitcher, sv, usedh, winningpitcher",visteam
Games,"attendance, date, id, location, losingpitcher, sv, usedh, winningpitcher",htbf
Games,"attendance, date, id, losingpitcher, sv, usedh, visteam, winningpitcher",hometeam
Games,"attendance, date, id, losingpitcher, sv, usedh, visteam, winningpitcher",location
Games,"attendance, date, id, losingpitcher, sv, usedh, visteam, winningpitcher",htbf
Games,"attendance, hometeam, htbf, id, location, usedh, visteam, winningpitcher",sv
Games,"attendance, hometeam, htbf, id, location, usedh, visteam, winningpitcher",date
Games,"attendance, hometeam, htbf, id, location, usedh, visteam, winningpitcher",losingpitcher
Games,"attendance, hometeam, htbf, location, losingpitcher, usedh, visteam, winningpitcher",date
Games,"attendance, hometeam, htbf, location, losingpitcher, usedh, visteam, winningpitcher",sv
Games,"attendance, hometeam, htbf, location, losingpitcher, usedh, visteam, winningpitcher",id
Games,"attendance, date, hometeam, htbf, location, usedh, visteam, winningpitcher",sv
Games,"attendance, date, hometeam, htbf, location, usedh, visteam, winningpitcher",id
Games,"attendance, date, hometeam, htbf, location, usedh, visteam, winningpitcher",losingpitcher
Games,"attendance, hometeam, htbf, id, location, losingpitcher, visteam, winningpitcher",sv
Games,"attendance, hometeam, htbf, id, location, losingpitcher, visteam, winningpitcher",usedh
Games,"attendance, hometeam, htbf, id, location, losingpitcher, visteam, winningpitcher",date
Games,"attendance, date, hometeam, htbf, id, location, visteam, winningpitcher",sv
Games,"attendance, date, hometeam, htbf, id, location, visteam, winningpitcher",usedh
Games,"attendance, date, hometeam, htbf, id, location, visteam, winningpitcher",losingpitcher
Games,"attendance, date, hometeam, htbf, location, losingpitcher, visteam, winningpitcher",sv
Games,"attendance, date, hometeam, htbf, location, losingpitcher, visteam, winningpitcher",usedh
Games,"attendance, date, hometeam, htbf, location, losingpitcher, visteam, winningpitcher",id
Games,"attendance, hometeam, htbf, id, location, losingpitcher, usedh, winningpitcher",visteam
Games,"attendance, hometeam, htbf, id, location, losingpitcher, usedh, winningpitcher",sv
Games,"attendance, hometeam, htbf, id, location, losingpitcher, usedh, winningpitcher",date
Games,"attendance, date, hometeam, htbf, id, location, usedh, winningpitcher",visteam
Games,"attendance, date, hometeam, htbf, id, location, usedh, winningpitcher",sv
Games,"attendance, date, hometeam, htbf, id, location, usedh, winningpitcher",losingpitcher
Games,"attendance, date, hometeam, htbf, location, losingpitcher, usedh, winningpitcher",visteam
Games,"attendance, date, hometeam, htbf, location, losingpitcher, usedh, winningpitcher",sv
Games,"attendance, date, hometeam, htbf, location, losingpitcher, usedh, winningpitcher",id
Games,"attendance, date, hometeam, htbf, id, location, losingpitcher, winningpitcher",visteam
Games,"attendance, date, hometeam, htbf, id, location, losingpitcher, winningpitcher",sv
Games,"attendance, date, hometeam, htbf, id, location, losingpitcher, winningpitcher",usedh
Games,"attendance, hometeam, htbf, id, losingpitcher, usedh, visteam, winningpitcher",location
Games,"attendance, hometeam, htbf, id, losingpitcher, usedh, visteam, winningpitcher",sv
Games,"attendance, hometeam, htbf, id, losingpitcher, usedh, visteam, winningpitcher",date
Games,"attendance, date, hometeam, htbf, id, usedh, visteam, winningpitcher",location
Games,"attendance, date, hometeam, htbf, id, usedh, visteam, winningpitcher",sv
Games,"attendance, date, hometeam, htbf, id, usedh, visteam, winningpitcher",losingpitcher
Games,"attendance, date, hometeam, htbf, losingpitcher, usedh, visteam, winningpitcher",location
Games,"attendance, date, hometeam, htbf, losingpitcher, usedh, visteam, winningpitcher",sv
Games,"attendance, date, hometeam, htbf, losingpitcher, usedh, visteam, winningpitcher",id
Games,"attendance, date, hometeam, htbf, id, losingpitcher, visteam, winningpitcher",location
Games,"attendance, date, hometeam, htbf, id, losingpitcher, visteam, winningpitcher",sv
Games,"attendance, date, hometeam, htbf, id, losingpitcher, visteam, winningpitcher",usedh
Games,"attendance, date, hometeam, htbf, id, losingpitcher, usedh, winningpitcher",location
Games,"attendance, date, hometeam, htbf, id, losingpitcher, usedh, winningpitcher",sv
Games,"attendance, date, hometeam, htbf, id, losingpitcher, usedh, winningpitcher",visteam
Games,"attendance, htbf, id, location, losingpitcher, usedh, visteam, winningpitcher",hometeam
Games,"attendance, htbf, id, location, losingpitcher, usedh, visteam, winningpitcher",sv
Games,"attendance, htbf, id, location, losingpitcher, usedh, visteam, winningpitcher",date
Games,"attendance, date, htbf, id, location, usedh, visteam, winningpitcher",hometeam
Games,"attendance, date, htbf, id, location, usedh, visteam, winningpitcher",sv
Games,"attendance, date, htbf, id, location, usedh, visteam, winningpitcher",losingpitcher
Games,"attendance, date, htbf, location, losingpitcher, usedh, visteam, winningpitcher",hometeam
Games,"attendance, date, htbf, location, losingpitcher, usedh, visteam, winningpitcher",sv
Games,"attendance, date, htbf, location, losingpitcher, usedh, visteam, winningpitcher",id
Games,"attendance, date, htbf, id, location, losingpitcher, visteam, winningpitcher",hometeam
Games,"attendance, date, htbf, id, location, losingpitcher, visteam, winningpitcher",sv
Games,"attendance, date, htbf, id, location, losingpitcher, visteam, winningpitcher",usedh
Games,"attendance, date, htbf, id, location, losingpitcher, usedh, winningpitcher",hometeam
Games,"attendance, date, htbf, id, location, losingpitcher, usedh, winningpitcher",visteam
Games,"attendance, date, htbf, id, location, losingpitcher, usedh, winningpitcher",sv
Games,"attendance, date, htbf, id, losingpitcher, usedh, visteam, winningpitcher",hometeam
Games,"attendance, date, htbf, id, losingpitcher, usedh, visteam, winningpitcher",location
Games,"attendance, date, htbf, id, losingpitcher, usedh, visteam, winningpitcher",sv
Games,"attendance, hometeam, id, location, losingpitcher, usedh, visteam, winningpitcher",sv
Games,"attendance, hometeam, id, location, losingpitcher, usedh, visteam, winningpitcher",date
Games,"attendance, hometeam, id, location, losingpitcher, usedh, visteam, winningpitcher",htbf
Games,"attendance, date, hometeam, id, location, usedh, visteam, winningpitcher",sv
Games,"attendance, date, hometeam, id, location, usedh, visteam, winningpitcher",losingpitcher
Games,"attendance, date, hometeam, id, location, usedh, visteam, winningpitcher",htbf
Games,"attendance, date, hometeam, location, losingpitcher, usedh, visteam, winningpitcher",sv
Games,"attendance, date, hometeam, location, losingpitcher, usedh, visteam, winningpitcher",id
Games,"attendance, date, hometeam, location, losingpitcher, usedh, visteam, winningpitcher",htbf
Games,"attendance, date, hometeam, id, location, losingpitcher, visteam, winningpitcher",sv
Games,"attendance, date, hometeam, id, location, losingpitcher, visteam, winningpitcher",usedh
Games,"attendance, date, hometeam, id, location, losingpitcher, visteam, winningpitcher",htbf
Games,"attendance, date, hometeam, id, location, losingpitcher, usedh, winningpitcher",visteam
Games,"attendance, date, hometeam, id, location, losingpitcher, usedh, winningpitcher",sv
Games,"attendance, date, hometeam, id, location, losingpitcher, usedh, winningpitcher",htbf
Games,"attendance, date, hometeam, id, losingpitcher, usedh, visteam, winningpitcher",location
Games,"attendance, date, hometeam, id, losingpitcher, usedh, visteam, winningpitcher",sv
Games,"attendance, date, hometeam, id, losingpitcher, usedh, visteam, winningpitcher",htbf
Games,"attendance, date, id, location, losingpitcher, usedh, visteam, winningpitcher",hometeam
Games,"attendance, date, id, location, losingpitcher, usedh, visteam, winningpitcher",sv
Games,"attendance, date, id, location, losingpitcher, usedh, visteam, winningpitcher",htbf
Games,"hometeam, htbf, id, location, sv, usedh, visteam, winningpitcher",attendance
Games,"hometeam, htbf, id, location, sv, usedh, visteam, winningpitcher",date
Games,"hometeam, htbf, id, location, sv, usedh, visteam, winningpitcher",losingpitcher
Games,"hometeam, htbf, location, losingpitcher, sv, usedh, visteam, winningpitcher",attendance
Games,"hometeam, htbf, location, losingpitcher, sv, usedh, visteam, winningpitcher",date
Games,"hometeam, htbf, location, losingpitcher, sv, usedh, visteam, winningpitcher",id
Games,"date, hometeam, htbf, location, sv, usedh, visteam, winningpitcher",attendance
Games,"date, hometeam, htbf, location, sv, usedh, visteam, winningpitcher",id
Games,"date, hometeam, htbf, location, sv, usedh, visteam, winningpitcher",losingpitcher
Games,"hometeam, htbf, id, location, losingpitcher, sv, visteam, winningpitcher",attendance
Games,"hometeam, htbf, id, location, losingpitcher, sv, visteam, winningpitcher",usedh
Games,"hometeam, htbf, id, location, losingpitcher, sv, visteam, winningpitcher",date
Games,"date, hometeam, htbf, id, location, sv, visteam, winningpitcher",attendance
Games,"date, hometeam, htbf, id, location, sv, visteam, winningpitcher",usedh
Games,"date, hometeam, htbf, id, location, sv, visteam, winningpitcher",losingpitcher
Games,"date, hometeam, htbf, location, losingpitcher, sv, visteam, winningpitcher",attendance
Games,"date, hometeam, htbf, location, losingpitcher, sv, visteam, winningpitcher",usedh
Games,"date, hometeam, htbf, location, losingpitcher, sv, visteam, winningpitcher",id
Games,"hometeam, htbf, id, location, losingpitcher, sv, usedh, winningpitcher",attendance
Games,"hometeam, htbf, id, location, losingpitcher, sv, usedh, winningpitcher",date
Games,"hometeam, htbf, id, location, losingpitcher, sv, usedh, winningpitcher",visteam
Games,"date, hometeam, htbf, id, location, sv, usedh, winningpitcher",attendance
Games,"date, hometeam, htbf, id, location, sv, usedh, winningpitcher",visteam
Games,"date, hometeam, htbf, id, location, sv, usedh, winningpitcher",losingpitcher
Games,"date, hometeam, htbf, location, losingpitcher, sv, usedh, winningpitcher",attendance
Games,"date, hometeam, htbf, location, losingpitcher, sv, usedh, winningpitcher",id
Games,"date, hometeam, htbf, location, losingpitcher, sv, usedh, winningpitcher",visteam
Games,"date, hometeam, htbf, id, location, losingpitcher, sv, winningpitcher",attendance
Games,"date, hometeam, htbf, id, location, losingpitcher, sv, winningpitcher",usedh
Games,"date, hometeam, htbf, id, location, losingpitcher, sv, winningpitcher",visteam
Games,"hometeam, htbf, id, losingpitcher, sv, usedh, visteam, winningpitcher",attendance
Games,"hometeam, htbf, id, losingpitcher, sv, usedh, visteam, winningpitcher",date
Games,"hometeam, htbf, id, losingpitcher, sv, usedh, visteam, winningpitcher",location
Games,"date, hometeam, htbf, id, sv, usedh, visteam, winningpitcher",attendance
Games,"date, hometeam, htbf, id, sv, usedh, visteam, winningpitcher",location
Games,"date, hometeam, htbf, id, sv, usedh, visteam, winningpitcher",losingpitcher
Games,"date, hometeam, htbf, losingpitcher, sv, usedh, visteam, winningpitcher",attendance
Games,"date, hometeam, htbf, losingpitcher, sv, usedh, visteam, winningpitcher",id
Games,"date, hometeam, htbf, losingpitcher, sv, usedh, visteam, winningpitcher",location
Games,"date, hometeam, htbf, id, losingpitcher, sv, visteam, winningpitcher",attendance
Games,"date, hometeam, htbf, id, losingpitcher, sv, visteam, winningpitcher",usedh
Games,"date, hometeam, htbf, id, losingpitcher, sv, visteam, winningpitcher",location
Games,"date, hometeam, htbf, id, losingpitcher, sv, usedh, winningpitcher",location
Games,"date, hometeam, htbf, id, losingpitcher, sv, usedh, winningpitcher",attendance
Games,"date, hometeam, htbf, id, losingpitcher, sv, usedh, winningpitcher",visteam
Games,"htbf, id, location, losingpitcher, sv, usedh, visteam, winningpitcher",hometeam
Games,"htbf, id, location, losingpitcher, sv, usedh, visteam, winningpitcher",attendance
Games,"htbf, id, location, losingpitcher, sv, usedh, visteam, winningpitcher",date
Games,"date, htbf, id, location, sv, usedh, visteam, winningpitcher",hometeam
Games,"date, htbf, id, location, sv, usedh, visteam, winningpitcher",attendance
Games,"date, htbf, id, location, sv, usedh, visteam, winningpitcher",losingpitcher
Games,"date, htbf, location, losingpitcher, sv, usedh, visteam, winningpitcher",hometeam
Games,"date, htbf, location, losingpitcher, sv, usedh, visteam, winningpitcher",attendance
Games,"date, htbf, location, losingpitcher, sv, usedh, visteam, winningpitcher",id
Games,"date, htbf, id, location, losingpitcher, sv, visteam, winningpitcher",hometeam
Games,"date, htbf, id, location, losingpitcher, sv, visteam, winningpitcher",attendance
Games,"date, htbf, id, location, losingpitcher, sv, visteam, winningpitcher",usedh
Games,"date, htbf, id, location, losingpitcher, sv, usedh, winningpitcher",hometeam
Games,"date, htbf, id, location, losingpitcher, sv, usedh, winningpitcher",attendance
Games,"date, htbf, id, location, losingpitcher, sv, usedh, winningpitcher",visteam
Games,"date, htbf, id, losingpitcher, sv, usedh, visteam, winningpitcher",hometeam
Games,"date, htbf, id, losingpitcher, sv, usedh, visteam, winningpitcher",attendance
Games,"date, htbf, id, losingpitcher, sv, usedh, visteam, winningpitcher",location
Games,"hometeam, id, location, losingpitcher, sv, usedh, visteam, winningpitcher",attendance
Games,"hometeam, id, location, losingpitcher, sv, usedh, visteam, winningpitcher",date
Games,"hometeam, id, location, losingpitcher, sv, usedh, visteam, winningpitcher",htbf
Games,"date, hometeam, id, location, sv, usedh, visteam, winningpitcher",attendance
Games,"date, hometeam, id, location, sv, usedh, visteam, winningpitcher",losingpitcher
Games,"date, hometeam, id, location, sv, usedh, visteam, winningpitcher",htbf
Games,"date, hometeam, location, losingpitcher, sv, usedh, visteam, winningpitcher",attendance
Games,"date, hometeam, location, losingpitcher, sv, usedh, visteam, winningpitcher",id
Games,"date, hometeam, location, losingpitcher, sv, usedh, visteam, winningpitcher",htbf
Games,"date, hometeam, id, location, losingpitcher, sv, visteam, winningpitcher",attendance
Games,"date, hometeam, id, location, losingpitcher, sv, visteam, winningpitcher",usedh
Games,"date, hometeam, id, location, losingpitcher, sv, visteam, winningpitcher",htbf
Games,"date, hometeam, id, location, losingpitcher, sv, usedh, winningpitcher",attendance
Games,"date, hometeam, id, location, losingpitcher, sv, usedh, winningpitcher",visteam
Games,"date, hometeam, id, location, losingpitcher, sv, usedh, winningpitcher",htbf
Games,"date, hometeam, id, losingpitcher, sv, usedh, visteam, winningpitcher",attendance
Games,"date, hometeam, id, losingpitcher, sv, usedh, visteam, winningpitcher",location
Games,"date, hometeam, id, losingpitcher, sv, usedh, visteam, winningpitcher",htbf
Games,"date, id, location, losingpitcher, sv, usedh, visteam, winningpitcher",hometeam
Games,"date, id, location, losingpitcher, sv, usedh, visteam, winningpitcher",attendance
Games,"date, id, location, losingpitcher, sv, usedh, visteam, winningpitcher",htbf
Games,"hometeam, htbf, id, location, losingpitcher, usedh, visteam, winningpitcher",attendance
Games,"hometeam, htbf, id, location, losingpitcher, usedh, visteam, winningpitcher",sv
Games,"hometeam, htbf, id, location, losingpitcher, usedh, visteam, winningpitcher",date
Games,"date, hometeam, htbf, id, location, usedh, visteam, winningpitcher",attendance
Games,"date, hometeam, htbf, id, location, usedh, visteam, winningpitcher",sv
Games,"date, hometeam, htbf, id, location, usedh, visteam, winningpitcher",losingpitcher
Games,"date, hometeam, htbf, location, losingpitcher, usedh, visteam, winningpitcher",attendance
Games,"date, hometeam, htbf, location, losingpitcher, usedh, visteam, winningpitcher",sv
Games,"date, hometeam, htbf, location, losingpitcher, usedh, visteam, winningpitcher",id
Games,"date, hometeam, htbf, id, location, losingpitcher, visteam, winningpitcher",attendance
Games,"date, hometeam, htbf, id, location, losingpitcher, visteam, winningpitcher",sv
Games,"date, hometeam, htbf, id, location, losingpitcher, visteam, winningpitcher",usedh
Games,"date, hometeam, htbf, id, location, losingpitcher, usedh, winningpitcher",attendance
Games,"date, hometeam, htbf, id, location, losingpitcher, usedh, winningpitcher",sv
Games,"date, hometeam, htbf, id, location, losingpitcher, usedh, winningpitcher",visteam
Games,"date, hometeam, htbf, id, losingpitcher, usedh, visteam, winningpitcher",attendance
Games,"date, hometeam, htbf, id, losingpitcher, usedh, visteam, winningpitcher",sv
Games,"date, hometeam, htbf, id, losingpitcher, usedh, visteam, winningpitcher",location
Games,"date, htbf, id, location, losingpitcher, usedh, visteam, winningpitcher",hometeam
Games,"date, htbf, id, location, losingpitcher, usedh, visteam, winningpitcher",attendance
Games,"date, htbf, id, location, losingpitcher, usedh, visteam, winningpitcher",sv
Games,"date, hometeam, id, location, losingpitcher, usedh, visteam, winningpitcher",attendance
Games,"date, hometeam, id, location, losingpitcher, usedh, visteam, winningpitcher",sv
Games,"date, hometeam, id, location, losingpitcher, usedh, visteam, winningpitcher",htbf
Games,"attendance, hometeam, htbf, id, location, sv, usedh, visteam",winningpitcher
Games,"attendance, hometeam, htbf, id, location, sv, usedh, visteam",date
Games,"attendance, hometeam, htbf, id, location, sv, usedh, visteam",losingpitcher
Games,"attendance, hometeam, htbf, location, losingpitcher, sv, usedh, visteam",winningpitcher
Games,"attendance, hometeam, htbf, location, losingpitcher, sv, usedh, visteam",date
Games,"attendance, hometeam, htbf, location, losingpitcher, sv, usedh, visteam",id
Games,"attendance, date, hometeam, htbf, location, sv, usedh, visteam",winningpitcher
Games,"attendance, date, hometeam, htbf, location, sv, usedh, visteam",id
Games,"attendance, date, hometeam, htbf, location, sv, usedh, visteam",losingpitcher
Games,"attendance, hometeam, htbf, id, location, losingpitcher, sv, visteam",winningpitcher
Games,"attendance, hometeam, htbf, id, location, losingpitcher, sv, visteam",usedh
Games,"attendance, hometeam, htbf, id, location, losingpitcher, sv, visteam",date
Games,"attendance, date, hometeam, htbf, id, location, sv, visteam",winningpitcher
Games,"attendance, date, hometeam, htbf, id, location, sv, visteam",usedh
Games,"attendance, date, hometeam, htbf, id, location, sv, visteam",losingpitcher
Games,"attendance, date, hometeam, htbf, location, losingpitcher, sv, visteam",winningpitcher
Games,"attendance, date, hometeam, htbf, location, losingpitcher, sv, visteam",usedh
Games,"attendance, date, hometeam, htbf, location, losingpitcher, sv, visteam",id
Games,"attendance, hometeam, htbf, id, location, losingpitcher, sv, usedh",winningpitcher
Games,"attendance, hometeam, htbf, id, location, losingpitcher, sv, usedh",visteam
Games,"attendance, hometeam, htbf, id, location, losingpitcher, sv, usedh",date
Games,"attendance, date, hometeam, htbf, id, location, sv, usedh",winningpitcher
Games,"attendance, date, hometeam, htbf, id, location, sv, usedh",visteam
Games,"attendance, date, hometeam, htbf, id, location, sv, usedh",losingpitcher
Games,"attendance, date, hometeam, htbf, location, losingpitcher, sv, usedh",winningpitcher
Games,"attendance, date, hometeam, htbf, location, losingpitcher, sv, usedh",visteam
Games,"attendance, date, hometeam, htbf, location, losingpitcher, sv, usedh",id
Games,"attendance, date, hometeam, htbf, id, location, losingpitcher, sv",winningpitcher
Games,"attendance, date, hometeam, htbf, id, location, losingpitcher, sv",visteam
Games,"attendance, date, hometeam, htbf, id, location, losingpitcher, sv",usedh
Games,"attendance, hometeam, htbf, id, losingpitcher, sv, usedh, visteam",winningpitcher
Games,"attendance, hometeam, htbf, id, losingpitcher, sv, usedh, visteam",location
Games,"attendance, hometeam, htbf, id, losingpitcher, sv, usedh, visteam",date
Games,"attendance, date, hometeam, htbf, id, sv, usedh, visteam",winningpitcher
Games,"attendance, date, hometeam, htbf, id, sv, usedh, visteam",location
Games,"attendance, date, hometeam, htbf, id, sv, usedh, visteam",losingpitcher
Games,"attendance, date, hometeam, htbf, losingpitcher, sv, usedh, visteam",winningpitcher
Games,"attendance, date, hometeam, htbf, losingpitcher, sv, usedh, visteam",location
Games,"attendance, date, hometeam, htbf, losingpitcher, sv, usedh, visteam",id
Games,"attendance, date, hometeam, htbf, id, losingpitcher, sv, visteam",winningpitcher
Games,"attendance, date, hometeam, htbf, id, losingpitcher, sv, visteam",location
Games,"attendance, date, hometeam, htbf, id, losingpitcher, sv, visteam",usedh
Games,"attendance, date, hometeam, htbf, id, losingpitcher, sv, usedh",winningpitcher
Games,"attendance, date, hometeam, htbf, id, losingpitcher, sv, usedh",location
Games,"attendance, date, hometeam, htbf, id, losingpitcher, sv, usedh",visteam
Games,"attendance, htbf, id, location, losingpitcher, sv, usedh, visteam",winningpitcher
Games,"attendance, htbf, id, location, losingpitcher, sv, usedh, visteam",hometeam
Games,"attendance, htbf, id, location, losingpitcher, sv, usedh, visteam",date
Games,"attendance, date, htbf, id, location, sv, usedh, visteam",winningpitcher
Games,"attendance, date, htbf, id, location, sv, usedh, visteam",hometeam
Games,"attendance, date, htbf, id, location, sv, usedh, visteam",losingpitcher
Games,"attendance, date, htbf, location, losingpitcher, sv, usedh, visteam",winningpitcher
Games,"attendance, date, htbf, location, losingpitcher, sv, usedh, visteam",hometeam
Games,"attendance, date, htbf, location, losingpitcher, sv, usedh, visteam",id
Games,"attendance, date, htbf, id, location, losingpitcher, sv, visteam",winningpitcher
Games,"attendance, date, htbf, id, location, losingpitcher, sv, visteam",hometeam
Games,"attendance, date, htbf, id, location, losingpitcher, sv, visteam",usedh
Games,"attendance, date, htbf, id, location, losingpitcher, sv, usedh",winningpitcher
Games,"attendance, date, htbf, id, location, losingpitcher, sv, usedh",hometeam
Games,"attendance, date, htbf, id, location, losingpitcher, sv, usedh",visteam
Games,"attendance, date, htbf, id, losingpitcher, sv, usedh, visteam",winningpitcher
Games,"attendance, date, htbf, id, losingpitcher, sv, usedh, visteam",hometeam
Games,"attendance, date, htbf, id, losingpitcher, sv, usedh, visteam",location
Games,"attendance, hometeam, id, location, losingpitcher, sv, usedh, visteam",winningpitcher
Games,"attendance, hometeam, id, location, losingpitcher, sv, usedh, visteam",date
Games,"attendance, hometeam, id, location, losingpitcher, sv, usedh, visteam",htbf
Games,"attendance, date, hometeam, id, location, sv, usedh, visteam",winningpitcher
Games,"attendance, date, hometeam, id, location, sv, usedh, visteam",losingpitcher
Games,"attendance, date, hometeam, id, location, sv, usedh, visteam",htbf
Games,"attendance, date, hometeam, location, losingpitcher, sv, usedh, visteam",winningpitcher
Games,"attendance, date, hometeam, location, losingpitcher, sv, usedh, visteam",id
Games,"attendance, date, hometeam, location, losingpitcher, sv, usedh, visteam",htbf
Games,"attendance, date, hometeam, id, location, losingpitcher, sv, visteam",winningpitcher
Games,"attendance, date, hometeam, id, location, losingpitcher, sv, visteam",usedh
Games,"attendance, date, hometeam, id, location, losingpitcher, sv, visteam",htbf
Games,"attendance, date, hometeam, id, location, losingpitcher, sv, usedh",winningpitcher
Games,"attendance, date, hometeam, id, location, losingpitcher, sv, usedh",visteam
Games,"attendance, date, hometeam, id, location, losingpitcher, sv, usedh",htbf
Games,"attendance, date, hometeam, id, losingpitcher, sv, usedh, visteam",winningpitcher
Games,"attendance, date, hometeam, id, losingpitcher, sv, usedh, visteam",location
Games,"attendance, date, hometeam, id, losingpitcher, sv, usedh, visteam",htbf
Games,"attendance, date, id, location, losingpitcher, sv, usedh, visteam",winningpitcher
Games,"attendance, date, id, location, losingpitcher, sv, usedh, visteam",hometeam
Games,"attendance, date, id, location, losingpitcher, sv, usedh, visteam",htbf
Games,"attendance, hometeam, htbf, id, location, losingpitcher, usedh, visteam",winningpitcher
Games,"attendance, hometeam, htbf, id, location, losingpitcher, usedh, visteam",sv
Games,"attendance, hometeam, htbf, id, location, losingpitcher, usedh, visteam",date
Games,"attendance, date, hometeam, htbf, id, location, usedh, visteam",winningpitcher
Games,"attendance, date, hometeam, htbf, id, location, usedh, visteam",sv
Games,"attendance, date, hometeam, htbf, id, location, usedh, visteam",losingpitcher
Games,"attendance, date, hometeam, htbf, location, losingpitcher, usedh, visteam",winningpitcher
Games,"attendance, date, hometeam, htbf, location, losingpitcher, usedh, visteam",sv
Games,"attendance, date, hometeam, htbf, location, losingpitcher, usedh, visteam",id
Games,"attendance, date, hometeam, htbf, id, location, losingpitcher, visteam",winningpitcher
Games,"attendance, date, hometeam, htbf, id, location, losingpitcher, visteam",sv
Games,"attendance, date, hometeam, htbf, id, location, losingpitcher, visteam",usedh
Games,"attendance, date, hometeam, htbf, id, location, losingpitcher, usedh",winningpitcher
Games,"attendance, date, hometeam, htbf, id, location, losingpitcher, usedh",visteam
Games,"attendance, date, hometeam, htbf, id, location, losingpitcher, usedh",sv
Games,"attendance, date, hometeam, htbf, id, losingpitcher, usedh, visteam",winningpitcher
Games,"attendance, date, hometeam, htbf, id, losingpitcher, usedh, visteam",location
Games,"attendance, date, hometeam, htbf, id, losingpitcher, usedh, visteam",sv
Games,"attendance, date, htbf, id, location, losingpitcher, usedh, visteam",winningpitcher
Games,"attendance, date, htbf, id, location, losingpitcher, usedh, visteam",hometeam
Games,"attendance, date, htbf, id, location, losingpitcher, usedh, visteam",sv
Games,"attendance, date, hometeam, id, location, losingpitcher, usedh, visteam",winningpitcher
Games,"attendance, date, hometeam, id, location, losingpitcher, usedh, visteam",sv
Games,"attendance, date, hometeam, id, location, losingpitcher, usedh, visteam",htbf
Games,"hometeam, htbf, id, location, losingpitcher, sv, usedh, visteam",winningpitcher
Games,"hometeam, htbf, id, location, losingpitcher, sv, usedh, visteam",attendance
Games,"hometeam, htbf, id, location, losingpitcher, sv, usedh, visteam",date
Games,"date, hometeam, htbf, id, location, sv, usedh, visteam",winningpitcher
Games,"date, hometeam, htbf, id, location, sv, usedh, visteam",attendance
Games,"date, hometeam, htbf, id, location, sv, usedh, visteam",losingpitcher
Games,"date, hometeam, htbf, location, losingpitcher, sv, usedh, visteam",winningpitcher
Games,"date, hometeam, htbf, location, losingpitcher, sv, usedh, visteam",attendance
Games,"date, hometeam, htbf, location, losingpitcher, sv, usedh, visteam",id
Games,"date, hometeam, htbf, id, location, losingpitcher, sv, visteam",winningpitcher
Games,"date, hometeam, htbf, id, location, losingpitcher, sv, visteam",attendance
Games,"date, hometeam, htbf, id, location, losingpitcher, sv, visteam",usedh
Games,"date, hometeam, htbf, id, location, losingpitcher, sv, usedh",winningpitcher
Games,"date, hometeam, htbf, id, location, losingpitcher, sv, usedh",attendance
Games,"date, hometeam, htbf, id, location, losingpitcher, sv, usedh",visteam
Games,"date, hometeam, htbf, id, losingpitcher, sv, usedh, visteam",winningpitcher
Games,"date, hometeam, htbf, id, losingpitcher, sv, usedh, visteam",attendance
Games,"date, hometeam, htbf, id, losingpitcher, sv, usedh, visteam",location
Games,"date, htbf, id, location, losingpitcher, sv, usedh, visteam",winningpitcher
Games,"date, htbf, id, location, losingpitcher, sv, usedh, visteam",hometeam
Games,"date, htbf, id, location, losingpitcher, sv, usedh, visteam",attendance
Games,"date, hometeam, id, location, losingpitcher, sv, usedh, visteam",winningpitcher
Games,"date, hometeam, id, location, losingpitcher, sv, usedh, visteam",attendance
Games,"date, hometeam, id, location, losingpitcher, sv, usedh, visteam",htbf
Games,"date, hometeam, htbf, id, location, losingpitcher, usedh, visteam",winningpitcher
Games,"date, hometeam, htbf, id, location, losingpitcher, usedh, visteam",attendance
Games,"date, hometeam, htbf, id, location, losingpitcher, usedh, visteam",sv
Games,"attendance, hometeam, htbf, id, location, sv, usedh, visteam, winningpitcher",date
Games,"attendance, hometeam, htbf, id, location, sv, usedh, visteam, winningpitcher",losingpitcher
Games,"attendance, hometeam, htbf, location, losingpitcher, sv, usedh, visteam, winningpitcher",date
Games,"attendance, hometeam, htbf, location, losingpitcher, sv, usedh, visteam, winningpitcher",id
Games,"attendance, date, hometeam, htbf, location, sv, usedh, visteam, winningpitcher",id
Games,"attendance, date, hometeam, htbf, location, sv, usedh, visteam, winningpitcher",losingpitcher
Games,"attendance, hometeam, htbf, id, location, losingpitcher, sv, visteam, winningpitcher",usedh
Games,"attendance, hometeam, htbf, id, location, losingpitcher, sv, visteam, winningpitcher",date
Games,"attendance, date, hometeam, htbf, id, location, sv, visteam, winningpitcher",usedh
Games,"attendance, date, hometeam, htbf, id, location, sv, visteam, winningpitcher",losingpitcher
Games,"attendance, date, hometeam, htbf, location, losingpitcher, sv, visteam, winningpitcher",usedh
Games,"attendance, date, hometeam, htbf, location, losingpitcher, sv, visteam, winningpitcher",id
Games,"attendance, hometeam, htbf, id, location, losingpitcher, sv, usedh, winningpitcher",visteam
Games,"attendance, hometeam, htbf, id, location, losingpitcher, sv, usedh, winningpitcher",date
Games,"attendance, date, hometeam, htbf, id, location, sv, usedh, winningpitcher",visteam
Games,"attendance, date, hometeam, htbf, id, location, sv, usedh, winningpitcher",losingpitcher
Games,"attendance, date, hometeam, htbf, location, losingpitcher, sv, usedh, winningpitcher",visteam
Games,"attendance, date, hometeam, htbf, location, losingpitcher, sv, usedh, winningpitcher",id
Games,"attendance, date, hometeam, htbf, id, location, losingpitcher, sv, winningpitcher",visteam
Games,"attendance, date, hometeam, htbf, id, location, losingpitcher, sv, winningpitcher",usedh
Games,"attendance, hometeam, htbf, id, losingpitcher, sv, usedh, visteam, winningpitcher",location
Games,"attendance, hometeam, htbf, id, losingpitcher, sv, usedh, visteam, winningpitcher",date
Games,"attendance, date, hometeam, htbf, id, sv, usedh, visteam, winningpitcher",location
Games,"attendance, date, hometeam, htbf, id, sv, usedh, visteam, winningpitcher",losingpitcher
Games,"attendance, date, hometeam, htbf, losingpitcher, sv, usedh, visteam, winningpitcher",location
Games,"attendance, date, hometeam, htbf, losingpitcher, sv, usedh, visteam, winningpitcher",id
Games,"attendance, date, hometeam, htbf, id, losingpitcher, sv, visteam, winningpitcher",location
Games,"attendance, date, hometeam, htbf, id, losingpitcher, sv, visteam, winningpitcher",usedh
Games,"attendance, date, hometeam, htbf, id, losingpitcher, sv, usedh, winningpitcher",location
Games,"attendance, date, hometeam, htbf, id, losingpitcher, sv, usedh, winningpitcher",visteam
Games,"attendance, htbf, id, location, losingpitcher, sv, usedh, visteam, winningpitcher",hometeam
Games,"attendance, htbf, id, location, losingpitcher, sv, usedh, visteam, winningpitcher",date
Games,"attendance, date, htbf, id, location, sv, usedh, visteam, winningpitcher",hometeam
Games,"attendance, date, htbf, id, location, sv, usedh, visteam, winningpitcher",losingpitcher
Games,"attendance, date, htbf, location, losingpitcher, sv, usedh, visteam, winningpitcher",hometeam
Games,"attendance, date, htbf, location, losingpitcher, sv, usedh, visteam, winningpitcher",id
Games,"attendance, date, htbf, id, location, losingpitcher, sv, visteam, winningpitcher",hometeam
Games,"attendance, date, htbf, id, location, losingpitcher, sv, visteam, winningpitcher",usedh
Games,"attendance, date, htbf, id, location, losingpitcher, sv, usedh, winningpitcher",hometeam
Games,"attendance, date, htbf, id, location, losingpitcher, sv, usedh, winningpitcher",visteam
Games,"attendance, date, htbf, id, losingpitcher, sv, usedh, visteam, winningpitcher",hometeam
Games,"attendance, date, htbf, id, losingpitcher, sv, usedh, visteam, winningpitcher",location
Games,"attendance, hometeam, id, location, losingpitcher, sv, usedh, visteam, winningpitcher",date
Games,"attendance, hometeam, id, location, losingpitcher, sv, usedh, visteam, winningpitcher",htbf
Games,"attendance, date, hometeam, id, location, sv, usedh, visteam, winningpitcher",losingpitcher
Games,"attendance, date, hometeam, id, location, sv, usedh, visteam, winningpitcher",htbf
Games,"attendance, date, hometeam, location, losingpitcher, sv, usedh, visteam, winningpitcher",id
Games,"attendance, date, hometeam, location, losingpitcher, sv, usedh, visteam, winningpitcher",htbf
Games,"attendance, date, hometeam, id, location, losingpitcher, sv, visteam, winningpitcher",usedh
Games,"attendance, date, hometeam, id, location, losingpitcher, sv, visteam, winningpitcher",htbf
Games,"attendance, date, hometeam, id, location, losingpitcher, sv, usedh, winningpitcher",visteam
Games,"attendance, date, hometeam, id, location, losingpitcher, sv, usedh, winningpitcher",htbf
Games,"attendance, date, hometeam, id, losingpitcher, sv, usedh, visteam, winningpitcher",location
Games,"attendance, date, hometeam, id, losingpitcher, sv, usedh, visteam, winningpitcher",htbf
Games,"attendance, date, id, location, losingpitcher, sv, usedh, visteam, winningpitcher",hometeam
Games,"attendance, date, id, location, losingpitcher, sv, usedh, visteam, winningpitcher",htbf
Games,"attendance, hometeam, htbf, id, location, losingpitcher, usedh, visteam, winningpitcher",sv
Games,"attendance, hometeam, htbf, id, location, losingpitcher, usedh, visteam, winningpitcher",date
Games,"attendance, date, hometeam, htbf, id, location, usedh, visteam, winningpitcher",sv
Games,"attendance, date, hometeam, htbf, id, location, usedh, visteam, winningpitcher",losingpitcher
Games,"attendance, date, hometeam, htbf, location, losingpitcher, usedh, visteam, winningpitcher",sv
Games,"attendance, date, hometeam, htbf, location, losingpitcher, usedh, visteam, winningpitcher",id
Games,"attendance, date, hometeam, htbf, id, location, losingpitcher, visteam, winningpitcher",sv
Games,"attendance, date, hometeam, htbf, id, location, losingpitcher, visteam, winningpitcher",usedh
Games,"attendance, date, hometeam, htbf, id, location, losingpitcher, usedh, winningpitcher",visteam
Games,"attendance, date, hometeam, htbf, id, location, losingpitcher, usedh, winningpitcher",sv
Games,"attendance, date, hometeam, htbf, id, losingpitcher, usedh, visteam, winningpitcher",location
Games,"attendance, date, hometeam, htbf, id, losingpitcher, usedh, visteam, winningpitcher",sv
Games,"attendance, date, htbf, id, location, losingpitcher, usedh, visteam, winningpitcher",hometeam
Games,"attendance, date, htbf, id, location, losingpitcher, usedh, visteam, winningpitcher",sv
Games,"attendance, date, hometeam, id, location, losingpitcher, usedh, visteam, winningpitcher",sv
Games,"attendance, date, hometeam, id, location, losingpitcher, usedh, visteam, winningpitcher",htbf
Games,"hometeam, htbf, id, location, losingpitcher, sv, usedh, visteam, winningpitcher",attendance
Games,"hometeam, htbf, id, location, losingpitcher, sv, usedh, visteam, winningpitcher",date
Games,"date, hometeam, htbf, id, location, sv, usedh, visteam, winningpitcher",attendance
Games,"date, hometeam, htbf, id, location, sv, usedh, visteam, winningpitcher",losingpitcher
Games,"date, hometeam, htbf, location, losingpitcher, sv, usedh, visteam, winningpitcher",attendance
Games,"date, hometeam, htbf, location, losingpitcher, sv, usedh, visteam, winningpitcher",id
Games,"date, hometeam, htbf, id, location, losingpitcher, sv, visteam, winningpitcher",attendance
Games,"date, hometeam, htbf, id, location, losingpitcher, sv, visteam, winningpitcher",usedh
Games,"date, hometeam, htbf, id, location, losingpitcher, sv, usedh, winningpitcher",attendance
Games,"date, hometeam, htbf, id, location, losingpitcher, sv, usedh, winningpitcher",visteam
Games,"date, hometeam, htbf, id, losingpitcher, sv, usedh, visteam, winningpitcher",attendance
Games,"date, hometeam, htbf, id, losingpitcher, sv, usedh, visteam, winningpitcher",location
Games,"date, htbf, id, location, losingpitcher, sv, usedh, visteam, winningpitcher",hometeam
Games,"date, htbf, id, location, losingpitcher, sv, usedh, visteam, winningpitcher",attendance
Games,"date, hometeam, id, location, losingpitcher, sv, usedh, visteam, winningpitcher",attendance
Games,"date, hometeam, id, location, losingpitcher, sv, usedh, visteam, winningpitcher",htbf
Games,"date, hometeam, htbf, id, location, losingpitcher, usedh, visteam, winningpitcher",attendance
Games,"date, hometeam, htbf, id, location, losingpitcher, usedh, visteam, winningpitcher",sv
Games,"attendance, hometeam, htbf, id, location, losingpitcher, sv, usedh, visteam",winningpitcher
Games,"attendance, hometeam, htbf, id, location, losingpitcher, sv, usedh, visteam",date
Games,"attendance, date, hometeam, htbf, id, location, sv, usedh, visteam",winningpitcher
Games,"attendance, date, hometeam, htbf, id, location, sv, usedh, visteam",losingpitcher
Games,"attendance, date, hometeam, htbf, location, losingpitcher, sv, usedh, visteam",winningpitcher
Games,"attendance, date, hometeam, htbf, location, losingpitcher, sv, usedh, visteam",id
Games,"attendance, date, hometeam, htbf, id, location, losingpitcher, sv, visteam",winningpitcher
Games,"attendance, date, hometeam, htbf, id, location, losingpitcher, sv, visteam",usedh
Games,"attendance, date, hometeam, htbf, id, location, losingpitcher, sv, usedh",winningpitcher
Games,"attendance, date, hometeam, htbf, id, location, losingpitcher, sv, usedh",visteam
Games,"attendance, date, hometeam, htbf, id, losingpitcher, sv, usedh, visteam",winningpitcher
Games,"attendance, date, hometeam, htbf, id, losingpitcher, sv, usedh, visteam",location
Games,"attendance, date, htbf, id, location, losingpitcher, sv, usedh, visteam",winningpitcher
Games,"attendance, date, htbf, id, location, losingpitcher, sv, usedh, visteam",hometeam
Games,"attendance, date, hometeam, id, location, losingpitcher, sv, usedh, visteam",winningpitcher
Games,"attendance, date, hometeam, id, location, losingpitcher, sv, usedh, visteam",htbf
Games,"attendance, date, hometeam, htbf, id, location, losingpitcher, usedh, visteam",winningpitcher
Games,"attendance, date, hometeam, htbf, id, location, losingpitcher, usedh, visteam",sv
Games,"date, hometeam, htbf, id, location, losingpitcher, sv, usedh, visteam",winningpitcher
Games,"date, hometeam, htbf, id, location, losingpitcher, sv, usedh, visteam",attendance
Games,"attendance, hometeam, htbf, id, location, losingpitcher, sv, usedh, visteam, winningpitcher",date
Games,"attendance, date, hometeam, htbf, id, location, sv, usedh, visteam, winningpitcher",losingpitcher
Games,"attendance, date, hometeam, htbf, location, losingpitcher, sv, usedh, visteam, winningpitcher",id
Games,"attendance, date, hometeam, htbf, id, location, losingpitcher, sv, visteam, winningpitcher",usedh
Games,"attendance, date, hometeam, htbf, id, location, losingpitcher, sv, usedh, winningpitcher",visteam
Games,"attendance, date, hometeam, htbf, id, losingpitcher, sv, usedh, visteam, winningpitcher",location
Games,"attendance, date, htbf, id, location, losingpitcher, sv, usedh, visteam, winningpitcher",hometeam
Games,"attendance, date, hometeam, id, location, losingpitcher, sv, usedh, visteam, winningpitcher",htbf
Games,"attendance, date, hometeam, htbf, id, location, losingpitcher, usedh, visteam, winningpitcher",sv
Games,"date, hometeam, htbf, id, location, losingpitcher, sv, usedh, visteam, winningpitcher",attendance
Games,"attendance, date, hometeam, htbf, id, location, losingpitcher, sv, usedh, visteam",winningpitcher
PlayerActivity,battingpos,inning
PlayerActivity,playerid,inning
PlayerActivity,gameid,inning
PlayerActivity,pinchhit,inning
PlayerActivity,fieldingpos,pinchhit
PlayerActivity,fieldingpos,inning
PlayerActivity,pinchrun,inning
PlayerActivity,id,battingpos
PlayerActivity,id,playerid
PlayerActivity,id,gameid
PlayerActivity,id,pinchhit
PlayerActivity,id,inning
PlayerActivity,team,inning
PlayerActivity,"battingpos, playerid",inning
PlayerActivity,"battingpos, gameid",inning
PlayerActivity,"battingpos, pinchhit",inning
PlayerActivity,"battingpos, fieldingpos",pinchhit
PlayerActivity,"battingpos, fieldingpos",inning
PlayerActivity,"battingpos, pinchrun",inning
PlayerActivity,"battingpos, id",pinchhit
PlayerActivity,"battingpos, id",inning
PlayerActivity,"battingpos, id",playerid
PlayerActivity,"battingpos, id",gameid
PlayerActivity,"battingpos, team",inning
PlayerActivity,"gameid, playerid",inning
PlayerActivity,"pinchhit, playerid",inning
PlayerActivity,"fieldingpos, playerid",pinchhit
PlayerActivity,"fieldingpos, playerid",inning
PlayerActivity,"pinchrun, playerid",inning
PlayerActivity,"id, playerid",battingpos
PlayerActivity,"id, playerid",inning
PlayerActivity,"id, playerid",pinchhit
PlayerActivity,"id, playerid",gameid
PlayerActivity,"playerid, team",inning
PlayerActivity,"gameid, pinchhit",inning
PlayerActivity,"fieldingpos, gameid",pinchhit
PlayerActivity,"fieldingpos, gameid",inning
PlayerActivity,"gameid, pinchrun",inning
PlayerActivity,"gameid, id",battingpos
PlayerActivity,"gameid, id",inning
PlayerActivity,"gameid, id",playerid
PlayerActivity,"gameid, id",pinchhit
PlayerActivity,"gameid, team",inning
PlayerActivity,"fieldingpos, pinchhit",inning
PlayerActivity,"pinchhit, pinchrun",inning
PlayerActivity,"id, pinchhit",battingpos
PlayerActivity,"id, pinchhit",inning
PlayerActivity,"id, pinchhit",playerid
PlayerActivity,"id, pinchhit",gameid
PlayerActivity,"pinchhit, team",inning
PlayerActivity,"fieldingpos, pinchrun",pinchhit
PlayerActivity,"fieldingpos, pinchrun",inning
PlayerActivity,"fieldingpos, id",battingpos
PlayerActivity,"fieldingpos, id",playerid
PlayerActivity,"fieldingpos, id",gameid
PlayerActivity,"fieldingpos, id",pinchhit
PlayerActivity,"fieldingpos, id",inning
PlayerActivity,"fieldingpos, team",pinchhit
PlayerActivity,"fieldingpos, team",inning
PlayerActivity,"id, pinchrun",battingpos
PlayerActivity,"id, pinchrun",playerid
PlayerActivity,"id, pinchrun",gameid
PlayerActivity,"id, pinchrun",pinchhit
PlayerActivity,"id, pinchrun",inning
PlayerActivity,"pinchrun, team",inning
PlayerActivity,"id, team",battingpos
PlayerActivity,"id, team",playerid
PlayerActivity,"id, team",gameid
PlayerActivity,"id, team",pinchhit
PlayerActivity,"id, team",inning
PlayerActivity,"battingpos, gameid, playerid",inning
PlayerActivity,"battingpos, pinchhit, playerid",inning
PlayerActivity,"battingpos, fieldingpos, playerid",pinchhit
PlayerActivity,"battingpos, fieldingpos, playerid",inning
PlayerActivity,"battingpos, pinchrun, playerid",inning
PlayerActivity,"battingpos, id, playerid",pinchhit
PlayerActivity,"battingpos, id, playerid",inning
PlayerActivity,"battingpos, id, playerid",gameid
PlayerActivity,"battingpos, playerid, team",inning
PlayerActivity,"battingpos, gameid, pinchhit",inning
PlayerActivity,"battingpos, fieldingpos, gameid",pinchhit
PlayerActivity,"battingpos, fieldingpos, gameid",inning
PlayerActivity,"battingpos, gameid, pinchrun",inning
PlayerActivity,"battingpos, gameid, id",pinchhit
PlayerActivity,"battingpos, gameid, id",inning
PlayerActivity,"battingpos, gameid, id",playerid
PlayerActivity,"battingpos, gameid, team",inning
PlayerActivity,"battingpos, fieldingpos, pinchhit",inning
PlayerActivity,"battingpos, pinchhit, pinchrun",inning
PlayerActivity,"battingpos, id, pinchhit",inning
PlayerActivity,"battingpos, id, pinchhit",playerid
PlayerActivity,"battingpos, id, pinchhit",gameid
PlayerActivity,"battingpos, pinchhit, team",inning
PlayerActivity,"battingpos, fieldingpos, pinchrun",pinchhit
PlayerActivity,"battingpos, fieldingpos, pinchrun",inning
PlayerActivity,"battingpos, fieldingpos, id",pinchhit
PlayerActivity,"battingpos, fieldingpos, id",inning
PlayerActivity,"battingpos, fieldingpos, id",playerid
PlayerActivity,"battingpos, fieldingpos, id",gameid
PlayerActivity,"battingpos, fieldingpos, team",pinchhit
PlayerActivity,"battingpos, fieldingpos, team",inning
PlayerActivity,"battingpos, id, pinchrun",pinchhit
PlayerActivity,"battingpos, id, pinchrun",inning
PlayerActivity,"battingpos, id, pinchrun",playerid
PlayerActivity,"battingpos, id, pinchrun",gameid
PlayerActivity,"battingpos, pinchrun, team",inning
PlayerActivity,"battingpos, id, team",pinchhit
PlayerActivity,"battingpos, id, team",inning
PlayerActivity,"battingpos, id, team",playerid
PlayerActivity,"battingpos, id, team",gameid
PlayerActivity,"gameid, pinchhit, playerid",inning
PlayerActivity,"fieldingpos, gameid, playerid",pinchhit
PlayerActivity,"fieldingpos, gameid, playerid",inning
PlayerActivity,"gameid, pinchrun, playerid",inning
PlayerActivity,"gameid, id, playerid",battingpos
PlayerActivity,"gameid, id, playerid",inning
PlayerActivity,"gameid, id, playerid",pinchhit
PlayerActivity,"gameid, playerid, team",inning
PlayerActivity,"fieldingpos, pinchhit, playerid",inning
PlayerActivity,"pinchhit, pinchrun, playerid",inning
PlayerActivity,"id, pinchhit, playerid",battingpos
PlayerActivity,"id, pinchhit, playerid",inning
PlayerActivity,"id, pinchhit, playerid",gameid
PlayerActivity,"pinchhit, playerid, team",inning
PlayerActivity,"fieldingpos, pinchrun, playerid",pinchhit
PlayerActivity,"fieldingpos, pinchrun, playerid",inning
PlayerActivity,"fieldingpos, id, playerid",battingpos
PlayerActivity,"fieldingpos, id, playerid",inning
PlayerActivity,"fieldingpos, id, playerid",pinchhit
PlayerActivity,"fieldingpos, id, playerid",gameid
PlayerActivity,"fieldingpos, playerid, team",pinchhit
PlayerActivity,"fieldingpos, playerid, team",inning
PlayerActivity,"id, pinchrun, playerid",battingpos
PlayerActivity,"id, pinchrun, playerid",inning
PlayerActivity,"id, pinchrun, playerid",pinchhit
PlayerActivity,"id, pinchrun, playerid",gameid
PlayerActivity,"pinchrun, playerid, team",inning
PlayerActivity,"id, playerid, team",battingpos
PlayerActivity,"id, playerid, team",inning
PlayerActivity,"id, playerid, team",pinchhit
PlayerActivity,"id, playerid, team",gameid
PlayerActivity,"fieldingpos, gameid, pinchhit",inning
PlayerActivity,"gameid, pinchhit, pinchrun",inning
PlayerActivity,"gameid, id, pinchhit",battingpos
PlayerActivity,"gameid, id, pinchhit",inning
PlayerActivity,"gameid, id, pinchhit",playerid
PlayerActivity,"gameid, pinchhit, team",inning
PlayerActivity,"fieldingpos, gameid, pinchrun",pinchhit
PlayerActivity,"fieldingpos, gameid, pinchrun",inning
PlayerActivity,"fieldingpos, gameid, id",battingpos
PlayerActivity,"fieldingpos, gameid, id",inning
PlayerActivity,"fieldingpos, gameid, id",playerid
PlayerActivity,"fieldingpos, gameid, id",pinchhit
PlayerActivity,"fieldingpos, gameid, team",pinchhit
PlayerActivity,"fieldingpos, gameid, team",inning
PlayerActivity,"gameid, id, pinchrun",battingpos
PlayerActivity,"gameid, id, pinchrun",inning
PlayerActivity,"gameid, id, pinchrun",playerid
PlayerActivity,"gameid, id, pinchrun",pinchhit
PlayerActivity,"gameid, pinchrun, team",inning
PlayerActivity,"gameid, id, team",battingpos
PlayerActivity,"gameid, id, team",inning
PlayerActivity,"gameid, id, team",playerid
PlayerActivity,"gameid, id, team",pinchhit
PlayerActivity,"fieldingpos, pinchhit, pinchrun",inning
PlayerActivity,"fieldingpos, id, pinchhit",battingpos
PlayerActivity,"fieldingpos, id, pinchhit",inning
PlayerActivity,"fieldingpos, id, pinchhit",playerid
PlayerActivity,"fieldingpos, id, pinchhit",gameid
PlayerActivity,"fieldingpos, pinchhit, team",inning
PlayerActivity,"id, pinchhit, pinchrun",battingpos
PlayerActivity,"id, pinchhit, pinchrun",inning
PlayerActivity,"id, pinchhit, pinchrun",playerid
PlayerActivity,"id, pinchhit, pinchrun",gameid
PlayerActivity,"pinchhit, pinchrun, team",inning
PlayerActivity,"id, pinchhit, team",battingpos
PlayerActivity,"id, pinchhit, team",inning
PlayerActivity,"id, pinchhit, team",playerid
PlayerActivity,"id, pinchhit, team",gameid
PlayerActivity,"fieldingpos, id, pinchrun",battingpos
PlayerActivity,"fieldingpos, id, pinchrun",playerid
PlayerActivity,"fieldingpos, id, pinchrun",gameid
PlayerActivity,"fieldingpos, id, pinchrun",pinchhit
PlayerActivity,"fieldingpos, id, pinchrun",inning
PlayerActivity,"fieldingpos, pinchrun, team",pinchhit
PlayerActivity,"fieldingpos, pinchrun, team",inning
PlayerActivity,"fieldingpos, id, team",battingpos
PlayerActivity,"fieldingpos, id, team",playerid
PlayerActivity,"fieldingpos, id, team",gameid
PlayerActivity,"fieldingpos, id, team",pinchhit
PlayerActivity,"fieldingpos, id, team",inning
PlayerActivity,"id, pinchrun, team",battingpos
PlayerActivity,"id, pinchrun, team",playerid
PlayerActivity,"id, pinchrun, team",gameid
PlayerActivity,"id, pinchrun, team",pinchhit
PlayerActivity,"id, pinchrun, team",inning
PlayerActivity,"battingpos, gameid, pinchhit, playerid",inning
PlayerActivity,"battingpos, fieldingpos, gameid, playerid",pinchhit
PlayerActivity,"battingpos, fieldingpos, gameid, playerid",inning
PlayerActivity,"battingpos, gameid, pinchrun, playerid",inning
PlayerActivity,"battingpos, gameid, id, playerid",pinchhit
PlayerActivity,"battingpos, gameid, id, playerid",inning
PlayerActivity,"battingpos, gameid, playerid, team",inning
PlayerActivity,"battingpos, fieldingpos, pinchhit, playerid",inning
PlayerActivity,"battingpos, pinchhit, pinchrun, playerid",inning
PlayerActivity,"battingpos, id, pinchhit, playerid",inning
PlayerActivity,"battingpos, id, pinchhit, playerid",gameid
PlayerActivity,"battingpos, pinchhit, playerid, team",inning
PlayerActivity,"battingpos, fieldingpos, pinchrun, playerid",pinchhit
PlayerActivity,"battingpos, fieldingpos, pinchrun, playerid",inning
PlayerActivity,"battingpos, fieldingpos, id, playerid",pinchhit
PlayerActivity,"battingpos, fieldingpos, id, playerid",inning
PlayerActivity,"battingpos, fieldingpos, id, playerid",gameid
PlayerActivity,"battingpos, fieldingpos, playerid, team",pinchhit
PlayerActivity,"battingpos, fieldingpos, playerid, team",inning
PlayerActivity,"battingpos, id, pinchrun, playerid",pinchhit
PlayerActivity,"battingpos, id, pinchrun, playerid",inning
PlayerActivity,"battingpos, id, pinchrun, playerid",gameid
PlayerActivity,"battingpos, pinchrun, playerid, team",inning
PlayerActivity,"battingpos, id, playerid, team",pinchhit
PlayerActivity,"battingpos, id, playerid, team",inning
PlayerActivity,"battingpos, id, playerid, team",gameid
PlayerActivity,"battingpos, fieldingpos, gameid, pinchhit",inning
PlayerActivity,"battingpos, gameid, pinchhit, pinchrun",inning
PlayerActivity,"battingpos, gameid, id, pinchhit",inning
PlayerActivity,"battingpos, gameid, id, pinchhit",playerid
PlayerActivity,"battingpos, gameid, pinchhit, team",inning
PlayerActivity,"battingpos, fieldingpos, gameid, pinchrun",pinchhit
PlayerActivity,"battingpos, fieldingpos, gameid, pinchrun",inning
PlayerActivity,"battingpos, fieldingpos, gameid, id",pinchhit
PlayerActivity,"battingpos, fieldingpos, gameid, id",inning
PlayerActivity,"battingpos, fieldingpos, gameid, id",playerid
PlayerActivity,"battingpos, fieldingpos, gameid, team",pinchhit
PlayerActivity,"battingpos, fieldingpos, gameid, team",inning
PlayerActivity,"battingpos, gameid, id, pinchrun",pinchhit
PlayerActivity,"battingpos, gameid, id, pinchrun",inning
PlayerActivity,"battingpos, gameid, id, pinchrun",playerid
PlayerActivity,"battingpos, gameid, pinchrun, team",inning
PlayerActivity,"battingpos, gameid, id, team",pinchhit
PlayerActivity,"battingpos, gameid, id, team",inning
PlayerActivity,"battingpos, gameid, id, team",playerid
PlayerActivity,"battingpos, fieldingpos, pinchhit, pinchrun",inning
PlayerActivity,"battingpos, fieldingpos, id, pinchhit",inning
PlayerActivity,"battingpos, fieldingpos, id, pinchhit",playerid
PlayerActivity,"battingpos, fieldingpos, id, pinchhit",gameid
PlayerActivity,"battingpos, fieldingpos, pinchhit, team",inning
PlayerActivity,"battingpos, id, pinchhit, pinchrun",inning
PlayerActivity,"battingpos, id, pinchhit, pinchrun",playerid
PlayerActivity,"battingpos, id, pinchhit, pinchrun",gameid
PlayerActivity,"battingpos, pinchhit, pinchrun, team",inning
PlayerActivity,"battingpos, id, pinchhit, team",inning
PlayerActivity,"battingpos, id, pinchhit, team",playerid
PlayerActivity,"battingpos, id, pinchhit, team",gameid
PlayerActivity,"battingpos, fieldingpos, id, pinchrun",pinchhit
PlayerActivity,"battingpos, fieldingpos, id, pinchrun",inning
PlayerActivity,"battingpos, fieldingpos, id, pinchrun",playerid
PlayerActivity,"battingpos, fieldingpos, id, pinchrun",gameid
PlayerActivity,"battingpos, fieldingpos, pinchrun, team",pinchhit
PlayerActivity,"battingpos, fieldingpos, pinchrun, team",inning
PlayerActivity,"battingpos, fieldingpos, id, team",pinchhit
PlayerActivity,"battingpos, fieldingpos, id, team",inning
PlayerActivity,"battingpos, fieldingpos, id, team",playerid
PlayerActivity,"battingpos, fieldingpos, id, team",gameid
PlayerActivity,"battingpos, id, pinchrun, team",pinchhit
PlayerActivity,"battingpos, id, pinchrun, team",inning
PlayerActivity,"battingpos, id, pinchrun, team",playerid
PlayerActivity,"battingpos, id, pinchrun, team",gameid
PlayerActivity,"fieldingpos, gameid, pinchhit, playerid",inning
PlayerActivity,"gameid, pinchhit, pinchrun, playerid",inning
PlayerActivity,"gameid, id, pinchhit, playerid",battingpos
PlayerActivity,"gameid, id, pinchhit, playerid",inning
PlayerActivity,"gameid, pinchhit, playerid, team",inning
PlayerActivity,"fieldingpos, gameid, pinchrun, playerid",pinchhit
PlayerActivity,"fieldingpos, gameid, pinchrun, playerid",inning
PlayerActivity,"fieldingpos, gameid, id, playerid",battingpos
PlayerActivity,"fieldingpos, gameid, id, playerid",inning
PlayerActivity,"fieldingpos, gameid, id, playerid",pinchhit
PlayerActivity,"fieldingpos, gameid, playerid, team",pinchhit
PlayerActivity,"fieldingpos, gameid, playerid, team",inning
PlayerActivity,"gameid, id, pinchrun, playerid",battingpos
PlayerActivity,"gameid, id, pinchrun, playerid",inning
PlayerActivity,"gameid, id, pinchrun, playerid",pinchhit
PlayerActivity,"gameid, pinchrun, playerid, team",inning
PlayerActivity,"gameid, id, playerid, team",battingpos
PlayerActivity,"gameid, id, playerid, team",inning
PlayerActivity,"gameid, id, playerid, team",pinchhit
PlayerActivity,"fieldingpos, pinchhit, pinchrun, playerid",inning
PlayerActivity,"fieldingpos, id, pinchhit, playerid",battingpos
PlayerActivity,"fieldingpos, id, pinchhit, playerid",inning
PlayerActivity,"fieldingpos, id, pinchhit, playerid",gameid
PlayerActivity,"fieldingpos, pinchhit, playerid, team",inning
PlayerActivity,"id, pinchhit, pinchrun, playerid",battingpos
PlayerActivity,"id, pinchhit, pinchrun, playerid",inning
PlayerActivity,"id, pinchhit, pinchrun, playerid",gameid
PlayerActivity,"pinchhit, pinchrun, playerid, team",inning
PlayerActivity,"id, pinchhit, playerid, team",battingpos
PlayerActivity,"id, pinchhit, playerid, team",inning
PlayerActivity,"id, pinchhit, playerid, team",gameid
PlayerActivity,"fieldingpos, id, pinchrun, playerid",battingpos
PlayerActivity,"fieldingpos, id, pinchrun, playerid",inning
PlayerActivity,"fieldingpos, id, pinchrun, playerid",pinchhit
PlayerActivity,"fieldingpos, id, pinchrun, playerid",gameid
PlayerActivity,"fieldingpos, pinchrun, playerid, team",pinchhit
PlayerActivity,"fieldingpos, pinchrun, playerid, team",inning
PlayerActivity,"fieldingpos, id, playerid, team",battingpos
PlayerActivity,"fieldingpos, id, playerid, team",inning
PlayerActivity,"fieldingpos, id, playerid, team",pinchhit
PlayerActivity,"fieldingpos, id, playerid, team",gameid
PlayerActivity,"id, pinchrun, playerid, team",battingpos
PlayerActivity,"id, pinchrun, playerid, team",inning
PlayerActivity,"id, pinchrun, playerid, team",pinchhit
PlayerActivity,"id, pinchrun, playerid, team",gameid
PlayerActivity,"fieldingpos, gameid, pinchhit, pinchrun",inning
PlayerActivity,"fieldingpos, gameid, id, pinchhit",battingpos
PlayerActivity,"fieldingpos, gameid, id, pinchhit",inning
PlayerActivity,"fieldingpos, gameid, id, pinchhit",playerid
PlayerActivity,"fieldingpos, gameid, pinchhit, team",inning
PlayerActivity,"gameid, id, pinchhit, pinchrun",battingpos
PlayerActivity,"gameid, id, pinchhit, pinchrun",inning
PlayerActivity,"gameid, id, pinchhit, pinchrun",playerid
PlayerActivity,"gameid, pinchhit, pinchrun, team",inning
PlayerActivity,"gameid, id, pinchhit, team",battingpos
PlayerActivity,"gameid, id, pinchhit, team",inning
PlayerActivity,"gameid, id, pinchhit, team",playerid
PlayerActivity,"fieldingpos, gameid, id, pinchrun",battingpos
PlayerActivity,"fieldingpos, gameid, id, pinchrun",inning
PlayerActivity,"fieldingpos, gameid, id, pinchrun",playerid
PlayerActivity,"fieldingpos, gameid, id, pinchrun",pinchhit
PlayerActivity,"fieldingpos, gameid, pinchrun, team",pinchhit
PlayerActivity,"fieldingpos, gameid, pinchrun, team",inning
PlayerActivity,"fieldingpos, gameid, id, team",battingpos
PlayerActivity,"fieldingpos, gameid, id, team",inning
PlayerActivity,"fieldingpos, gameid, id, team",playerid
PlayerActivity,"fieldingpos, gameid, id, team",pinchhit
PlayerActivity,"gameid, id, pinchrun, team",battingpos
PlayerActivity,"gameid, id, pinchrun, team",inning
PlayerActivity,"gameid, id, pinchrun, team",playerid
PlayerActivity,"gameid, id, pinchrun, team",pinchhit
PlayerActivity,"fieldingpos, id, pinchhit, pinchrun",battingpos
PlayerActivity,"fieldingpos, id, pinchhit, pinchrun",inning
PlayerActivity,"fieldingpos, id, pinchhit, pinchrun",playerid
PlayerActivity,"fieldingpos, id, pinchhit, pinchrun",gameid
PlayerActivity,"fieldingpos, pinchhit, pinchrun, team",inning
PlayerActivity,"fieldingpos, id, pinchhit, team",battingpos
PlayerActivity,"fieldingpos, id, pinchhit, team",inning
PlayerActivity,"fieldingpos, id, pinchhit, team",playerid
PlayerActivity,"fieldingpos, id, pinchhit, team",gameid
PlayerActivity,"id, pinchhit, pinchrun, team",battingpos
PlayerActivity,"id, pinchhit, pinchrun, team",inning
PlayerActivity,"id, pinchhit, pinchrun, team",playerid
PlayerActivity,"id, pinchhit, pinchrun, team",gameid
PlayerActivity,"fieldingpos, id, pinchrun, team",battingpos
PlayerActivity,"fieldingpos, id, pinchrun, team",playerid
PlayerActivity,"fieldingpos, id, pinchrun, team",gameid
PlayerActivity,"fieldingpos, id, pinchrun, team",pinchhit
PlayerActivity,"fieldingpos, id, pinchrun, team",inning
PlayerActivity,"battingpos, fieldingpos, gameid, pinchhit, playerid",inning
PlayerActivity,"battingpos, gameid, pinchhit, pinchrun, playerid",inning
PlayerActivity,"battingpos, gameid, id, pinchhit, playerid",inning
PlayerActivity,"battingpos, gameid, pinchhit, playerid, team",inning
PlayerActivity,"battingpos, fieldingpos, gameid, pinchrun, playerid",pinchhit
PlayerActivity,"battingpos, fieldingpos, gameid, pinchrun, playerid",inning
PlayerActivity,"battingpos, fieldingpos, gameid, id, playerid",pinchhit
PlayerActivity,"battingpos, fieldingpos, gameid, id, playerid",inning
PlayerActivity,"battingpos, fieldingpos, gameid, playerid, team",pinchhit
PlayerActivity,"battingpos, fieldingpos, gameid, playerid, team",inning
PlayerActivity,"battingpos, gameid, id, pinchrun, playerid",pinchhit
PlayerActivity,"battingpos, gameid, id, pinchrun, playerid",inning
PlayerActivity,"battingpos, gameid, pinchrun, playerid, team",inning
PlayerActivity,"battingpos, gameid, id, playerid, team",pinchhit
PlayerActivity,"battingpos, gameid, id, playerid, team",inning
PlayerActivity,"battingpos, fieldingpos, pinchhit, pinchrun, playerid",inning
PlayerActivity,"battingpos, fieldingpos, id, pinchhit, playerid",inning
PlayerActivity,"battingpos, fieldingpos, pinchhit, playerid, team",inning
PlayerActivity,"battingpos, id, pinchhit, pinchrun, playerid",inning
PlayerActivity,"battingpos, pinchhit, pinchrun, playerid, team",inning
PlayerActivity,"battingpos, id, pinchhit, playerid, team",inning
PlayerActivity,"battingpos, fieldingpos, id, pinchrun, playerid",pinchhit
PlayerActivity,"battingpos, fieldingpos, id, pinchrun, playerid",inning
PlayerActivity,"battingpos, fieldingpos, pinchrun, playerid, team",pinchhit
PlayerActivity,"battingpos, fieldingpos, pinchrun, playerid, team",inning
PlayerActivity,"battingpos, fieldingpos, id, playerid, team",pinchhit
PlayerActivity,"battingpos, fieldingpos, id, playerid, team",inning
PlayerActivity,"battingpos, id, pinchrun, playerid, team",pinchhit
PlayerActivity,"battingpos, id, pinchrun, playerid, team",inning
PlayerActivity,"battingpos, fieldingpos, gameid, pinchhit, pinchrun",inning
PlayerActivity,"battingpos, fieldingpos, gameid, id, pinchhit",inning
PlayerActivity,"battingpos, fieldingpos, gameid, pinchhit, team",inning
PlayerActivity,"battingpos, gameid, id, pinchhit, pinchrun",inning
PlayerActivity,"battingpos, gameid, pinchhit, pinchrun, team",inning
PlayerActivity,"battingpos, gameid, id, pinchhit, team",inning
PlayerActivity,"battingpos, fieldingpos, gameid, id, pinchrun",pinchhit
PlayerActivity,"battingpos, fieldingpos, gameid, id, pinchrun",inning
PlayerActivity,"battingpos, fieldingpos, gameid, pinchrun, team",pinchhit
PlayerActivity,"battingpos, fieldingpos, gameid, pinchrun, team",inning
PlayerActivity,"battingpos, fieldingpos, gameid, id, team",pinchhit
PlayerActivity,"battingpos, fieldingpos, gameid, id, team",inning
PlayerActivity,"battingpos, gameid, id, pinchrun, team",pinchhit
PlayerActivity,"battingpos, gameid, id, pinchrun, team",inning
PlayerActivity,"battingpos, fieldingpos, id, pinchhit, pinchrun",inning
PlayerActivity,"battingpos, fieldingpos, pinchhit, pinchrun, team",inning
PlayerActivity,"battingpos, fieldingpos, id, pinchhit, team",inning
PlayerActivity,"battingpos, id, pinchhit, pinchrun, team",inning
PlayerActivity,"battingpos, fieldingpos, id, pinchrun, team",pinchhit
PlayerActivity,"battingpos, fieldingpos, id, pinchrun, team",inning
PlayerActivity,"fieldingpos, gameid, pinchhit, pinchrun, playerid",inning
PlayerActivity,"fieldingpos, gameid, id, pinchhit, playerid",battingpos
PlayerActivity,"fieldingpos, gameid, id, pinchhit, playerid",inning
PlayerActivity,"fieldingpos, gameid, pinchhit, playerid, team",inning
PlayerActivity,"gameid, id, pinchhit, pinchrun, playerid",battingpos
PlayerActivity,"gameid, id, pinchhit, pinchrun, playerid",inning
PlayerActivity,"gameid, pinchhit, pinchrun, playerid, team",inning
PlayerActivity,"gameid, id, pinchhit, playerid, team",battingpos
PlayerActivity,"gameid, id, pinchhit, playerid, team",inning
PlayerActivity,"fieldingpos, gameid, id, pinchrun, playerid",battingpos
PlayerActivity,"fieldingpos, gameid, id, pinchrun, playerid",inning
PlayerActivity,"fieldingpos, gameid, pinchrun, playerid, team",inning
PlayerActivity,"fieldingpos, gameid, id, playerid, team",battingpos
PlayerActivity,"fieldingpos, gameid, id, playerid, team",inning
PlayerActivity,"gameid, id, pinchrun, playerid, team",battingpos
PlayerActivity,"gameid, id, pinchrun, playerid, team",inning
PlayerActivity,"fieldingpos, id, pinchhit, pinchrun, playerid",battingpos
PlayerActivity,"fieldingpos, id, pinchhit, pinchrun, playerid",inning
PlayerActivity,"fieldingpos, pinchhit, pinchrun, playerid, team",inning
PlayerActivity,"fieldingpos, id, pinchhit, playerid, team",battingpos
PlayerActivity,"fieldingpos, id, pinchhit, playerid, team",inning
PlayerActivity,"id, pinchhit, pinchrun, playerid, team",battingpos
PlayerActivity,"id, pinchhit, pinchrun, playerid, team",inning
PlayerActivity,"fieldingpos, id, pinchrun, playerid, team",battingpos
PlayerActivity,"fieldingpos, id, pinchrun, playerid, team",inning
PlayerActivity,"fieldingpos, gameid, id, pinchhit, pinchrun",battingpos
PlayerActivity,"fieldingpos, gameid, id, pinchhit, pinchrun",inning
PlayerActivity,"fieldingpos, gameid, pinchhit, pinchrun, team",inning
PlayerActivity,"fieldingpos, gameid, id, pinchhit, team",battingpos
PlayerActivity,"fieldingpos, gameid, id, pinchhit, team",inning
PlayerActivity,"gameid, id, pinchhit, pinchrun, team",battingpos
PlayerActivity,"gameid, id, pinchhit, pinchrun, team",inning
PlayerActivity,"fieldingpos, gameid, id, pinchrun, team",battingpos
PlayerActivity,"fieldingpos, gameid, id, pinchrun, team",inning
PlayerActivity,"fieldingpos, id, pinchhit, pinchrun, team",battingpos
PlayerActivity,"fieldingpos, id, pinchhit, pinchrun, team",inning
PlayerActivity,"battingpos, fieldingpos, gameid, pinchhit, pinchrun, playerid",inning
PlayerActivity,"battingpos, fieldingpos, gameid, id, pinchhit, playerid",inning
PlayerActivity,"battingpos, fieldingpos, gameid, pinchhit, playerid, team",inning
PlayerActivity,"battingpos, gameid, id, pinchhit, pinchrun, playerid",inning
PlayerActivity,"battingpos, gameid, pinchhit, pinchrun, playerid, team",inning
PlayerActivity,"battingpos, gameid, id, pinchhit, playerid, team",inning
PlayerActivity,"battingpos, fieldingpos, gameid, id, pinchrun, playerid",pinchhit
PlayerActivity,"battingpos, fieldingpos, gameid, id, pinchrun, playerid",inning
PlayerActivity,"battingpos, fieldingpos, gameid, pinchrun, playerid, team",pinchhit
PlayerActivity,"battingpos, fieldingpos, gameid, pinchrun, playerid, team",inning
PlayerActivity,"battingpos, fieldingpos, gameid, id, playerid, team",pinchhit
PlayerActivity,"battingpos, fieldingpos, gameid, id, playerid, team",inning
PlayerActivity,"battingpos, gameid, id, pinchrun, playerid, team",pinchhit
PlayerActivity,"battingpos, gameid, id, pinchrun, playerid, team",inning
PlayerActivity,"battingpos, fieldingpos, id, pinchhit, pinchrun, playerid",inning
PlayerActivity,"battingpos, fieldingpos, pinchhit, pinchrun, playerid, team",inning
PlayerActivity,"battingpos, fieldingpos, id, pinchhit, playerid, team",inning
PlayerActivity,"battingpos, id, pinchhit, pinchrun, playerid, team",inning
PlayerActivity,"battingpos, fieldingpos, id, pinchrun, playerid, team",pinchhit
PlayerActivity,"battingpos, fieldingpos, id, pinchrun, playerid, team",inning
PlayerActivity,"battingpos, fieldingpos, gameid, id, pinchhit, pinchrun",inning
PlayerActivity,"battingpos, fieldingpos, gameid, pinchhit, pinchrun, team",inning
PlayerActivity,"battingpos, fieldingpos, gameid, id, pinchhit, team",inning
PlayerActivity,"battingpos, gameid, id, pinchhit, pinchrun, team",inning
PlayerActivity,"battingpos, fieldingpos, gameid, id, pinchrun, team",pinchhit
PlayerActivity,"battingpos, fieldingpos, gameid, id, pinchrun, team",inning
PlayerActivity,"battingpos, fieldingpos, id, pinchhit, pinchrun, team",inning
PlayerActivity,"fieldingpos, gameid, id, pinchhit, pinchrun, playerid",battingpos
PlayerActivity,"fieldingpos, gameid, id, pinchhit, pinchrun, playerid",inning
PlayerActivity,"fieldingpos, gameid, pinchhit, pinchrun, playerid, team",inning
PlayerActivity,"fieldingpos, gameid, id, pinchhit, playerid, team",battingpos
PlayerActivity,"fieldingpos, gameid, id, pinchhit, playerid, team",inning
PlayerActivity,"gameid, id, pinchhit, pinchrun, playerid, team",battingpos
PlayerActivity,"gameid, id, pinchhit, pinchrun, playerid, team",inning
PlayerActivity,"fieldingpos, gameid, id, pinchrun, playerid, team",battingpos
PlayerActivity,"fieldingpos, gameid, id, pinchrun, playerid, team",inning
PlayerActivity,"fieldingpos, id, pinchhit, pinchrun, playerid, team",battingpos
PlayerActivity,"fieldingpos, id, pinchhit, pinchrun, playerid, team",inning
PlayerActivity,"fieldingpos, gameid, id, pinchhit, pinchrun, team",battingpos
PlayerActivity,"fieldingpos, gameid, id, pinchhit, pinchrun, team",inning
PlayerActivity,"battingpos, fieldingpos, gameid, id, pinchhit, pinchrun, playerid",inning
PlayerActivity,"battingpos, fieldingpos, gameid, pinchhit, pinchrun, playerid, team",inning
PlayerActivity,"battingpos, fieldingpos, gameid, id, pinchhit, playerid, team",inning
PlayerActivity,"battingpos, gameid, id, pinchhit, pinchrun, playerid, team",inning
PlayerActivity,"battingpos, fieldingpos, gameid, id, pinchrun, playerid, team",pinchhit
PlayerActivity,"battingpos, fieldingpos, gameid, id, pinchrun, playerid, team",inning
PlayerActivity,"battingpos, fieldingpos, id, pinchhit, pinchrun, playerid, team",inning
PlayerActivity,"battingpos, fieldingpos, gameid, id, pinchhit, pinchrun, team",inning
PlayerActivity,"fieldingpos, gameid, id, pinchhit, pinchrun, playerid, team",battingpos
PlayerActivity,"fieldingpos, gameid, id, pinchhit, pinchrun, playerid, team",inning
PlayerActivity,"battingpos, fieldingpos, gameid, id, pinchhit, pinchrun, playerid, team",inning
